id,name,type,entity_type,group_owner,status,city,state,zip,address,notes,created_at,updated_at,cid
b229a9d7-18d5-4c74-aabe-6406f8e1464d,"Youssefi, Abbas & Zahra",personal,,,active,Houston,TX,77024,11760 Cawdor Way,,2026-07-08 15:12:55.421854+00:00,2026-07-08 15:12:55.421854+00:00,916
b5a9829d-d443-48e7-8639-b5187f00246e,Engage IQ Labs LLC,business,,Benny Singh,active,Sheridan,WY,82801,1309 Coffeen Ave Ste 1200,,2026-07-06 04:10:02.219940+00:00,2026-07-08 15:11:34.550039+00:00,947
34c9d3b7-d581-4258-8740-cff6da97e618,Somji Eye Associates PLC (dba Horizon Eye Care & Optical),business,,,active,Sugar Land,TX,77479,"7427 Branford Pl., Ste 2",,2026-07-06 04:10:02.734801+00:00,2026-07-08 15:12:04.415727+00:00,793
854db09d-4762-4c38-b645-b35e1ae73fd1,Fazeli Investment Group LLC,business,,Altousa,active,Katy,TX,77450,3919 Belvoir Park Dr.,,2026-07-06 04:10:02.219940+00:00,2026-07-08 15:11:35.572459+00:00,272
3ab58cb9-fd0c-4f1a-a5f6-e0c8bec1221c,India House Inc,business,,,active,Houston,TX,77031,8888 W. Bellfort St.,,2026-07-06 04:10:02.400270+00:00,2026-07-08 15:11:41.620699+00:00,377
d02b665d-a0ab-4c63-a74f-bf1719ca909e,2607 Grant LLC,business,,Fred & Soodi Sharifi Family P'Ship,active,Houston,TX,77006,1915 Commonwealth St Ste 200,,2026-07-06 04:10:01.694796+00:00,2026-07-08 15:11:20.057828+00:00,6
60b9bbb0-988b-4e9a-abc3-25c21e59ade8,Evoltik International Inc,business,,,active,Canton,MI,48188,2342 Premier Ln.,,2026-07-06 04:10:02.219940+00:00,2026-07-08 15:11:35.061152+00:00,266
5a5d035e-b0ae-4bd6-bfd9-581591efa0c3,ASTM Ventures LLC,business,,Shah,active,Katy,TX,77845,7514 San Clemente Point Ct.,,2026-07-06 04:10:01.694796+00:00,2026-07-08 15:11:26.253255+00:00,94
16f94eab-4f42-4ec9-9541-5679a622c765,ISPADA LLC,business,,Eduardo,active,Houston,TX,77047,14706 Park Almeda Dr.,,2026-07-06 04:10:02.400270+00:00,2026-07-08 15:11:42.030340+00:00,383
6043067f-8f69-41f4-b2af-90f967e80494,Chawla Enterprises LLC  (dba RC Property Management),business,,Vipandeep,active,Houston,TX,77063,7520 Chevy Chase Dr.,,2026-07-06 04:10:02.219940+00:00,2026-07-08 15:11:30.557558+00:00,178
25c788d8-ee4c-496a-9e60-3efec715c38a,Flex Space Connect LLC,business,,Hamza,active,Sugar Land,TX,77479,18706 University Blvd.,,2026-07-06 04:10:02.219940+00:00,2026-07-08 15:11:35.879278+00:00,278
7599faa9-a6a6-4d8a-99be-bf5c3cb67916,Frisco 3056 Preston LLC,business,,Saritha,active,W Lake Hills,TX,78746,12 Sugar Shack Dr.,,2026-07-06 04:10:02.219940+00:00,2026-07-08 15:11:36.597096+00:00,289
55192a95-4a3c-4bc7-be9c-b9a0049d91c4,Mohammed J. Ebrahim Family Trust,business,,Ebrahim Mo & Ali,active,Bellaire,TX,77401,"4951 Terminal St., Ste G",,2026-07-06 04:10:02.573696+00:00,2026-07-08 15:11:51.482080+00:00,554
675b26d0-e9df-4816-8b8d-410fcb7d6998,Mumu Mandarin LLC,business,,Reza Chawla,active,Houston,TX,77024,10702 Memorial Cv.,,2026-07-06 04:10:02.573696+00:00,2026-07-08 15:11:52.302051+00:00,575
b5cc3c0d-c849-4218-bc3a-4a0af321e3b7,North Texas Rheumatology PA,business,,Dr Subhash Bannerji,active,Dallas,TX,75231,"8220 Walnut Hill Ln., Ste 414",,2026-07-06 04:10:02.573696+00:00,2026-07-08 15:11:54.257707+00:00,605
08dcfa31-59d9-4efc-bd76-c9119198ee4a,Houston Direct LLC,business,,Amanul Syed,active,Houston,TX,77036,"7211 Regency Square, Ste 203",,2026-07-06 04:10:02.400270+00:00,2026-07-08 15:11:40.597363+00:00,366
739b0872-3aa5-4092-ad7c-75187e1951d5,IDHIKA LLC,business,,,active,Houston,TX,77094,"15915 Katy Freeway, Ste 645",,2026-07-06 04:10:02.400270+00:00,2026-07-08 15:11:41.109017+00:00,372
cc6f12f0-faa2-44a3-95de-2d1d0d2c535a,Jain Management LLC,business,,RPBS/Vibhore Jain,active,Sugar Land,TX,77479,4519 Wentworth Ave.,,2026-07-06 04:10:02.400270+00:00,2026-07-08 15:11:42.545059+00:00,390
4a5749fc-93ab-49f4-b553-7afa4954c812,Royal Logistics & Warehousing Inc,business,,RPBS/Outside Shareholders,active,Houston,TX,77272,PO Box 722241,,2026-07-06 04:10:02.573696+00:00,2026-07-08 15:12:00.099607+00:00,712
c9932ba4-1482-4a68-a083-fd76864fca67,J Khan Ventures LLC,business,,,active,Nederland,TX,77627,127 N Twin City Hwy,,2026-07-06 04:10:02.400270+00:00,2026-07-08 15:11:42.234900+00:00,386
564b1a8c-37d4-4ebf-85b9-aa9ab7f5eb1e,Jhaveri Squared LLC,business,,Shefali,active,Houston,TX,77057,"6222 Richmond Ave., Ste 799",,2026-07-06 04:10:02.400270+00:00,2026-07-08 15:11:43.572557+00:00,406
5ddde397-ce1c-4439-b948-a16b975b8554,Jhan Foods LLC (dba Khaugully Indian Kitchen),business,,,active,Spring,TX,77389,25303 Fawn Point Ct.,,2026-07-06 04:10:02.400270+00:00,2026-07-08 15:11:43.058496+00:00,401
b53a68a1-7433-46c8-966d-17e316f79bf5,Joshua Ventures LLC,business,,Shah,active,Katy,TX,77494,7514 San Clemente Point Ct.,,2026-07-06 04:10:02.400270+00:00,2026-07-08 15:11:43.982788+00:00,415
717c57dd-72ba-4c47-84b3-f5b040cec140,Kalcorp Enterprises Inc,business,,Kalcorp,active,College Station,TX,77840,303 University Dr. East,,2026-07-06 04:10:02.400270+00:00,2026-07-08 15:11:44.394826+00:00,420
6a2fc88c-6d08-4987-a293-39689ef19f20,KB Kitchen & Bath Remodeling LLC,business,,Sam Samara Group,active,Houston,TX,77077,13326 Westheimer Road Ste A,,2026-07-06 04:10:02.400270+00:00,2026-07-08 15:11:44.911377+00:00,431
44dcaf0c-b7dd-41b1-a071-77d15b76d0b8,La Chula Mexican Restaurant Bar LLC,business,,,active,Katy,TX,77449,"3111 Fry Rd., Ste 403",,2026-07-06 04:10:02.400270+00:00,2026-07-08 15:11:45.833671+00:00,460
ca80676f-b2e7-4657-bd0f-95a5f823c01d,LDH 2020 LLC (dba Diamond Food Mart),business,,,active,Beaumont,TX,77705,3404 Washington Blvd.,,2026-07-06 04:10:02.400270+00:00,2026-07-08 15:11:46.141120+00:00,464
0e5932c0-52ed-4e3b-91a4-c0e5331aaac8,Shah Haleem Brokerage LLC,business,,Shah,active,Katy,TX,77494,7514 San Clemente Point Ct.,,2026-07-06 04:10:02.734801+00:00,2026-07-08 15:12:02.571647+00:00,749
eed164ea-0e37-4647-a96e-82e434ffc5f8,Skandas Investments LLC,business,,,active,Sugar Land,TX,77479,906 Arden Oaks Dr.,,2026-07-06 04:10:02.734801+00:00,2026-07-08 15:12:03.494453+00:00,779
9d01bbac-9bb4-4179-a432-67473bea0edd,Smile Foundation USA Inc,business,,,active,Stafford,TX,77477,"4800 Sugar Grove Blvd., Ste 317",,2026-07-06 04:10:02.734801+00:00,2026-07-08 15:12:03.801829+00:00,782
a8617946-07aa-4c62-a92d-226f6e0ae26e,SMZJ Holdings LLC,business,,Shah,active,Katy,TX,77494,7514 San Clemente Point Ct.,,2026-07-06 04:10:02.734801+00:00,2026-07-08 15:12:03.904255+00:00,783
bab5ac00-dd94-4511-8ff8-871508cf60e2,Skyline Holdings Inc,business,,,active,Factoryville,PA,18419,65 Windsock Ln.,,2026-07-06 04:10:02.734801+00:00,2026-07-08 15:12:03.596794+00:00,780
d7d3f8ff-bec6-4a6f-93e1-2533a625c589,Solitara LLC,business,,Shefali,active,Houston,TX,77057,"6222 Richmond Ave., Ste 799",,2026-07-06 04:10:02.734801+00:00,2026-07-08 15:12:04.313417+00:00,789
e1d1f165-76ca-4c26-aaaf-2df16371597f,Spill Containment Solutions Inc,business,,Josh Davis,active,Pearland,TX,77584,4181 Magnolia St.,,2026-07-06 04:10:02.734801+00:00,2026-07-08 15:12:04.824970+00:00,799
edcf9d86-fc39-4497-bede-5810d670c262,SS Marketing Inc,business,,RPBS/Outside Shareholders,active,Stafford,TX,77477,"4755 Alpine Dr., Ste 100-B",,2026-07-06 04:10:02.734801+00:00,2026-07-08 15:12:05.131697+00:00,803
51345320-fb34-459c-9a4f-91aa953fef25,SQ Organization Inc,business,,RPBS/Outside Shareholders,active,Houston,TX,77036,"6201 Bonhomme Rd., Ste 411-S",,2026-07-06 04:10:02.734801+00:00,2026-07-08 15:12:05.029461+00:00,801
969859c3-5de5-48f8-8f66-44e175a3dd77,Sontrin Apartments LLC,business,,Shonali,active,Houston,TX,77071,7800 W Airport Blvd.,,2026-07-06 04:10:02.734801+00:00,2026-07-08 15:12:04.620490+00:00,796
80989316-56a6-4c8d-8692-0602164f4e7b,Spicy Tango LLC,business,,,active,Katy,TX,77494,8011 Catalina Island Dr.,,2026-07-06 04:10:02.734801+00:00,2026-07-08 15:12:04.722666+00:00,798
4315d4c3-fb7f-42ec-96e3-25a2cfd95d23,TX99 Holdings LLC,business,,Shah,active,Katy,TX,77494,7514 San Clemente Point Ct.,,2026-07-06 04:10:02.734801+00:00,2026-07-08 15:12:10.157251+00:00,870
937d43b2-e192-4bf0-ab92-f319cfe30df3,"Ebrahim, Asad",personal,,,active,Houston,TX,77063,7811 Overbrook Ln.,,2026-07-06 04:10:03.040253+00:00,2026-07-08 15:12:25.417323+00:00,249
20ef8ad8-5bbd-4b20-b5f7-ef9cb14649ac,"Fulton, Dallas DaVarr",personal,,,active,Houston,TX,77010,"1400 McKinney St., Unit 3505",,2026-07-06 04:11:28.724525+00:00,2026-07-08 15:12:26.748262+00:00,291
d7025d92-5180-4835-9d30-f90c3f776462,Amvilal Group LLC,business,,Shonali,active,Houston,TX,77035,4410 Kinglet St.,,2026-07-06 04:10:01.694796+00:00,2026-07-08 15:11:25.125090+00:00,78
59588a3a-1557-43df-aa90-0671dfae2489,"Brock, Peter",personal,,,active,Austin,TX,78737,373 Mendocino Lane,,2026-07-06 04:10:03.040253+00:00,2026-07-08 15:12:20.701849+00:00,155
9353b8a7-7e10-451e-92f1-1012e557c916,American Linen LLC,business,,Ebrahim Mo & Ali,active,Bellaire,TX,77036,"4951 Terminal St., Ste G",,2026-07-06 04:10:01.694796+00:00,2026-07-08 15:11:24.920119+00:00,76
be554259-3d55-41fe-9c1a-23d61d788f2e,Ahmed Rehmani & Aliza Khan,personal,,,active,Houston,TX,77055,13 Hickory Shadows Dr,,2026-07-06 04:10:02.887855+00:00,2026-07-08 15:12:15.280704+00:00,52
5551f5fe-ad16-4d4f-a284-bc7bf38dfb1e,"Gupta, Dinesh & Vinod",personal,,,active,Houston,TX,77083,8603 Rose Garden Dr.,,2026-07-06 04:10:03.040253+00:00,2026-07-08 15:12:29.303196+00:00,333
fbde43f8-27bb-4c6e-b163-b0faa14c50bd,Amviram Holdings Ltd,business,,Shonali,active,Houston,TX,77035,4410 Kinglet St.,,2026-07-06 04:10:01.694796+00:00,2026-07-08 15:11:25.331002+00:00,80
eaff740a-e5a3-4cb9-8a29-0b87836528be,APS Organization Inc,business,,RPBS/Outside Shareholders,active,Stafford,TX,77024,"4755 Alpine Rd., Ste 100B",,2026-07-06 04:10:01.694796+00:00,2026-07-08 15:11:25.637905+00:00,87
2ebd49e6-6c9b-4348-bb55-a7d7995bdb70,SSKD GP LLC,business,,Saritha,active,W Lake Hills,TX,78746,12 Sugar Shack Dr.,,2026-07-06 04:10:02.734801+00:00,2026-07-08 15:12:05.336304+00:00,805
eda4a7d8-801d-4a1f-a7e4-830a40a7eddd,American Book Buy.Com Inc (MI),business,,RPBS/Outside Shareholders,active,Detroit,TX,77401,"645 Griswold St., Ste 1300",,2026-07-06 04:10:01.694796+00:00,2026-07-08 15:11:24.816034+00:00,75
e52878a8-47db-473f-9545-4062be1f70e7,Stripes Burrito Mgmt LLC,business,,VKC,active,Sugar Land,TX,77478,322 Julie Rivers Dr.,,2026-07-06 04:10:02.734801+00:00,2026-07-08 15:12:06.054213+00:00,814
f5ad871a-2155-46f3-b990-67c55fd43acb,Stoic Services LLC,business,,Cathi Davis,active,Cospus Christi,TX,78460,PO Box 10118,,2026-07-06 04:10:02.734801+00:00,2026-07-08 15:12:05.747209+00:00,809
18831ebf-c361-4755-974c-a6103a05e75c,Stripes Burrito LLC,business,,VKC,active,Sugar Land,TX,77478,322 Julie Rivers Dr.,,2026-07-06 04:10:02.734801+00:00,2026-07-08 15:12:05.951821+00:00,813
7c6927a4-623a-4d44-8a64-97c0929ad879,Stonecliff Holdings LP,business,,Khemka,active,Sugar Land,TX,77479,26 Stonecliff Cir.,,2026-07-06 04:10:02.734801+00:00,2026-07-08 15:12:05.849484+00:00,810
a338733c-612d-4153-a993-61c2011cd329,Stripes Real Estate LLC,business,,VKC,active,Sugar Land,TX,77479,3102 Barrons Way,,2026-07-06 04:10:02.734801+00:00,2026-07-08 15:12:06.159267+00:00,815
a22b8384-32b7-4ae6-921e-e00c17d1f5d1,Stephen E Merritt Estate,business,,,active,Spring,TX,77380,5 Box Turtle Ln.,,2026-07-06 04:10:02.734801+00:00,2026-07-08 15:12:05.540807+00:00,807
b34f829a-b199-49e2-8b66-a5c523f1c6fa,The Devan Kotagiri IRRV TR,business,,Saritha,active,W Lake Hills,TX,78746,12 Sugar Shack Dr.,,2026-07-06 04:10:02.734801+00:00,2026-07-08 15:12:08.413487+00:00,845
2ffb8a4a-10a1-4ba8-a1fc-6bea8a846b88,Thirteen Facets LLC,business,,,active,Houston,TX,77019,1337 W Bell St.,,2026-07-06 04:10:02.734801+00:00,2026-07-08 15:12:09.232914+00:00,853
2c682161-5699-49e1-9146-64eae889bc15,The Langford at Telegraph LLC (MI),business,,John Page,active,Pearland,TX,77584,"2222 County Rd. 90, Ste 111",,2026-07-06 04:10:02.734801+00:00,2026-07-08 15:12:08.926039+00:00,850
8d32ec01-b9b1-47fe-9fd5-ceb6b3ac4134,The Kishinevsky Law Firm PLLC,business,,,active,Houston,TX,77040,"13831 Northwest Fwy, Ste 312",,2026-07-06 04:10:02.734801+00:00,2026-07-08 15:12:08.617992+00:00,847
3732e311-9ff0-4d50-a0db-1e5dbede8db5,The Kaveri Kotagiri IRRV Trust,business,,Saritha,active,W Lake Hills,TX,78746,12 Sugar Shack Dr.,,2026-07-06 04:10:02.734801+00:00,2026-07-08 15:12:08.515692+00:00,846
56146cb8-d889-4968-9cc1-fdea5e74272e,The Langford at Telegraph II LLC (MI),business,,,active,Pearland,TX,77584,"2222 County Rd. 90, Ste 111",,2026-07-06 04:10:02.734801+00:00,2026-07-08 15:12:08.823622+00:00,849
3c6544b3-bbec-4a61-ad9f-861c5dec1159,Third City Properties LLC,business,,,active,Houston,TX,77008,1523 Yale St.,,2026-07-06 04:10:02.734801+00:00,2026-07-08 15:12:09.130576+00:00,852
74890b08-68ed-4530-a16e-ac4206b75df6,The Langford at Seven Mile LLC (MI),business,,John Page,active,Pearland,TX,77584,"2222 County Rd. 90, Ste 111",,2026-07-06 04:10:02.734801+00:00,2026-07-08 15:12:08.721380+00:00,848
8a745126-94f2-4f6a-8033-13d5e24416bc,Total Air Masters AC & Heating Inc,business,,,active,Katy,TX,77450,21030 Somerset Park Ln.,,2026-07-06 04:10:02.734801+00:00,2026-07-08 15:12:09.437590+00:00,858
6c3d3e0e-960b-4a36-a754-9673129d2672,Transcendent Birth LLC,business,,,active,Rosenberg,TX,77469,911 Butterfly Ln.,,2026-07-06 04:10:02.734801+00:00,2026-07-08 15:12:09.642237+00:00,860
ab950795-7d06-40e3-950c-03df2896bd29,Touch-Tel USA LLC,business,,Amanul Syed,active,Houston,TX,77036,"7211 Regency Square, Ste 203",,2026-07-06 04:10:02.734801+00:00,2026-07-08 15:12:09.539968+00:00,859
636406be-493e-48b7-ac72-936052489bd1,Ugra Holding LLC,business,,Benny Singh,active,Sheridan,WY,82801,1309 Coffeen Ave Ste 1200,,2026-07-06 04:10:02.734801+00:00,2026-07-08 15:12:10.259484+00:00,949
e5eac935-bab0-4b00-aea8-498dc02c2729,Trobel Consulting LLC,business,,RPBS/Avi Jain,active,Sugar Land,TX,77479,6107 Bargo River Ct.,,2026-07-06 04:10:02.734801+00:00,2026-07-08 15:12:09.744532+00:00,863
6f8422f3-32d8-4a75-a5e9-11064926e465,Two Laxmis LLC,business,,,active,Sugar Land,TX,77479,7106 Habersham Ave.,,2026-07-06 04:10:02.734801+00:00,2026-07-08 15:12:10.053860+00:00,869
26ba5bca-be7f-46f4-9157-c77f9a6b45ab,Trutek LLC,business,,Harpal Dhaliwal,active,Katy,TX,77494,5511 Hazel Berry Way,,2026-07-06 04:10:02.734801+00:00,2026-07-08 15:12:09.849139+00:00,866
d5866313-6277-45bf-b856-320eeabb0a24,Top Spin Realty LLC,business,,Dr Bushra,active,Houston,TX,77027,4015 Richmond Ave.,,2026-07-06 04:10:02.734801+00:00,2026-07-08 15:12:09.335299+00:00,857
aafd2396-1d7f-4008-bf00-b7ffab1923f1,Two Corgis Management Series LLC,business,,,active,Wichita Falls,TX,76035,21 River Creek Est.,,2026-07-06 04:10:02.734801+00:00,2026-07-08 15:12:09.951481+00:00,868
eaacb5b8-e480-44a0-ac75-099dd80f582a,USA Strategic Ventures LLC,business,,,active,Houston,TX,77082,3324 Bridgeberry Ln,,2026-07-06 04:10:02.734801+00:00,2026-07-08 15:12:10.771005+00:00,943
e497619d-9e1a-4831-9a40-16652f3e74b2,Zulfik Enterprises Inc,business,,Farida Mangalji,active,Houston,TX,77057,5720 Longmont Ln.,,2026-07-06 04:10:02.887855+00:00,2026-07-08 15:12:13.942773+00:00,921
e799c92f-96d6-43ad-ad14-4691128199bb,V & A Partnership Ltd,business,,RPBS/Vibhore Jain,active,Sugar Land,TX,77479,6526 Tarrion Bay Ln.,,2026-07-06 04:10:02.887855+00:00,2026-07-08 15:12:10.873376+00:00,877
402d37f5-9487-4c1d-ad01-6b5467e6cb6c,Unbridaled Diamonds Inc,business,,Vikas Sodhani,active,Houston,TX,77057,"6222 Richmond Ave., Ste 470",,2026-07-06 04:10:02.734801+00:00,2026-07-08 15:12:10.361680+00:00,873
166ed87f-4018-424c-8f82-1d4e4e8d49bf,USA Investment Group LLC,business,,Sam Samara,active,Houston,TX,77077,13326 Westheimer Rd Ste A,,2026-07-06 04:10:02.734801+00:00,2026-07-08 15:12:10.668664+00:00,922
a9b977f8-7805-4e3f-8673-2f9465625e41,Unique Concepts Construction LLC,business,,,active,Sealy,TX,77474,13980 FM 1458,,2026-07-06 04:10:02.734801+00:00,2026-07-08 15:12:10.566416+00:00,875
124fae7a-d008-4bc4-97bd-ec1488c0b449,"Al-Banna Omar, Samara Lubna",personal,,,active,Houston,TX,77007,5451 Larkin Street,,2026-07-06 04:10:02.887855+00:00,2026-07-08 15:12:15.996588+00:00,924
01833618-4467-4f68-9124-142210979fb2,"Didwania, Tarun & Mohini",personal,,,active,Rosenberg,TX,77471,5034 Lacebark Pine Trail,,2026-07-06 04:10:03.040253+00:00,2026-07-08 15:12:24.287642+00:00,228
9cf77b07-91bb-4ce2-a276-e2f5120d6578,Hollie Chauncey & Erin,personal,,,active,Katy,TX,77493,424 Starlight Grove Ct,,2026-07-06 04:10:03.040253+00:00,2026-07-08 15:12:31.143196+00:00,362
916be1ce-008c-4152-aa16-e08290644ace,"Pasala, Jayanand & Bandaru, Josephine",personal,,,active,Pearland,TX,77584,2926 Fallscreek Ct.,,2026-07-06 04:10:03.364140+00:00,2026-07-08 15:12:43.644523+00:00,629
35bb9bbf-10ba-4bb0-b843-bfb4f7f2ea5a,"Pasala, Paul & Bandaru, Aruna",personal,,,active,Houston,TX,77021,2932 Payson St.,,2026-07-06 04:10:03.364140+00:00,2026-07-08 15:12:43.849223+00:00,631
a5e18275-7203-4570-b3a3-bd42e6f3ad36,Patel Ruhi,personal,,,active,Sugar Land,TX,77479,5510 Linden Rose Ln,,2026-07-06 04:10:03.364140+00:00,2026-07-08 15:12:43.951498+00:00,923
8c0daebd-c703-4965-8fbd-3f49ed1b9ce9,Shamim Waheeda,personal,,,active,Belmont,MA,2478,16 B St Apt B,,2026-07-06 04:10:03.364140+00:00,2026-07-08 15:12:49.483467+00:00,753
3045d373-04ce-4462-9704-80c24e980fc0,"Sreeram, Amritaa M",personal,,,active,Houston,TX,77025,3834 Murworth Dr.,,2026-07-06 04:10:03.511032+00:00,2026-07-08 15:12:52.043684+00:00,802
b4edd1d1-6572-493c-bc57-66e5f2e20f94,"Hariz, Atif",personal,,,active,Houston,TX,77006,3420 Mount Vernon St Apt 1,,2026-07-06 04:10:03.040253+00:00,2026-07-08 15:12:30.325260+00:00,957
bcd101c1-d65f-4c39-a572-cf0076c47548,VanderMeulen Steven & Melissa,personal,,,active,Houston,TX,77077,12803 Westmere Dr,,2026-07-06 04:10:03.511032+00:00,2026-07-08 15:12:54.192241+00:00,936
51b04d37-14aa-451a-9c66-7f7bab178956,"Venkateswaran, Ramanathan & Padma",personal,,,active,Katy,TX,77493,3207 Lady Bird Ln,,2026-07-06 04:10:03.511032+00:00,2026-07-08 15:12:54.602521+00:00,886
e3d9d4f0-1dce-4be4-8436-2f7ce58bf987,Zainai Noorassihah & Sulong Ahmad Khairil A,personal,,,active,Spring,TX,77389,1600 Springwoods Plaza Dr Apt # 535,,2026-07-06 04:10:03.511032+00:00,2026-07-08 15:12:55.524147+00:00,917
4fad9cdc-ae1b-4d0c-8aef-5f4630b4ccf7,"D'Souza, Nikita",personal,,,active,Houston,TX,77049,6707 Wintergrove Ct.,,2026-07-06 04:10:03.040253+00:00,2026-07-08 15:12:24.905798+00:00,239
10892834-c154-46e6-ba16-a19a03ddc9e9,Canaan Shalom Logistics LLC,business,,Leslie Bernal,active,Houston,TX,77043,"10902 Katy Freeway, Unit 103",,2026-07-06 04:10:02.219940+00:00,2026-07-08 15:11:29.840738+00:00,167
00bfe910-40e2-4feb-b43f-7f40afbe4553,Hasan Ventures LLC,business,,,active,Katy,TX,77450,21015 Kelliwood Abror Ln.,,2026-07-06 04:10:02.400270+00:00,2026-07-08 15:11:40.085595+00:00,356
26eb616f-cef7-4138-9f42-d7a1e9140e60,Home You'll Love Real Estate LLC,business,,,active,Houston,TX,77056,3033 Chimney Rock Rd Suite 321,,2026-07-06 04:10:02.400270+00:00,2026-07-08 15:11:40.187969+00:00,963
6335d674-0e75-478f-b4c4-c89d318f03a8,Houston Bus Services Inc,business,,Ron,active,Houston,TX,77041,6421 W Sam Houston Pkwy N,,2026-07-06 04:10:02.400270+00:00,2026-07-08 15:11:40.495016+00:00,365
f06efba7-6692-43f0-9899-30ba1e82bca9,Hotel Kira LLC,business,,,active,Houston,TX,77092,4322 Marlborough Dr.,,2026-07-06 04:10:02.400270+00:00,2026-07-08 15:11:40.392731+00:00,364
eca4ad03-5f65-456c-9ab5-13caa5ff7163,Houston Squash & Fitness Club LLC,business,,Sadiq Mohd,active,Katy,TX,77450,22522 Arbor Stream Dr.,,2026-07-06 04:10:02.400270+00:00,2026-07-08 15:11:40.801990+00:00,367
7080a3c8-c18f-4f23-bf3f-de2160fc5261,Inca Roca Group Corp,business,,Parodi,active,Hockley,TX,77447,15015 House Rd.,,2026-07-06 04:10:02.400270+00:00,2026-07-08 15:11:41.518386+00:00,376
472ccb00-cf61-4886-b5bc-0df84b79543c,Houston Limos LLC,business,,Ron Group,active,Richmond,TX,77469,1714 Ruby Plains Ct,,2026-07-06 04:10:02.400270+00:00,2026-07-08 15:11:40.699609+00:00,469
7022faa1-33d2-453d-840d-d5e94d16c0a1,HV Consulting & Tech LLC,business,,,active,Katy,TX,77494,25140 Kinsgland Blvd Ste 100,,2026-07-06 04:10:02.400270+00:00,2026-07-08 15:11:41.006615+00:00,370
2517e1c7-9ac6-4bde-93a3-c4b03f957a31,HTS Jewelry LLC,business,,,active,Houston,TX,77057,6222 Richmond Ave Suite 810,,2026-07-06 04:10:02.400270+00:00,2026-07-08 15:11:40.904275+00:00,368
8f777e14-ce53-49e3-93c8-32489918e71d,Imran Dar MD PLLC,business,,Dr Bushra,active,Houston,TX,77027,4015 Richmond Ave.,,2026-07-06 04:10:02.400270+00:00,2026-07-08 15:11:41.415977+00:00,375
589a78b7-984a-4a5a-9a31-6871622daa76,INV Software Solutions LLC,business,,Jay Pasala,active,Pearland,TX,77584,2926 Fallscreek Ct.,,2026-07-06 04:10:02.400270+00:00,2026-07-08 15:11:41.825641+00:00,379
a36897e7-9a12-44ac-9a6b-cd36dfa2605d,International Sports Vision Association,business,,,active,Plano,TX,75024,7140 Preston Rd Ste 300,,2026-07-06 04:10:02.400270+00:00,2026-07-08 15:11:41.723282+00:00,378
f2b534a9-38a2-469f-9bb5-302923189472,"Kalimuddin, Malik",personal,,,active,Houston,TX,77024,213 Mayerling Dr.,,2026-07-06 04:10:03.205368+00:00,2026-07-08 15:12:32.984438+00:00,423
edd5eed6-5257-41a5-8c38-fa70268415b5,ANA Holding Corporation,business,,Sarah Alabaykan,active,Katy,TX,77477,"1842 Snake River Rd., Ste A",,2026-07-06 04:10:01.694796+00:00,2026-07-08 15:11:25.535548+00:00,82
682ec8a8-bb26-4657-ac95-d679d519890e,"Hacic, Charles Sr & Joanne",personal,,,active,Pearland,TX,77581,2916 Kensington Park,,2026-07-06 04:10:03.040253+00:00,2026-07-08 15:12:29.813583+00:00,340
7ef5d4bc-4157-4c43-b3dc-ad2a11b18182,"Kishinevsky, Leonid & Parthasarathi, Rashmi",personal,,,active,Houston,TX,77080,1909 Bluff Oak Dr.,,2026-07-06 04:10:03.205368+00:00,2026-07-08 15:12:35.446546+00:00,454
bc1c7008-8863-4d06-8e36-5dfc2bd5d659,"Haghshenas, Rubob",personal,,,active,Houston,TX,77041,13730 Somersworth Dr.,,2026-07-06 04:10:03.040253+00:00,2026-07-08 15:12:29.915627+00:00,342
cd9ea2a4-447b-42d5-adc8-3a36ba7b8330,"Haman, Mehran",personal,,,active,Houston,TX,77055,1425 A Adkins Rd.,,2026-07-06 04:10:03.040253+00:00,2026-07-08 15:12:30.120015+00:00,344
281a0209-1f23-4e07-a0df-4a7f80b7383d,"Hamdani, Ghazwan & Alhamdani, Ayat",personal,,,active,Houston,TX,77064,11117 Maynard Place,,2026-07-06 04:10:03.040253+00:00,2026-07-08 15:12:30.223111+00:00,345
ae410882-b05d-43e5-89e2-8acc8d2778ce,"Higgins, Crawford & Jeniffer",personal,,,active,Pearland,TX,77584,9717 Fair Brook Way,,2026-07-06 04:10:03.040253+00:00,2026-07-08 15:12:30.938604+00:00,360
28377624-07fe-45e0-9251-4868af1a57fb,"Hissaria, Mohit & Anjali",personal,,,active,Sugar Land,TX,77479,5032 Bellevue Falls Ln.,,2026-07-06 04:10:03.040253+00:00,2026-07-08 15:12:31.040815+00:00,361
4bf41a03-ff2c-4dff-8856-dfd32bffaf59,"Hurtado, Aaron & Lipi",personal,,,active,Richmond,TX,77469,9518 Wheatfield Ln.,,2026-07-06 04:10:03.040253+00:00,2026-07-08 15:12:31.245349+00:00,369
2d2e76bc-2516-499d-858d-f064fca98f4b,"James, Sheryl",personal,,,active,Houston,TX,77004,2613 Emancipation Ave.,,2026-07-06 04:10:03.205368+00:00,2026-07-08 15:12:32.064063+00:00,394
5c755327-7dcb-405c-a14b-327b0d771d30,"Javanmard, Raheleh",personal,,,active,Houston,TX,77024,"3919 Essex Ln., Apt 343",,2026-07-06 04:10:03.205368+00:00,2026-07-08 15:12:32.166269+00:00,399
df59a7c2-49f3-44f5-a59e-62f8ec995c16,"Jolly, Gaurav & Anupreet",personal,,,active,Missouri City,TX,77459,2114 Twin Rose Dr.,,2026-07-06 04:10:03.205368+00:00,2026-07-08 15:12:32.677609+00:00,413
8b4f16b9-b2f5-45fb-abe1-7ff7e246588a,"Khemka, Vijay & Uma",personal,,,active,Sugar Land,TX,77479,26 Stonecliff Circle,,2026-07-06 04:10:03.205368+00:00,2026-07-08 15:12:35.034727+00:00,449
0a53963e-b52d-4b41-ba97-0001c49bcff8,Kirmani Faisal & Shezi,personal,,,active,Houston,TX,77057,6115 Riverview Way,,2026-07-06 04:10:03.205368+00:00,2026-07-08 15:12:35.344109+00:00,452
8916ffd7-bfa3-480c-90f7-c54244163b5d,"Leslie, Samuel",personal,,,active,Houston,TX,77084,3403 Cobblestone Creek Way,,2026-07-06 04:10:03.205368+00:00,2026-07-08 15:12:35.957922+00:00,468
ff8a6459-1416-4f21-b2bc-925139516845,"Mahmood, Sadiqa",personal,,,active,Houston,TX,77027,"4725 Oakshire Dr., Apt B",,2026-07-06 04:10:03.205368+00:00,2026-07-08 15:12:36.674237+00:00,489
f9ba4a1e-6256-43da-9655-41253d353c79,"Majumdar, Shonali & Sreeram, Subhas",personal,,,active,Houston,TX,77035,4410 Kinglet St.,,2026-07-06 04:10:03.205368+00:00,2026-07-08 15:12:36.878907+00:00,492
1f3f1136-6b54-4516-ae2b-8bc9e64f0481,"Manek, Manju R",personal,,,active,Houston,TX,77057,5807 Augusta Ct.,,2026-07-06 04:10:03.205368+00:00,2026-07-08 15:12:37.595201+00:00,506
ea4efab5-908a-40cc-b987-37d93cd9c264,"Mangalji, Zein",personal,,,active,Houston,TX,77005,"2418 Quenby St., Unit B",,2026-07-06 04:10:03.205368+00:00,2026-07-08 15:12:38.210526+00:00,512
513795c0-81bb-4cf1-8828-5e03c8e958bc,Max Box Rentals LLC,business,,Josh Davis,active,Pearland,TX,77584,4181 Magnolia St.,,2026-07-06 04:10:02.400270+00:00,2026-07-08 15:11:49.326972+00:00,524
f9ce0fdf-8750-4dab-a26c-e7818f15791e,"Samara, Lubna",personal,,,active,Houston,TX,77082,3324 Bridgeberry Ln.,,2026-07-06 04:10:03.364140+00:00,2026-07-08 15:12:48.459544+00:00,730
8d5cc821-4641-4202-aef4-1cb6208e77ca,NKETechnica LLC,business,,Humaira,active,Katy,TX,77449,"1828 Snake River Rd., Ste A",,2026-07-06 04:10:02.573696+00:00,2026-07-08 15:11:53.949458+00:00,601
7873ecc3-8d55-41fc-a182-a5bfa2e7494d,"Bora, Rupam & Sangeeta",personal,,,active,Katy,TX,77494,2810 Sundance Summit Ln.,,2026-07-06 04:10:02.887855+00:00,2026-07-08 15:12:19.372214+00:00,141
df5393d0-f9cc-46ba-b9e4-dcd371a0a6cb,"Chitnis, Sagar & Vaishali",personal,,,active,Katy,TX,77494,8011 Catalina Island Dr.,,2026-07-06 04:10:02.219940+00:00,2026-07-08 15:12:21.725815+00:00,183
30833c06-8ec7-4690-bc40-2cbbaf0404f5,"Choudhary, Ravi & Mithuya",personal,,,active,Cypress,TX,77433,19203 Caney Creek Mills Ln.,,2026-07-06 04:10:03.040253+00:00,2026-07-08 15:12:21.828131+00:00,185
3c0a834b-62ea-4263-8392-f8c0fd2f91c1,"Samara, Mohammad",personal,,,active,Houston,TX,77082,3324 Bridgeberry Ln.,,2026-07-06 04:10:03.364140+00:00,2026-07-08 15:12:48.561803+00:00,731
75b37bff-2676-462a-9aec-26d79563253c,"Tzan, Kevin & Agrawal, Khushbu",personal,,,active,Bellaire,TX,77401,5309 Grand Lake St.,,2026-07-06 04:10:03.511032+00:00,2026-07-08 15:12:53.578121+00:00,871
93035a07-a8ea-41aa-b4dc-f54e1577514b,"Youssefi, Abbas & Zahra",personal,,,active,Houston,TX,77024,11760 Cawdor Way,,2026-07-06 04:10:03.511032+00:00,2026-07-08 19:07:01.225568+00:00,
829cae2d-3e90-4216-9695-c37a1ebe1a1a,"Freeze, Victoria",personal,,,active,Baytown,TX,77523,15222 E Chapparal,,2026-07-06 04:10:03.040253+00:00,2026-07-08 15:12:26.543134+00:00,288
d103f13e-2c33-47f1-b71b-ad61045b8404,"Gambhir, Paramjit & Ravinder",personal,,,active,Houston,TX,77064,10302 Minturn Ln.,,2026-07-06 04:10:03.040253+00:00,2026-07-08 15:12:27.157352+00:00,297
a7ed7550-f256-4f9a-b472-fb1d7a81b6e1,"Gomez, Katherine D",personal,,,active,New Caney,TX,77357,19983 Bethel Baptist Rd.,,2026-07-06 04:10:03.040253+00:00,2026-07-08 15:12:27.974979+00:00,312
f22eafd8-f9e6-4225-bf5b-ce34c877c817,5020 Page Properties LLC,business,,Baljit/B S Gambhir Family Ptr,active,Houston,TX,77006,402 Marshall St.,,2026-07-06 04:10:01.694796+00:00,2026-07-08 15:11:21.322678+00:00,18
ddde004f-5947-496b-90ae-b06e3eb60165,Canaan Shalom Transport LLC,business,,Leslie Bernal,active,Houston,TX,77043,"10902 Katy Freeway, Unit 103",,2026-07-06 04:10:02.219940+00:00,2026-07-08 15:11:29.943093+00:00,168
16d7d865-ce27-4c4a-9dbb-bb8816082659,Catalina Media Inc,business,,,active,Miami Beach,FL,33132,1900 N Bayshore #4502,,2026-07-06 04:10:02.219940+00:00,2026-07-08 15:11:30.250334+00:00,173
d8199ae1-4ff3-48dc-8f46-cec4a5b67899,Express Imports Inc,business,,,active,Pasadena,TX,77501,PO Box 923,,2026-07-06 04:10:02.219940+00:00,2026-07-08 15:11:35.163306+00:00,267
dee7d8d0-41cc-452b-941c-da8a01dcdc8e,FAPTL Series LLC,business,,Jamil Hasan,active,Houston,TX,77055,1212 Gray Moss Ln.,,2026-07-06 04:10:02.219940+00:00,2026-07-08 15:11:35.266049+00:00,269
8f8ecb30-689e-408d-bc5d-cd2613a49ddd,Farida and Ali Ebrahim Trust,business,,Ebrahim Mo & Ali,active,Bellaire,TX,77401,"4951 Terminal St., Ste G",,2026-07-06 04:10:02.219940+00:00,2026-07-08 15:11:35.368117+00:00,270
8b8626c4-1999-4955-8832-aba98a4b7fce,Fast & Best Auto LLC,business,,Altousa,active,Houston,TX,77063,8719 Pagewood Ln.,,2026-07-06 04:10:02.219940+00:00,2026-07-08 15:11:35.470346+00:00,271
57c9c248-1045-454a-b60e-f54961d407e9,Galaxy Interests Inc,business,,,active,Houston,TX,77289,PO Box 890367,,2026-07-06 04:10:02.219940+00:00,2026-07-08 15:11:36.904102+00:00,292
6a25dfc3-5320-445b-99df-7847db5271cd,Gambhirs Graustark Property LLC,business,,Baljit/B S Gambhir Family Ptr,active,Houston,TX,77006,402 Marshall St.,,2026-07-06 04:10:02.219940+00:00,2026-07-08 15:11:37.312829+00:00,298
eeb275ba-c789-4b62-a387-882f1c8e753a,Madeira Hospitality LLC,business,,,active,Hamilton,TX,76531,704 N Rice St.,,2026-07-06 04:10:02.400270+00:00,2026-07-08 15:11:47.477999+00:00,480
93085221-1ccf-423a-9a7f-fee3f2a90c4c,"Guerra, Michael & Kidawka-Guerra, Marcela",personal,,,active,Katy,TX,77450,20503 Hampshire Rocks Drive,,2026-07-06 04:10:03.040253+00:00,2026-07-08 15:12:28.486454+00:00,324
39d11ab6-7a23-4b1b-86b9-08f2a34cc59c,"Hacic, Charles & Ashley",personal,,,active,Arlington,TX,76015,2114 Westmoor Place,,2026-07-06 04:10:03.040253+00:00,2026-07-08 15:12:29.711514+00:00,339
a45c004a-4577-4743-9498-7cb80379eca6,"Kaltz, Felicia & McDonnald, Christopher",personal,,,active,Manvel,TX,77578,3007 Texas Trail Ln.,,2026-07-06 04:10:03.205368+00:00,2026-07-08 15:12:33.086633+00:00,424
fe8be727-bcbe-4b8c-a001-fe31974f7f6f,"Nasser, Shertaz & Sahera",personal,,,active,Houston,TX,77041,12310 Ballina Canyon Ct.,,2026-07-06 04:10:03.205368+00:00,2026-07-08 15:12:41.490873+00:00,582
424befac-56fe-48cf-bbc7-5e17874b5345,"Olumba, Sebastian & Assumpta",personal,,,active,Katy,TX,77494,2111 Saddlehorn Trail,,2026-07-06 04:10:03.364140+00:00,2026-07-08 15:12:42.620525+00:00,613
39151542-c0a1-4080-ac0e-af283e67f116,"Singh, Jodhvir & Kaur, Harvinder",personal,,,active,Houston,TX,77095,16534 Stone Prairie Dr,,2026-07-06 04:10:03.364140+00:00,2026-07-08 15:12:50.814227+00:00,774
a9c2483b-0eb4-4e35-8e22-20fc8a355d46,MJ Strategies LLC,business,,,active,Houston,TX,77057,5806 Augusta Ct,,2026-07-06 04:10:02.573696+00:00,2026-07-08 15:11:51.277146+00:00,552
1b253278-f5ba-42f0-ae40-764943406657,Bens 2025 LLC,business,,,active,Beaumont,NY,11510,3404 Washington Blvd.,,2026-07-06 04:10:01.694796+00:00,2026-07-08 15:11:27.894188+00:00,119
917e6832-6e0b-4f05-b5dd-632fed60b590,MEXBA LLC,business,,Amanul Syed,active,Houston,TX,77056,5412 Sturbridge Dr.,,2026-07-06 04:10:02.573696+00:00,2026-07-08 15:11:50.354562+00:00,538
b0da4a60-0794-4996-9beb-a354af8bd0e2,FF&E Solutions LLC,business,,,active,Houston,TX,77077,1230 Forest Home Dr.,,2026-07-06 04:10:02.219940+00:00,2026-07-08 15:11:35.777019+00:00,275
19b7bd1b-9654-4169-87e5-93728183aca3,Michigan Nine LLC,business,,John Page,active,Pearland,TX,77584,"2225 County Rd. 90, Ste 111",,2026-07-06 04:10:02.573696+00:00,2026-07-08 15:11:50.661230+00:00,543
4ca06662-ac8b-468a-b6ef-6553d89ffff9,Miller Wiley Franchises Corp,business,,Jimmy Miller,active,Huffman,TX,77336,814 Commons Way Ct.,,2026-07-06 04:10:02.573696+00:00,2026-07-08 15:11:50.868062+00:00,545
db8d57d7-feaa-44bc-a33b-4c8bfed8d92a,MG2 Enterprise LLC,business,,Malik,active,Liberty,TX,77575,"1924 Hwy 90, Ste A",,2026-07-06 04:10:02.573696+00:00,2026-07-08 15:11:50.558984+00:00,541
7df16417-2ab7-49a3-b746-b19eb76452e2,229.0,business,,Jamil Hasan,active,Houston,TX,77055,1212 Gray Moss Ln.,,2026-07-06 04:10:01.694796+00:00,2026-07-08 15:11:20.161461+00:00,7
f2d7a097-806e-4ed7-bbf3-b03a4082aa39,"Gupta, Binay & Rachana",personal,,,active,Sugar Land,TX,77479,5811 Lowther Landing Ct.,,2026-07-06 04:10:03.040253+00:00,2026-07-08 15:12:29.099232+00:00,331
937cd90d-33e5-4794-b9ac-49e0cd9d8b5b,Miran Holdings LLC,business,,Assem Ahmed,active,Houston,TX,77079,920 N Eldridge Pkwy,,2026-07-06 04:10:02.573696+00:00,2026-07-08 15:11:51.072752+00:00,548
f12b071e-027a-49cc-8704-d6cf4a25311a,"Bubenik, John & Kimberly",personal,,,active,Richmond,TX,77406,11827 Caprile Ct.,,2026-07-06 04:10:03.040253+00:00,2026-07-08 15:12:20.804314+00:00,158
c5ee5e68-3e04-4cfc-bc05-61f223658851,"Gandhi, Archana",personal,,,active,Martindale,TX,78655,121 River Lakes Ln.,,2026-07-06 04:10:03.040253+00:00,2026-07-08 15:12:27.259575+00:00,299
6513db58-fc45-4199-b7a1-bed9f5b42a20,"Ghodasara, Amrish & Krushbu, Vadalia",personal,,,active,Fulshear,TX,77441,5703 Caspian Falls Ln.,,2026-07-06 04:10:03.040253+00:00,2026-07-08 15:12:27.771385+00:00,307
e105fbca-ad03-4b45-809b-c5d6fd7d8519,"Jeansonne, Chad & Sharon",personal,,,active,Montgomery,TX,77316,52069 Weeren Rd.,,2026-07-06 04:10:03.205368+00:00,2026-07-08 15:12:32.268446+00:00,400
cb25b3be-ce7b-42a1-8240-6790e1a1bf57,MJM Lending LLC (dba/Trio Mortgage),business,,,active,Cypress,TX,77433,10611 Mayberry Heights Dr.,,2026-07-06 04:10:02.573696+00:00,2026-07-08 15:11:51.379632+00:00,553
72298e29-e9bc-4e84-9792-872504fccf6c,Moto2025 LLC,business,,,active,Beaumont,TX,77705,3404 Washington Blvd.,,2026-07-06 04:10:02.573696+00:00,2026-07-08 15:11:51.789359+00:00,563
b66b9de4-16b4-4bd8-a5dd-f2cb27a9de37,Mohan Lal Enterprises Inc,business,,,active,Houston,TX,77095,17206 Horsetooth Canyon Dr.,,2026-07-06 04:10:02.573696+00:00,2026-07-08 15:11:51.584730+00:00,555
9bdafc03-d56a-4d45-bdff-5432c5fe104f,"Bachez, Wendy & Carlos Delgado",personal,,,active,Richmond,TX,77406,21515 Prairie Crest Dr.,,2026-07-06 04:10:02.887855+00:00,2026-07-08 15:12:17.223965+00:00,103
ea4a85a7-f62c-458f-b791-5e43e11fa65d,"Ibrahim, Asad & Ahmad, Tania",personal,,,active,Katy,TX,774494,22919 Chaus Ct.,,2026-07-06 04:10:03.205368+00:00,2026-07-08 15:12:31.347506+00:00,371
d57fe1b3-e519-4f4c-989d-3f95eaa331fa,"Khan, Ali & Setara",personal,,,active,Houston,TX,77084,4903 Lattimore Creek Dr.,,2026-07-06 04:10:03.205368+00:00,2026-07-08 15:12:34.012088+00:00,436
52df0378-2abd-4d3b-8c3b-d8abdcdfd064,"Maheshwari, Manish & Shalini",personal,,,active,Fulshear,TX,77441,3422 Norwich Gardens,,2026-07-06 04:10:03.205368+00:00,2026-07-08 15:12:36.571943+00:00,488
89809cc7-4916-4e65-abd2-99bcf6a60bbb,"Hasan, Mohammed & Afsana",personal,,,active,Katy,TX,77450,21015 Kelliwood Arbor Ln.,,2026-07-06 04:10:03.040253+00:00,2026-07-08 15:12:30.734215+00:00,359
9097a39e-892a-4238-aa75-747642b56f01,Ferra Realty LLC,business,,,active,Houston,TX,77006,"3420 Mount Vernon St., Apt 1",,2026-07-06 04:10:02.219940+00:00,2026-07-08 15:11:35.674786+00:00,274
3fcdb6c6-e5b4-4a2d-a000-6de1f1647339,"Bowers, Brandon & Daphni",personal,,,active,Palacious,TX,77465,909 4th Street,,2026-07-06 04:10:02.887855+00:00,2026-07-08 15:12:19.678839+00:00,144
76da1441-75be-474f-9ba3-a2b29eb6b8f8,"Khatri, Yogesh",personal,,,active,Leander,TX,78641,3017 Silvergrass Cove,,2026-07-06 04:10:03.205368+00:00,2026-07-08 15:12:34.932423+00:00,446
c873f41e-6ca8-4fa6-a8ea-d5b778b78480,"Brar, Bobby & Simerdeep",personal,,,active,Houston,TX,77064,8606 Bridgefoot Ln.,,2026-07-06 04:10:02.887855+00:00,2026-07-08 15:12:20.394924+00:00,151
ce512ecf-99fc-449d-a1d8-ee46f562f392,"Desai, Viral & Purvi",personal,,,active,Sugar Land,TX,77479,5106 Olive Hill Rd.,,2026-07-06 04:10:03.040253+00:00,2026-07-08 15:12:23.571078+00:00,218
d78c1795-0f06-46a8-9dce-2dcbd520678b,"Ebrahim, Mustafa & Sadaf",personal,,,active,Houston,TX,77063,7811 Overbrook Ln.,,2026-07-06 04:10:03.040253+00:00,2026-07-08 15:12:25.724432+00:00,252
728e2664-8f8d-4552-aa37-41db39a3c7a6,"Green, Rolanda",personal,,,active,Spring,TX,77388,21614 Hales Hunt Ct.,,2026-07-06 04:10:02.219940+00:00,2026-07-08 15:12:28.282488+00:00,319
31ea528c-7895-4014-84cc-ef134c284533,"Hasan, Jamil & Sabneen",personal,,,active,Houston,TX,77055,1212 Gray Moss Ln.,,2026-07-06 04:10:03.040253+00:00,2026-07-08 15:12:30.632003+00:00,358
d68c49ca-d245-45ce-acb5-00be4223c142,"Karamchandani, Sia",personal,,,active,Katy,TX,77494,4618 Kings Landing Ln.,,2026-07-06 04:10:03.205368+00:00,2026-07-08 15:12:33.499542+00:00,428
96819ee1-617a-42ea-97db-2ba6de125dc4,"Khan, Waqas",personal,,,active,London,W3 6SF,United Kingdom,"27 Shakespeare Road, 1st Flr. Acton",,2026-07-06 04:10:03.205368+00:00,2026-07-08 15:12:34.421292+00:00,440
8bef0c0a-4c05-4166-8cdc-7475476de8aa,"Kumar, Vineet & Vineet, Payal",personal,,,active,Katy,TX,77494,2614 Kielder Shadow Ct.,,2026-07-06 04:10:03.205368+00:00,2026-07-08 15:12:35.651063+00:00,458
df68b798-22b1-486d-bcc0-fb2b6aafded5,"Mahajan, Rishabh & Anamika",personal,,,active,Cypress,TX,77433,17715 Broken Pass Ln.,,2026-07-06 04:10:03.205368+00:00,2026-07-08 15:12:36.162428+00:00,483
3d44c817-bfa1-4666-97a7-8437aa4abe9d,"Mahajan, Rochan",personal,,,active,Cypress,TX,77433,17715 Broken Pass Ln.,,2026-07-06 04:10:03.205368+00:00,2026-07-08 15:12:36.264744+00:00,484
d2c76df6-2bff-40ec-8499-a485ba4a8a10,"Mahajan, Sandeep",personal,,,active,Cypress,TX,77433,17715 Broken Pass Ln.,,2026-07-06 04:10:03.205368+00:00,2026-07-08 15:12:36.367149+00:00,485
fc4d5536-6019-4bbf-981e-9fd5cca845f6,"Martin, Larry & Beverly",personal,,,active,Meadow Place,TX,77477,11502 Brighton Ln.,,2026-07-06 04:10:03.205368+00:00,2026-07-08 15:12:38.313017+00:00,518
fa442885-8e95-44c0-ac85-4385c803c5b1,"Parker, Nabeela & Daniel",personal,,,active,Houston,TX,77095,8819 Hollow Banks,,2026-07-06 04:10:03.364140+00:00,2026-07-08 15:12:43.337525+00:00,625
72d18557-a5f9-4f8d-a16d-8c1b7590b18f,Ivaca Properties LLC,business,,,active,Richmond,TX,77406,"5614 W Grand Pkwy S., Ste 102",,2026-07-06 04:10:02.400270+00:00,2026-07-08 15:11:42.132611+00:00,384
376f7dfb-786b-486e-a3aa-b4520a1f2276,"Patil, Omkar",personal,,,active,Washington,DC,20001,"425 Massachusetts Ave NW., Apt 611",,2026-07-06 04:10:03.364140+00:00,2026-07-08 15:12:45.179608+00:00,644
c6edb7c8-18f6-40f4-8023-1fa4f3fe815a,"Potalapalli, Archana",personal,,,active,Longview,TX,75605,3008 Chase Woodway,,2026-07-06 04:10:03.364140+00:00,2026-07-08 15:12:45.691512+00:00,652
7975f2b7-975f-4061-92a5-fc1a5f402e8d,Lakh Enterprises LLC,business,,Amin Lakhani,active,Houston,TX,77024,224 Sugarberry Cir.,,2026-07-06 04:10:02.400270+00:00,2026-07-08 15:11:46.038377+00:00,462
3dbcb13f-7797-4bd6-bd2c-575382bbec6f,Leader Engineering Inc,business,,Vipandeep,active,Austin,TX,78731,"5900 Balcones Dr., Ste 100",,2026-07-06 04:10:02.400270+00:00,2026-07-08 15:11:46.243426+00:00,465
b6afe24c-17cf-4d9f-8891-9f73bc27d2ca,Jaadi Corporation,business,,,active,Lockhart,TX,78644,1207 South Colorado St.,,2026-07-06 04:10:02.400270+00:00,2026-07-08 15:11:42.337824+00:00,387
40d2eac9-2302-402b-a313-908cb154c6e3,Kirmani Investments LLC,business,,,active,Bellaire,TX,77401,4539 Wedgewood Dr,,2026-07-06 04:10:02.400270+00:00,2026-07-08 15:11:45.526645+00:00,453
3390b6d2-2bcd-4cc9-9ca7-9f6fd1d08814,"Sabzevari, Amir & Neda",personal,,,active,Houston,TX,77005,6504 Brompton Rd,,2026-07-06 04:10:03.364140+00:00,2026-07-08 15:12:47.845785+00:00,723
dbb393a6-b3ce-41ea-9ba1-d1c9f791aa66,KPJ Homes LLC,business,,,active,Missouri City,TX,77459,2306 Madewood Dr.,,2026-07-06 04:10:02.400270+00:00,2026-07-08 15:11:45.629082+00:00,456
cf5e3bda-bc84-4173-8bd6-14eb7776a369,"Siddiqi, Amaan & Anjum Kherani",personal,,,active,Houston,TX,77008,1231 Waverly St.,,2026-07-06 04:10:03.364140+00:00,2026-07-08 15:12:50.097516+00:00,766
926a4082-e620-4e03-acfb-784896e935c6,Little Star Smiles PLLC,business,,,active,Houston,TX,770987,3262 Westheimer Road Unit 422,,2026-07-06 04:10:02.400270+00:00,2026-07-08 15:11:46.757015+00:00,472
891e3a34-72fe-4b42-a3be-202d06472242,Live Oak Pat Booker LLC,business,,Saritha,active,W Lake Hills,TX,78746,12 Sugar Shack Dr.,,2026-07-06 04:10:02.400270+00:00,2026-07-08 15:11:46.860670+00:00,473
d478e07a-6374-45f5-b9f6-1d82111babb1,Lenora Energy Services LLC,business,,,active,Houston,TX,77094,"15915 Katy Freeway, Ste 645",,2026-07-06 04:10:02.400270+00:00,2026-07-08 15:11:46.345691+00:00,466
dee12cae-a768-4216-a7b6-ed673c0e5d62,LNC Group LLC,business,,,active,Katy,TX,77450,3502 Pedernales Trails Ln.,,2026-07-06 04:10:02.400270+00:00,2026-07-08 15:11:46.963016+00:00,474
40fd919b-61c2-4362-be9a-c540006abf7f,Lenora Energy Solutions LLC,business,,,active,Houston,TX,77094,15915 Katy Freeway Suite 645,,2026-07-06 04:10:02.400270+00:00,2026-07-08 15:11:46.450090+00:00,467
1e9838a3-1913-44fe-999b-3b84dd9c8dc2,Lonestar Derivatives Inc,business,,Manish Maheshwari,active,Fulshear,TX,77441,3422 Norwich Gardens Ln.,,2026-07-06 04:10:02.400270+00:00,2026-07-08 15:11:47.168003+00:00,476
11af9db5-0b1e-47ba-9b76-58d055c3c244,Linh Enterprises LLC,business,,Dr Almas,active,Montgomery,OH,45249,7874 Bicentennial Pl.,,2026-07-06 04:10:02.400270+00:00,2026-07-08 15:11:46.552557+00:00,470
05b41f25-e917-4f2d-b716-e454d95a22e7,Lonestar Steel & Tubing Inc,business,,,active,Houston,TX,77047,14706 Park Almeda Dr.,,2026-07-06 04:10:02.400270+00:00,2026-07-08 15:11:47.270212+00:00,478
329407d4-e484-4dc8-909e-3aae4556673c,MAA Clover Lane Inc,business,,Humaira Group,active,Levittown,NY,11756,3 Clover Lane,,2026-07-06 04:10:02.400270+00:00,2026-07-08 15:11:47.372543+00:00,479
2881ecb4-151b-4204-9252-3ca199f5d1d7,"Khetan, Rajkumar & Uma",personal,,,active,Sugar Land,TX,77479,1811 Ralston Branch Way,,2026-07-06 04:10:03.205368+00:00,2026-07-08 15:12:35.137080+00:00,450
d22555bc-870c-4dd3-8691-4aa975fed7e2,Maggie Property Management LLC,business,,Shah,active,Katy,TX,77494,7514 San Clemente Point Ct.,,2026-07-06 04:10:02.400270+00:00,2026-07-08 15:11:47.580361+00:00,481
c75d271c-3e6a-4628-91d3-2b5732c2839b,"Malik, Awais & Aneeza",personal,,,active,Cypress,TX,77433,10707 William Pass Ln.,,2026-07-06 04:10:03.205368+00:00,2026-07-08 15:12:36.981259+00:00,500
3e84bc80-c3d7-4539-a28d-fc030e62537b,Stillwood Properties LLC,business,,Jamil Hasan,active,Houston,TX,77055,1212 Gray Moss Ln.,,2026-07-06 04:10:02.734801+00:00,2026-07-08 15:12:05.643179+00:00,808
5266f54b-d722-4d62-9b9c-ead0f164d121,"Anand, Vikas & Supriya",personal,,,active,Houston,TX,77056,5443 John Dreaper Dr.,,2026-07-06 04:10:02.887855+00:00,2026-07-08 15:12:16.507905+00:00,83
6c8cc692-8bd6-4543-a52f-3befa8601ed1,"Khan, Abdullah & Sania",personal,,,active,Sugar Land,TX,77479,6914 Argonne Trl.,,2026-07-06 04:10:03.205368+00:00,2026-07-08 15:12:33.909860+00:00,435
0df9e241-279d-4c5c-b023-d006e737a9dc,"Strawn, Kent & Julie",personal,,,active,Houston,TX,77059,4311 Island Hills Dr.,,2026-07-06 04:10:03.511032+00:00,2026-07-08 15:12:52.145977+00:00,940
b4a1e977-0a17-4e79-95e9-f30040f10b0c,"Usmani, Saood & Abbasi, Aysha",personal,,,active,Richmond,TX,77469,9142 Royal Crest Ln.,,2026-07-06 04:10:03.511032+00:00,2026-07-08 15:12:53.782782+00:00,876
50a376a6-9f6f-4b1b-9e5b-74a73f1a8a8b,"Varghese, Premod & Rampersad, Iskh",personal,,,active,Katy,TX,77494,4123 Stilton Lake Ln.,,2026-07-06 04:10:03.511032+00:00,2026-07-08 15:12:54.294486+00:00,882
d42eb739-4378-449f-9075-b60cd8a51ab9,1624 Bonnie Brae LLC,business,,Baljit Gambhir,active,Houston,TX,77004,2507 Calumet St.,,2026-07-06 04:10:01.694796+00:00,2026-07-08 15:11:19.748140+00:00,3
d276d5cb-0170-49da-a33d-f717eda18c50,H & P Wealth Management LLC,business,,,active,Houston,TX,77095,17051 Eldoro Canyon Ln.,,2026-07-06 04:10:02.219940+00:00,2026-07-08 15:11:38.958190+00:00,338
da75d630-a01c-44f3-bd9d-b4abf8195a60,Kriyaah LLC,business,,,active,Katy,TX,77494,8319 Rosetrail Bend Ln.,,2026-07-06 04:10:02.400270+00:00,2026-07-08 15:11:45.731455+00:00,457
64213227-d209-4222-ba79-70d18831a213,"Malik, Sehr",personal,,,active,Bellaire,TX,77401,4800 Palm St.,,2026-07-06 04:10:03.205368+00:00,2026-07-08 15:12:37.288134+00:00,503
b396d2e8-137c-4c7e-8542-5ac63a4b330e,"Manga, Krishnav",personal,,,active,Germantown,TN,38139,1744 Enclave Green Cv.,,2026-07-06 04:10:03.205368+00:00,2026-07-08 15:12:37.799867+00:00,508
2796b1b6-a4cb-42cc-a083-962200fcceb3,"Banerjee, Subhash & Pooja",personal,,,active,Dallas,TX,75225,6214 Stefani Dr.,,2026-07-06 04:10:02.887855+00:00,2026-07-08 15:12:17.428563+00:00,108
7f968244-c1b8-45e7-9c69-a4adf0c5d071,"Mendoza Lopez, Johnnathan & Andreina Graterol Flores",personal,,,active,Humble,TX,77396,9847 Clanton Pines Dr.,,2026-07-06 04:10:02.400270+00:00,2026-07-08 15:12:39.029519+00:00,536
542c97cb-3705-4d04-8aeb-764599c87f65,Shiksha Bridge Foundation,business,,,active,Sugar Land,TX,77479,4819 Nolan Bridge Ct,,2026-07-06 04:10:02.734801+00:00,2026-07-08 15:12:02.880895+00:00,944
57324bdf-37a8-4900-9c09-d29e54a13e9d,"Morgan, Tamer",personal,,,active,Houston,TX,77037,419 W Nelda Road,,2026-07-06 04:10:03.205368+00:00,2026-07-08 15:12:39.954498+00:00,558
4caed4a1-e9b5-4ea7-81a4-01cb401ea222,RSS Inc,business,,Benny Singh,active,Sugar Land,TX,77479,5507 Wollemi Falls Ln.,,2026-07-06 04:10:02.734801+00:00,2026-07-08 15:12:00.620639+00:00,717
3963c85a-d084-459b-9b40-280b482520fe,"Malik, Bilal & Amina",personal,,,active,Houston,TX,77084,17107 N Bear Creek Dr.,,2026-07-06 04:10:03.205368+00:00,2026-07-08 15:12:37.083459+00:00,501
6bcd1395-e558-45db-8456-f0d93c08c547,"Morris, Julianne & Russell Hassenmayer",personal,,,active,Missouri City,TX,77459,10706 Hidden Rock Dr.,,2026-07-06 04:10:03.205368+00:00,2026-07-08 15:12:40.159266+00:00,560
6d88d245-b9e3-407b-b08f-1873112f58f9,"Niemann, John & Monica",personal,,,active,Katy,TX,77493-2755,1310 Carnation Street,,2026-07-06 04:10:03.364140+00:00,2026-07-08 15:12:41.799386+00:00,597
6002d561-46a3-46b4-8118-13e00e9125ee,"Olumba, Maxwell & Kelly",personal,,,active,Pearland,TX,77584,3030 Glen Cullen Ln.,,2026-07-06 04:10:03.364140+00:00,2026-07-08 15:12:42.518132+00:00,612
5b395f59-74a4-41c0-9a59-b5714ff1ab59,"Ortiz, Jorge E",personal,,,active,Fulshear,TX,77441,5715 Mustang Ridge Ln.,,2026-07-06 04:10:03.364140+00:00,2026-07-08 15:12:42.825657+00:00,617
d855162e-5ea6-4afe-8204-e864a6400e43,"Patel, Janki",personal,,,active,Manvel,TX,77578,4319 Sandy Cove Dr.,,2026-07-06 04:10:03.364140+00:00,2026-07-08 15:12:44.156118+00:00,634
bf49ed9f-252b-4421-8ff4-a4ef8d137fde,"Patel, Sunilkumar & Sunitaben",personal,,,active,Canaan,ME,04924,205 Main Street,,2026-07-06 04:10:03.364140+00:00,2026-07-08 15:12:44.770259+00:00,640
8d8beb17-f779-4746-b909-495c95aa0c5f,"Seth, Akshay",personal,,,active,Herndon,VA,20171,12809 Netherleigh Pl.,,2026-07-06 04:10:02.734801+00:00,2026-07-08 15:12:48.971665+00:00,746
4ee3d22d-b688-435f-b951-e83dfcca5646,SAAT Global,business,,,active,Missouri City,TX,77459,5419 Pecan Field Dr,,2026-07-06 04:10:02.734801+00:00,2026-07-08 15:12:00.826371+00:00,720
0683f2c9-50e7-42d7-92de-4c4691f30fce,S R Trading Inc,business,,RPBS/Outside Shareholders,active,Alief,TX,77411,PO Box 531,,2026-07-06 04:10:02.734801+00:00,2026-07-08 15:12:00.724100+00:00,719
77001a1f-a585-4c6e-81d0-add58ede9be3,Sabe Enterprises LLC,business,,Humaira,active,Katy,TX,77494,25302 Willow Peak Ln.,,2026-07-06 04:10:02.734801+00:00,2026-07-08 15:12:01.031068+00:00,722
e848b47d-6995-455f-a9a5-ca95371b084c,Hamza Invests Fund F LLC,business,,Hamza,active,Sugar Land,TX,77479,18706 University Blvd.,,2026-07-06 04:10:02.219940+00:00,2026-07-08 15:11:39.265482+00:00,347
41359f4b-a413-46e7-bf6c-c5acca2a3443,1167 N Kingsley Drive LLC,business,,Baljit Gambhir,active,Houston,TX,77004,2507 Calumet St.,,2026-07-06 04:10:01.694796+00:00,2026-07-08 15:11:19.500896+00:00,1
96f2cc4d-7478-4e51-8a8d-8bc5360acb8c,"Traylor, Steven & Wendy",personal,,,active,Katy,TX,77494,7306 Starry Night,,2026-07-06 04:10:03.511032+00:00,2026-07-08 15:12:53.271250+00:00,861
e615a05e-5726-4bcc-afbc-d693933de571,"Vohra, Vansh",personal,,,active,Hockley,TX,77447,31602 Lilac Terrace Ln.,,2026-07-06 04:10:03.511032+00:00,2026-07-08 15:12:54.909706+00:00,901
528600e2-edac-4485-bfd7-aef95d721c95,Mahant Drashti PA (dba Vision Source Lake Pointe),business,,,active,Sugar Land,TX,77478,1211 Lake Pointe Pkwy.,,2026-07-06 04:10:02.400270+00:00,2026-07-08 15:11:47.786096+00:00,487
2c3bd2cb-d588-4575-a416-758ce42f381b,"Lakhani, Aminmohamed & Jamila",personal,,,active,Houston,TX,77024,224 Sugarberry Circle,,2026-07-06 04:10:03.205368+00:00,2026-07-08 15:12:35.855554+00:00,463
139fc6e8-acfb-435c-a959-449a86f2af34,Sarah Simmons MD PLLC,business,,Micah Simmons,active,Spring,TX,77386,"1827 Riley Fuzzel Rd, Ste 2",,2026-07-06 04:10:02.734801+00:00,2026-07-08 15:12:01.647739+00:00,734
b93dca88-c57e-4553-af8a-33759a832216,Sai Nalanda Inc (aka Arka Montessori Academy),business,,Jaya Sripada,active,Houston,TX,77070,13654 Schroeder Rd.,,2026-07-06 04:10:02.734801+00:00,2026-07-08 15:12:01.235998+00:00,726
549fc219-21f4-455d-b33f-8b0003ce0f18,SAS Nutrition LLC (dba Nutrition Depot),business,,Ali Nasser,active,Houston,TX,77098,2005 Southwest Fwy,,2026-07-06 04:10:02.734801+00:00,2026-07-08 15:12:01.852741+00:00,739
5ae1c9d2-77c4-440f-97af-7c108e699e92,Saleswilling Inc,business,,Harpal Dhaliwal,active,Sugar Land,TX,77479,4819 Nolan Ridge Ct.,,2026-07-06 04:10:02.734801+00:00,2026-07-08 15:12:01.338243+00:00,728
df9ab163-9225-4f41-9ed5-2e0d671d1e80,San Savs Management LP,business,,Shonali,active,Houston,TX,77071,7800 W Airport Blvd.,,2026-07-06 04:10:02.734801+00:00,2026-07-08 15:12:01.442549+00:00,732
7445ae93-9a4c-4ded-90bb-848f6eb83b9f,Sarriya LLC,business,,,active,Sugar Land,TX,77479,6914 Argonne Trl.,,2026-07-06 04:10:02.734801+00:00,2026-07-08 15:12:01.750214+00:00,737
8f5193e0-2b34-4a90-b9b8-f7ce6354603f,SAVS LP,business,,Shonali,active,Houston,TX,77071,7800 W Airport Blvd.,,2026-07-06 04:10:02.734801+00:00,2026-07-08 15:12:02.162011+00:00,742
5e137e3a-e403-43ab-8a1a-0c9a3816fde2,SBZ LLC,business,,,active,Kirkland,WA,98034,11713 93rd Ave NE Num B8,,2026-07-06 04:10:02.734801+00:00,2026-07-08 15:12:02.264302+00:00,743
03a7a443-6402-47d4-99dd-1731dc573aa9,SG Vibhava LLC,business,,Jaya Sripada,active,Houston,TX,77070,13654 Schroeder Rd.,,2026-07-06 04:10:02.734801+00:00,2026-07-08 15:12:02.469414+00:00,748
d6256ade-c1d0-4359-aaaa-43100b796416,Shepherd RV Park LLC,business,,Harpal Dhaliwal,active,Katy,TX,77494,5511 Hazel Berry Way,,2026-07-06 04:10:02.734801+00:00,2026-07-08 15:12:02.778478+00:00,758
bf889ade-0a96-4ff4-b49e-f5a97ee18ce6,Shiv109 LLC (FL),business,,Nirav Patel,active,Tampa,FL,33612,2218 Branch Hill St.,,2026-07-06 04:10:02.734801+00:00,2026-07-08 15:12:03.085583+00:00,761
77e5a4fb-84a5-458d-ad3d-436a096cbbfa,Scada-Ing Inc,business,,Sadiq Mohd,active,Houston,TX,77057,2819 Bering Dr.,,2026-07-06 04:10:02.734801+00:00,2026-07-08 15:12:02.367065+00:00,744
a8296e8a-8710-4cd1-8971-c79711513bf7,Shiv108 LLC (FL),business,,Nirav Patel,active,Tampa,FL,33612,2218 Branch Hill St.,,2026-07-06 04:10:02.734801+00:00,2026-07-08 15:12:02.983197+00:00,760
70979479-3577-4a1f-9b92-4d6bda94a497,Sienna Morris Properties LLC,business,,Peter M,active,Houston,TX,77031,"9330 West Airport, Ste 190",,2026-07-06 04:10:02.734801+00:00,2026-07-08 15:12:03.290056+00:00,767
578a5199-1730-4343-bf33-6cff504b23ef,Singla Enterprises LLC,business,,,active,Houston,TX,77095,17206 Horsetooth Canyon Dr.,,2026-07-06 04:10:02.734801+00:00,2026-07-08 15:12:03.392225+00:00,955
beb27384-8f48-4995-b07c-c4a5bc0b262b,"Garodia, Murari & Prachi",personal,,,active,Houston,TX,77056,5001 Woodway Dr Unit 1706,,2026-07-06 04:10:02.887855+00:00,2026-07-08 15:12:27.668824+00:00,959
f2750f11-20bf-4c68-b94a-5c74b21df9c0,"Malloy, Kimberly A",personal,,,active,Sugar Land,TX,77479,7406 Cherry Brook Ct.,,2026-07-06 04:10:03.205368+00:00,2026-07-08 15:12:37.492844+00:00,505
028e8d54-2acd-42f4-8661-c44ad194745c,"Koshy, Zachariah & Chetna",personal,,,active,Houston,TX,77082,11215 Marseilles Ln.,,2026-07-06 04:10:03.205368+00:00,2026-07-08 15:12:35.548810+00:00,455
f3af25bb-b981-4ec9-bac5-45b6c13afed2,"Mangalji, Farida",personal,,,active,Houston,TX,77057,5720 Longmont Lane,,2026-07-06 04:10:03.205368+00:00,2026-07-08 15:12:38.108146+00:00,511
236d17dc-b9fe-46c0-b2a8-2ca9eb5fa458,"Mascarenhas, Viren",personal,,,active,Houston,TX,77008,"2502 Beall St., Unit A",,2026-07-06 04:10:03.205368+00:00,2026-07-08 15:12:38.415274+00:00,519
b51e46a1-6822-439d-b5b1-763597b6767d,"Mathew, Bobby & Thomas-Mathew, Lisa",personal,,,active,Missouri City,TX,77459,8806 Laurel Crest Dr.,,2026-07-06 04:10:03.205368+00:00,2026-07-08 15:12:38.517619+00:00,520
4fc7f36e-6471-44d0-a25f-abfcebf8e118,"Milton, Chris & Kelly",personal,,,active,Spring,TX,77389,206 Bauer Point Ct.,,2026-07-06 04:10:03.205368+00:00,2026-07-08 15:12:39.443064+00:00,547
b23b3eef-f8de-4e01-88df-ab0090eeac4b,Pramukh Drashti PA (dba Vision Source Richmond),business,,,active,Richmond,TX,77406,"5610 W Grand Pkwy S., Ste 500",,2026-07-06 04:10:02.573696+00:00,2026-07-08 15:11:56.101220+00:00,656
39fdd6e8-1588-4ff5-9b8c-2d7e916be8fd,RAAS Holdings LLC,business,,,active,Cypress,TX,77429,15823 Bennet Chase Dr.,,2026-07-06 04:10:02.573696+00:00,2026-07-08 15:11:57.638357+00:00,677
63dea659-e30c-40c9-a46d-7e0f993f5215,Radhasaiom LLC (dba Subway),business,,,active,Herndon,VA,20171,12809 Netherleigh Place,,2026-07-06 04:10:02.573696+00:00,2026-07-08 15:11:57.740753+00:00,678
ff93df22-2d0b-4a44-8576-75040c9b5516,"Mulder, Andrew & Lindsay",personal,,,active,Richmond,TX,77406,1711 Grand River Dr.,,2026-07-06 04:10:03.205368+00:00,2026-07-08 15:12:40.978962+00:00,574
9c0840d5-1d99-4080-85c0-81f183110811,Pricewise Towing LLC,business,,Malik,active,Liberty,TX,77575,201 W Highway 90,,2026-07-06 04:10:02.573696+00:00,2026-07-08 15:11:56.305816+00:00,661
993692f0-740f-4646-946d-cb9663a2440c,"Samara, Lana & Moawad Gorg",personal,,,active,Houston,TX,77082,3324 Bridgeberry Ln.,,2026-07-06 04:10:03.364140+00:00,2026-07-08 15:12:48.357330+00:00,958
30f55945-9616-4b1a-ad39-1a0b826bbd7e,Rahul Agarwal Heritage Trust,business,,Jiten,active,Houston,TX,77077,13710 Slate Creek Ln.,,2026-07-06 04:10:02.573696+00:00,2026-07-08 15:11:57.843205+00:00,679
cb51bd45-e1a0-4ba8-9c43-0268a5e457c8,"Berry, Rakesh & Kaushal",personal,,,active,Houston,TX,77084,15907 Misty Heath Ln.,,2026-07-06 04:10:02.887855+00:00,2026-07-08 15:12:18.042129+00:00,121
bf063162-952d-43e7-baee-a4dbbd840752,"Mahajan, Sanjay & Monika",personal,,,active,Cypress,TX,77433,17715 Broken Pass Ln.,,2026-07-06 04:10:03.205368+00:00,2026-07-08 15:12:36.469554+00:00,486
1c800e3d-59d6-4f96-b648-3985dca590d9,Pristine Project Solutions LLC,business,,,active,Sugar Land,TX,77479,4419 Sterling Heights Ln.,,2026-07-06 04:10:02.573696+00:00,2026-07-08 15:11:56.510236+00:00,663
badd1693-7684-46eb-91cd-6d5fb6e22ead,"Manek, Neil & Megan",personal,,,active,Denver,CO,80209,822 South Race St.,,2026-07-06 04:10:03.205368+00:00,2026-07-08 15:12:37.697516+00:00,507
decb8e02-8371-424f-b551-791eb60fa28d,"Nawaz, Muhammad Ismail",personal,,,active,Sugar Land,TX,77479,4411 Dusty Meadow Ln.,,2026-07-06 04:10:03.364140+00:00,2026-07-08 15:12:41.697081+00:00,584
4dd9ae99-df79-4670-9160-425991fa026b,"Prasad, Anvitha",personal,,,active,Washington,DC,20002,"60 L Street NE, Apt 820",,2026-07-06 04:10:03.364140+00:00,2026-07-08 15:12:45.896193+00:00,657
610c7bf4-11c8-4455-a069-3d5d057f109b,"Rami, Tapan Girish & Das, Dolon",personal,,,active,Sugar Land,TX,77479,7106 Habersham Ave.,,2026-07-06 04:10:03.364140+00:00,2026-07-08 15:12:46.819105+00:00,682
e9f02336-f191-4b3c-9056-74d98ef7d3b7,"Rodriguez, Eduardo Jr & Meena Hernandez",personal,,,active,Lockhart,TX,78644,1519 Colton Rd.,,2026-07-06 04:10:03.364140+00:00,2026-07-08 15:12:47.331407+00:00,702
9ea206c6-3594-4552-b8ed-7c317505dc96,"Sikand, Pritpal & Gurjit",personal,,,active,Missouri City,TX,77459,1623 Crescent Oak Dr.,,2026-07-06 04:10:03.364140+00:00,2026-07-08 15:12:50.199980+00:00,768
b054d47c-7969-456d-a118-d995f8a0d47e,"Tinwala, Mohammed & Sakina",personal,,,active,Cypress,TX,77433,19526 Texas Persimmon Ct.,,2026-07-06 04:10:03.511032+00:00,2026-07-08 15:12:53.066811+00:00,855
6cd6feef-eddd-46f8-a9e5-f329273e516b,Priya Management Inc,business,,Pintu,active,Santa Fe,NM,87507,3348 Cerrillos Rd,,2026-07-06 04:10:02.573696+00:00,2026-07-08 15:11:56.612490+00:00,664
ce69af59-cd5c-42e7-ac0a-01364a7e7df2,Profound Detailing LLC,business,,,active,McKinney,TX,75071,5917 Bora Dr.,,2026-07-06 04:10:02.573696+00:00,2026-07-08 15:11:56.816895+00:00,666
52e98f19-0e5c-437a-b220-b8bc3e1bdd19,Puregenika LLC,business,,,active,Bellaire,TX,77401,4539 Wedgewood Dr,,2026-07-06 04:10:02.573696+00:00,2026-07-08 15:11:56.919235+00:00,668
14d6fc10-7dc9-47d3-bca3-b258cca1a944,AIG Real Estate Holdings LLC,business,,Asad Abbassi,active,Fulshear,TX,77441,28302 Wilson Trace Ln.,,2026-07-06 04:10:01.694796+00:00,2026-07-08 15:11:23.480454+00:00,58
9d354aa0-0b36-47f8-a1cc-747d9be8df00,Mango Vacay Properties LLC,business,,,active,Germantown,TN,38139,1744 Enclave Green Cv.,,2026-07-06 04:10:02.400270+00:00,2026-07-08 15:11:48.814036+00:00,514
3c19b932-497a-403a-8d7e-f4243057d4b6,Motor Coach Tour Corp,business,,,active,Knollwood,TX,75092,"211 E Canyon Grove Rd., #236",,2026-07-06 04:10:02.573696+00:00,2026-07-08 15:11:51.891715+00:00,564
7729b843-ab2f-4d9d-88d1-a069b48b2b1c,PrabhGuru LLC,business,,Paul Sikand,active,Missouri City,TX,77459,1623 Crescent Oak Dr.,,2026-07-06 04:10:02.573696+00:00,2026-07-08 15:11:55.998869+00:00,654
4398bbe3-f613-42cb-9250-76d52f6293c3,Q Signs 53 LLC,business,,,active,Houston,TX,77084,"5023 Addicks Satsuma Rd., Ste O",,2026-07-06 04:10:02.573696+00:00,2026-07-08 15:11:57.021578+00:00,669
4b323193-0a8d-4985-a303-47e0cb5214ef,Questyme USA Inc,business,,,active,Farmington Hills,MI,48331,26878 Wembley Ct,,2026-07-06 04:10:02.573696+00:00,2026-07-08 15:11:57.328641+00:00,673
a7d397e4-8cad-4a75-b0d4-eab6d4e863c0,Qureshi Enterprises LLC,business,,Humaira,active,Katy,TX,77494,25302 Willow Peak Ln.,,2026-07-06 04:10:02.573696+00:00,2026-07-08 15:11:57.430952+00:00,674
0793b1f0-b3a6-469a-8048-b99395f1d446,"McCamish, Joseph & Yvette",personal,,,active,Cypress,TX,77433,10219 Texas Sage Way,,2026-07-06 04:10:03.205368+00:00,2026-07-08 15:12:38.824809+00:00,528
6d5fb094-9918-4e46-a3d8-7eefebe2cb4b,Wapiti Holdings Group LLC,business,,,active,Houston,TX,77064,17350 State Hwy 249 Ste 220 -27327,,2026-07-06 04:10:02.887855+00:00,2026-07-08 15:12:12.714342+00:00,926
433383f8-6e5d-4816-87a2-19f3b0c42597,Vidhyaa LLC (Gideon),business,,,active,Fulshear,TX,77441,4814 Aspen Crest Dr.,,2026-07-06 04:10:02.887855+00:00,2026-07-08 15:12:11.589414+00:00,890
b2569ee3-41ef-49ab-ac79-ba35446d7965,WDD Investments Inc,business,,,active,Houston,TX,77051,"4340 Holmes Rd., Ste 101",,2026-07-06 04:10:02.887855+00:00,2026-07-08 15:12:12.816550+00:00,906
bc205598-f222-478d-accd-013e8e49e6cf,Zarek Rental LLC,business,,Shah,active,Katy,TX,77494,7514 San Clemente Point Ct.,,2026-07-06 04:10:02.887855+00:00,2026-07-08 15:12:13.738400+00:00,919
a16e603d-63f2-4d32-ad62-b944b9f85834,Vista HTX LLC,business,,,active,Fulshear,TX,77441,5715 Mustang Ridge Ln,,2026-07-06 04:10:02.887855+00:00,2026-07-08 15:12:11.691679+00:00,892
f0e38a2e-16c7-4531-ab98-863899b29d86,"Abbasi, Asad S. & Ilampour, Elham",personal,,,active,Fulshear,TX,77441,28302 Wilson Trace Ln.,,2026-07-08 15:12:14.045096+00:00,2026-07-08 15:12:14.045096+00:00,31
27a1407e-96be-41bc-b216-988bd37c7a6b,"Abdur-Rahman, Kareem & Sabbahi, Rabab",personal,,,active,Houston,TX,77006,1640 Vassar St.,,2026-07-08 15:12:14.155153+00:00,2026-07-08 15:12:14.155153+00:00,33
2b7f7be6-36c0-4fb7-8374-347dabbb0393,"Gupta, Jagdish & Sunita",personal,,,active,Sugar Land,TX,77479,2118 Hill Canyon Ct.,,2026-07-06 04:10:03.040253+00:00,2026-07-08 15:12:29.405323+00:00,334
93121257-3329-4a9c-87b1-a51b409aab05,"Patel, Krina",personal,,,active,The Woodlands,TX,77382,10 Old River Place,,2026-07-06 04:10:03.364140+00:00,2026-07-08 15:12:44.258407+00:00,635
94d31640-135c-4086-829a-ccd5fc2516b8,"Patel, Nirav & Bhavi",personal,,,active,Tampa,FL,33612,2218 Branch Hill St.,,2026-07-06 04:10:03.364140+00:00,2026-07-08 15:12:44.463002+00:00,637
22e0aba9-7938-4a11-8237-4797bb4d3272,"Patel, Pintukumar & Minaxi",personal,,,active,New Braunfels,TX,78130,405 Moonvine Way,,2026-07-06 04:10:03.364140+00:00,2026-07-08 15:12:44.565416+00:00,638
837ef5d9-5ea4-4543-92af-23743d7d6235,"Rupani, Sameer & Advani, Minoo",personal,,,active,Houston,TX,77005,4108 Drake St.,,2026-07-06 04:10:03.364140+00:00,2026-07-08 15:12:47.743522+00:00,718
f0c3735a-7306-4ce4-9b76-d53123044433,AltruVista LLC,business,,Ali Nasser,active,Houston,TX,77027,"3555 Timmons Ln., Ste 915",,2026-07-06 04:10:01.694796+00:00,2026-07-08 15:11:24.405059+00:00,71
c7653f0a-8330-4ec7-bfe4-716a0d7b58cb,VKC Delights Group LLC,business,,VKC,active,Sugar Land,TX,77478,322 Julie Rivers Dr.,,2026-07-06 04:10:02.887855+00:00,2026-07-08 15:12:11.794077+00:00,893
19ff1af7-605b-44c6-88fa-5b750edf66a7,"Seth, Pankaj & Aanchal",personal,,,active,Herndon,VA,20171,12809 Netherleigh Pl.,,2026-07-06 04:10:03.364140+00:00,2026-07-08 15:12:49.074134+00:00,747
8bbf5e14-2304-4d74-9ffc-33de929f5e7e,Kalgroup Partners LLC,business,,Kalcorp,active,College Station,TX,77840,303 University Dr. East,,2026-07-06 04:10:02.400270+00:00,2026-07-08 15:11:44.497224+00:00,421
35613e3b-5af8-4167-86d9-de32dde06b88,"Simmons, Tyler",personal,,,active,Spring,TX,77386,2002 Jillian Oaks Ct,,2026-07-06 04:10:03.364140+00:00,2026-07-08 15:12:50.711708+00:00,773
e6ed1d0f-3f74-49d2-a012-429420a8d83e,Westmore Community LLC,business,,Jamil Hasan,active,Houston,TX,77055,1212 Gray Moss Ln.,,2026-07-06 04:10:02.887855+00:00,2026-07-08 15:12:13.021052+00:00,909
76e52e47-0a3d-4dcc-9593-e294d3f360fb,Ranar Pines Capital LLC,business,,,active,Houston,TX,77070,9707 Charter Ridge Dr.,,2026-07-06 04:10:02.573696+00:00,2026-07-08 15:11:58.047529+00:00,683
b03ccf46-5a63-429c-9e21-aa55f4080238,VKC Group Inc,business,,VKC,active,Sugar Land,TX,77478,322 Julie Rivers Dr.,,2026-07-06 04:10:02.887855+00:00,2026-07-08 15:12:11.896370+00:00,894
bc20cac7-044e-438c-96b0-051d3313f28a,"Quadri, Moiz & Muneer Nabiha",personal,,,active,Houston,TX,77084,18815 Keystone Oak St.,,2026-07-06 04:10:03.364140+00:00,2026-07-08 15:12:46.408218+00:00,671
d4fd0627-a004-44de-ac61-a8f70dda14b1,VKC I LP,business,,VKC,active,Sugar Land,TX,77478,322 Julie Rivers Dr.,,2026-07-06 04:10:02.887855+00:00,2026-07-08 15:12:12.100745+00:00,896
31e96a79-2d43-437b-9bd0-6d42fede2646,VKC Properties GP LLC,business,,VKC,active,Sugar Land,TX,77478,322 Julie Rivers Dr.,,2026-07-06 04:10:02.887855+00:00,2026-07-08 15:12:12.202959+00:00,897
d2f018cd-8c4a-4dd7-a0e7-f2f3d851f076,VKC Properties LP,business,,VKC,active,Sugar Land,TX,77478,322 Julie Rivers Dr.,,2026-07-06 04:10:02.887855+00:00,2026-07-08 15:12:12.305204+00:00,898
2d48eea5-c97e-4182-afcd-38a1cb17d685,Westmore on Ennis LLC,business,,Jamil Hasan,active,Houston,TX,77055,1212 Gray Moss Ln.,,2026-07-06 04:10:02.887855+00:00,2026-07-08 15:12:13.123560+00:00,910
7f5c22a1-e65b-448f-8c06-38fe166e825e,Westport Shores Ventures LLC,business,,,active,Houston,TX,77055,98 S Creekside Ct.,,2026-07-06 04:10:02.887855+00:00,2026-07-08 15:12:13.225822+00:00,911
2fa62aca-8766-4aeb-9f72-bc9697d90a51,Worldwide Micael Express LLC,business,,,active,Katy,TX,77450,2034 Winding Hollow Dr.,,2026-07-06 04:10:02.887855+00:00,2026-07-08 15:12:13.328127+00:00,913
0905b80a-aa4f-41e7-a13f-8829c7323e80,Valvitalia USA Inc,business,,Leslie Bernal,active,Houston,TX,77042,10375 Richmond Avenue Ste 750,,2026-07-06 04:10:02.887855+00:00,2026-07-08 15:12:10.975659+00:00,880
adb14658-3bc6-4c31-922a-13dc46f7f3cb,Vanguard Radiology PA,business,,,active,,,,,,2026-07-06 04:10:02.887855+00:00,2026-07-08 15:12:11.077844+00:00,881
cf73903f-b81e-4836-b0ae-ed1d0bed0172,Yotta LLC,business,,,active,Sugar Land,TX,77479,3910 Chatfield Ct.,,2026-07-06 04:10:02.887855+00:00,2026-07-08 15:12:13.533563+00:00,915
05c0f0bf-5ba8-44cd-b391-f13ef97f511a,ZainFabriQators LLC,business,,,active,Cypress,TX,77433,17715 Refuge Lake Dr.,,2026-07-06 04:10:02.887855+00:00,2026-07-08 15:12:13.636129+00:00,918
78300a90-4fab-4e3b-b667-6435cb4596a5,Varun Agarwal Heritage Trust,business,,Jiten,active,Houston,TX,77077,13710 Slate Creek Ln.,,2026-07-06 04:10:02.887855+00:00,2026-07-08 15:12:11.180400+00:00,883
bc444e28-8731-4036-8f1c-d4e17527becd,Veridian Group LLC,business,,John Page,active,Pearland,TX,48208,"2222 County Rd. 90, Ste 111",,2026-07-06 04:10:02.887855+00:00,2026-07-08 15:12:11.282765+00:00,887
4b167351-62c5-49ee-8073-3c937892a5a4,VVMU Investments LLC,business,,,active,Houston,TX,77219,PO Box 130714,,2026-07-06 04:10:02.887855+00:00,2026-07-08 15:12:12.509608+00:00,902
f4da9e60-a073-403c-9630-0fb6c15114f8,Vertex Organization LLC,business,,RPBS,active,,,,,,2026-07-06 04:10:02.887855+00:00,2026-07-08 15:12:11.487190+00:00,889
241b6dbf-077e-44cb-9698-84f743ed931d,Texoma Arthritis Clinic,business,,,active,McKinney,TX,75069,"1445 Heritage Dr., Suite A",,2026-07-06 04:10:02.734801+00:00,2026-07-08 15:12:08.003270+00:00,841
22538668-7cc3-404f-95f2-8b526644b6ac,"Manga, Naveen & Agarwal, Rinu",personal,,,active,Germantown,TN,38139,1744 Enclave Green Cv.,,2026-07-06 04:10:03.205368+00:00,2026-07-08 15:12:37.903558+00:00,509
d39b7ddc-c3d9-4da0-9cc7-f868c781505d,Texub Inc,business,,,active,Houston,TX,77057,661 Bering Dr. #709,,2026-07-06 04:10:02.734801+00:00,2026-07-08 15:12:08.105564+00:00,842
9758bd13-95c0-4638-9bad-95312b01445f,"Mattox, Christopher & Carolyn",personal,,,active,Katy,TX,77450,1226 Westgreen Blvd.,,2026-07-06 04:10:03.205368+00:00,2026-07-08 15:12:38.722395+00:00,523
659d6e76-5a81-466e-a131-ee26951f6eb8,The Chawla Law Firm PLLC,business,,,active,Houston,TX,77063,7520 Chevy Chase Dr.,,2026-07-06 04:10:02.734801+00:00,2026-07-08 15:12:08.311114+00:00,844
37aac5e9-215e-4fe6-a3be-221f3c4b079e,Soda-Ash Insiders LLC,business,,,active,Houston,TX,77005,4108 Drake St,,2026-07-06 04:10:02.734801+00:00,2026-07-08 15:12:04.211069+00:00,786
43c07e8b-5443-41ce-a79c-0943d97bb5ff,Stylist Impressions LLC,business,,,active,Tomball,TX,77375,1512 West Main Street,,2026-07-06 04:10:02.734801+00:00,2026-07-08 15:12:06.261679+00:00,816
f1e044fe-b83e-4bff-89f4-109c4543285e,"Ali, Hamzah & Moubayed, Sanna",personal,,,active,Sugar Land,TX,77479,4623 Sanders Meadow Ln.,,2026-07-06 04:10:02.887855+00:00,2026-07-08 15:12:16.200875+00:00,66
57195ae2-040f-4e3a-94b5-a223df4d7f9c,"Banks, Michael",personal,,,active,Houston,TX,77063,"3800 Tanglewilde St., Unit 701",,2026-07-06 04:10:02.887855+00:00,2026-07-08 15:12:17.633049+00:00,110
fe8cbb0a-45c4-42e5-8a93-74e1080a41f8,"Davis, Kate",personal,,,active,Cypress,TX,77429,14511 Belvan Court,,2026-07-06 04:10:03.040253+00:00,2026-07-08 15:12:23.262131+00:00,213
bacea286-ccf4-4b71-86f5-ae77cee201b2,SubMOA LLC,business,,Assem Ahmed,active,Houston,TX,77066,12703 Shiloh Church Rd.,,2026-07-06 04:10:02.734801+00:00,2026-07-08 15:12:06.466318+00:00,818
0c7cf7f1-e2ef-4b91-9da7-e87088db7d7b,"Foster, Stephen & Brenda",personal,,,active,Houston,TX,77094,1620 Hampton Oaks Cir.,,2026-07-06 04:10:03.040253+00:00,2026-07-08 15:12:26.338151+00:00,280
602a58ef-9f9d-4d89-9db7-f3d72dbda003,"Gundoju, Vikram & Dolon",personal,,,active,Sugar Land,TX,77479,4819 Nolan Ridge Ct.,,2026-07-06 04:10:03.040253+00:00,2026-07-08 15:12:28.690626+00:00,327
d03bc3c7-fa40-4f56-808e-850c9bdb80be,Sultan Limousine LLC (dba Aggie Limo & Town Car Service),business,,,active,Houston,TX,77084,18815 Keystone Oak St.,,2026-07-06 04:10:02.734801+00:00,2026-07-08 15:12:06.568681+00:00,820
25028ce4-37be-4e09-b56e-afe6038785c9,"Gupta, Sanjay & Indu",personal,,,active,Sugar Land,TX,77479,12 Fosters Green Dr.,,2026-07-06 04:10:03.040253+00:00,2026-07-08 15:12:29.507391+00:00,335
5e3064de-a07d-4b97-982e-e09b67a50cd2,"Keswani, Samica & Keswani, Sahil",personal,,,active,Pleasanton,CA,94566,4276 West Ruby Hill Drive,,2026-07-06 04:10:03.205368+00:00,2026-07-08 15:12:33.705280+00:00,935
e4ebfbd2-84db-4081-b76a-b7b2ac040daf,Sunstone Development Inc,business,,Steve Foster,active,Houston,TX,77096,1620 Hampton Oaks Cir.,,2026-07-06 04:10:02.734801+00:00,2026-07-08 15:12:06.670924+00:00,822
43088ccd-c640-440b-baba-d7429efc9873,Suvira Group LLC,business,,Shonali,active,Houston,TX,77035,4410 Kinglet St.,,2026-07-06 04:10:02.734801+00:00,2026-07-08 15:12:06.875385+00:00,824
638bb736-b217-432e-b155-46c811c4f98b,System Logistics Distribution LLC,business,,Peter M,active,Stafford,TX,77477,10225 Mula Rd Ste 130,,2026-07-06 04:10:02.734801+00:00,2026-07-08 15:12:07.079826+00:00,829
b7abf040-4352-45d2-98e1-24a5fb627cfb,TA Textiles Recycling LLC,business,,,active,Houston,TX,77033,6104 Donoho St.,,2026-07-06 04:10:02.734801+00:00,2026-07-08 15:12:07.182113+00:00,830
d71bd8bd-7e0d-40a2-90dd-ea0e1e806f18,Tarr 3420 Rosedale LLC,business,,Jamil Hasan,active,Houston,TX,77055,1212 Gray Moss Ln.,,2026-07-06 04:10:02.734801+00:00,2026-07-08 15:12:07.287066+00:00,833
e17b7fe4-9402-4da1-b895-1618c7d9dfd0,Texans Professional Tree Service LLC,business,,,active,Houston,TX,77084,5927 E Stony Grove Loop,,2026-07-06 04:10:02.734801+00:00,2026-07-08 15:12:07.491528+00:00,835
4e151ee1-71bb-4ff0-9329-8b5486d161fa,Texas Beauty & Health Inc,business,,,active,Houston,TX,77077,13818 Overbrook Ln.,,2026-07-06 04:10:02.734801+00:00,2026-07-08 15:12:07.593763+00:00,836
982787a8-3c3f-44fc-8027-65148a2031be,Texas Heavy Truck Service LLC,business,,,active,Katy,TX,77450,20503 Hampshire Rocks Drive,,2026-07-06 04:10:02.734801+00:00,2026-07-08 15:12:07.696112+00:00,837
58e12be5-e3d9-4a07-bbd2-1661adbc9f90,Texas Mariculture LLC,business,,,active,Palacios,TX,77465,909 4th Street,,2026-07-06 04:10:02.734801+00:00,2026-07-08 15:12:07.798656+00:00,838
504f387c-90ef-4b74-90c9-712443aa6cbf,"Chudasama, Jitendra & Hema",personal,,,active,Spring,TX,77389,25303 Fawn Point Ct.,,2026-07-06 04:10:03.040253+00:00,2026-07-08 15:12:21.930348+00:00,186
0e546779-2c14-4759-ae9e-fef477e23cc3,"Freeze, Stephen & Tory",personal,,,active,Baytown,TX,77523,15222 E Chapparal,,2026-07-06 04:10:03.040253+00:00,2026-07-08 15:12:26.440550+00:00,286
09deb37d-cc78-4dcb-ab97-aec9f3f3e140,"Bowers, Henley B",personal,,,active,Palacious,TX,77465,909 4th Street,,2026-07-06 04:10:02.887855+00:00,2026-07-08 15:12:19.781480+00:00,145
b20e590d-7c8b-48fb-bbce-b11928db251e,"Chaapel, Jeffrey & Krista",personal,,,active,Katy,TX,77494,2815 Golden Larch Dr.,,2026-07-06 04:10:03.040253+00:00,2026-07-08 15:12:21.316009+00:00,176
7c0920c9-8223-4819-86fc-f42bc1b3ed79,"Chawla, Arif & Tesneem",personal,,,active,Houston,TX,77063,7520 Chevy Chase Dr.,,2026-07-06 04:10:03.040253+00:00,2026-07-08 15:12:21.521075+00:00,179
4a5dfffa-3674-43e0-984c-85c0e36d4130,"Dak, Mustafa",personal,,,active,Katy,TX,77494,2303 Red Bluff Ct.,,2026-07-06 04:10:03.040253+00:00,2026-07-08 15:12:22.545210+00:00,203
a9b3b4d3-733d-441e-93a5-93eaacbec93d,"D'Souza, Erica",personal,,,active,Houston,TX,77049,6707 Wintergrove Ct.,,2026-07-06 04:10:03.040253+00:00,2026-07-08 15:12:24.803461+00:00,238
67b3d86b-8e3b-42f7-a549-f64d6b4fcc47,"Chang Condara, MaryBeth",personal,,,active,Houston,TX,77063,9622 Doliver Drive,,2026-07-06 04:10:03.040253+00:00,2026-07-08 15:12:21.418795+00:00,950
75d7d622-08b5-4788-93dd-d2f1d196a973,"Dharamshi, Akash R",personal,,,active,Cypress,TX,77429,15823 Bennet Chase Dr.,,2026-07-06 04:10:03.040253+00:00,2026-07-08 15:12:23.980616+00:00,224
c14e9d03-75a6-41e3-98e5-e9c2f92de64d,"D'Souza, Cyrus & Aranha, Sharan",personal,,,active,The Woodlands,TX,77382,22 W Green Pastures Cir.,,2026-07-06 04:10:03.040253+00:00,2026-07-08 15:12:24.701082+00:00,237
c5649a3c-423c-4033-8031-e5dfc0c15414,Union Trust,business,,Ron,active,Houston,TX,77055,9255 Long Point Rd.,,2026-07-06 04:10:02.734801+00:00,2026-07-08 15:12:10.463894+00:00,874
b893276b-cb2d-4692-a511-a5eff0679cec,"Desai, Akash & Patel, Archita",personal,,,active,Houston,TX,77077,13618 Winter Creek Ct.,,2026-07-06 04:10:03.040253+00:00,2026-07-08 15:12:23.364585+00:00,216
7e1f854e-9e0f-4f17-bf09-de7f76d807d6,"Ebrahim, Farida",personal,,,active,Houston,TX,77063,7517 Middlewood St.,,2026-07-06 04:10:03.040253+00:00,2026-07-08 15:12:25.519636+00:00,250
d16631b6-f270-418f-bc60-e00ea7d26e51,"Cooper, James & Jan",personal,,,active,Cypress,TX,77433,"11411 Greenhouse Rd., #3002",,2026-07-06 04:10:03.040253+00:00,2026-07-08 15:12:22.238241+00:00,196
2a17da2b-f7b5-4686-bcc4-d65e27a6450d,"Desikamani, Srinidhi & Krishnegowda, Yamuna",personal,,,active,Richmond,TX,77406,21803 Venture Park Dr.,,2026-07-06 04:10:03.040253+00:00,2026-07-08 15:12:23.673440+00:00,219
1acdc55d-908d-4082-9b1b-cd507ba47215,"Davis, Josh & Regan Lee",personal,,,active,Pearland,TX,77581,5603 Walker Dr.,,2026-07-06 04:10:03.040253+00:00,2026-07-08 15:12:23.159789+00:00,212
23227d6c-ee13-4efc-9583-61933e91e001,"Desai, Anil & Nayana",personal,,,active,Sugar Land,TX,77479,5106 Olive Hill Rd.,,2026-07-06 04:10:03.040253+00:00,2026-07-08 15:12:23.466974+00:00,217
2dd676c5-d552-4206-a3c4-240d5ea3fdd3,"Ebrahim, Mohammed & Falchetti, Charlene",personal,,,active,Houston,TX,77008,822 Worthshire St.,,2026-07-06 04:10:03.040253+00:00,2026-07-08 15:12:25.621901+00:00,251
02f46579-1cb6-44c6-a239-8886c67ba8c2,"Dharamshi, Rejesh & Shefali",personal,,,active,Cypress,TX,77429,15823 Bennet Chase Dr.,,2026-07-06 04:10:03.040253+00:00,2026-07-08 15:12:24.082939+00:00,225
d83685de-b837-4d50-bbbb-833208fa27b8,"Castaneda, Nathan & Chanda",personal,,,active,Richmond,TX,77407,8603 Rexford Covt Ct.,,2026-07-06 04:10:03.040253+00:00,2026-07-08 15:12:21.008932+00:00,171
1e004abe-9bb2-4dfb-b869-71f155f52c87,"Frosh, Yusuf & Sakira",personal,,,active,Houston,TX,77095,8202 Cross Springs Ct.,,2026-07-06 04:10:03.040253+00:00,2026-07-08 15:12:26.646019+00:00,290
770f11e7-9ba0-4da5-b016-58d3c4c05d40,"Dhaliwal, Harpal & Aarti",personal,,,active,Katy,TX,77494,5511 Hazel Berry Way,,2026-07-06 04:10:03.040253+00:00,2026-07-08 15:12:23.776049+00:00,222
f2bbf0f8-22d7-42b0-872d-17096b813c61,"Davis, John & Renee",personal,,,active,Cypress,TX,77429,13435 Maxwell Rd.,,2026-07-06 04:10:03.040253+00:00,2026-07-08 15:12:23.057513+00:00,211
a542c693-36f8-428c-892e-019c7e9d0ddc,"Condara, Theodore",personal,,,active,Houston,TX,77095,"8524 Hwy 6 North, PMB 108",,2026-07-06 04:10:03.040253+00:00,2026-07-08 15:12:22.135401+00:00,195
7edb2352-96c5-4afd-b8f1-3086b0feecb3,"Civunigunta, Narendra & Narendra, Dharanikumari",personal,,,active,Houston,TX,77005,4001 Swarthmore St.,,2026-07-06 04:10:03.040253+00:00,2026-07-08 15:12:22.032574+00:00,187
618809ad-beef-4e92-ae6d-01f7d0d61ff9,"Dar, Imran & Makani, Bushra",personal,,,active,Houston,TX,77027,4015 Richmond Ave.,,2026-07-06 04:10:03.040253+00:00,2026-07-08 15:12:22.749921+00:00,207
acba3231-6c2e-4206-a8ea-89ac34bcdf19,"Dalal, Sunil & Roshmi",personal,,,active,Katy,TX,77494,7903 Catalina Island Dr.,,2026-07-06 04:10:03.040253+00:00,2026-07-08 15:12:22.647517+00:00,204
64a83412-61c3-467e-b1ab-3b81d2e11953,"Cooper, Joshua & Carville Cooper, Kelley",personal,,,active,Houston,TX,77095,16710 Red Falls Cir.,,2026-07-06 04:10:03.040253+00:00,2026-07-08 15:12:22.340639+00:00,197
4f14b356-3cf1-4dbc-8034-386588d75d18,"D'Souza, Averyl",personal,,,active,Houston,TX,77049,6707 Wintergrove Ct.,,2026-07-06 04:10:03.040253+00:00,2026-07-08 15:12:24.492228+00:00,235
d9da6bfc-b81a-48bf-9160-fd218d27b5dd,"Davis Jr, John & Stacie",personal,,,active,Cypress,TX,77429,14511 Belvan Court,,2026-07-06 04:10:03.040253+00:00,2026-07-08 15:12:22.852199+00:00,209
37b96703-8247-4943-85a7-7a851b333720,"Dua, Nikunj & Bhatia, Divya",personal,,,active,Katy,TX,77494,27919 Middlewater View Ln.,,2026-07-06 04:10:03.040253+00:00,2026-07-08 15:12:25.008055+00:00,240
921a52b9-700e-49dc-bb4d-58bde5f71a0a,"Duke, John & Katina",personal,,,active,Baytown,TX,77523,6003 Cajun Way,,2026-07-06 04:10:03.040253+00:00,2026-07-08 15:12:25.110380+00:00,241
e7c69a67-8d03-4a6b-9fc1-34cf33289256,"Ebrahim, Ali & Nida Fatimah Haji-Ebrahim",personal,,,active,Houston,TX,77063,7517 Middlewood St.,,2026-07-06 04:10:03.040253+00:00,2026-07-08 15:12:25.314981+00:00,248
38599723-ceca-4922-97c5-1acc8fb1c2e1,"Gajarawala, Kayoor & Rajshri",personal,,,active,Houston,TX,77079,12934 Queensbury Lane,,2026-07-06 04:10:03.040253+00:00,2026-07-08 15:12:26.850568+00:00,937
af400b99-ba41-482e-8b2e-280a5c9a06a1,"Gambhir, Baljit & Gursaran",personal,,,active,Houston,TX,77006,402 Marshall Street,,2026-07-06 04:10:03.040253+00:00,2026-07-08 15:12:27.055215+00:00,296
983dbfe4-db9c-444d-a5b6-57607cddd0ae,"Cavazos, Anastacio & Melissa",personal,,,active,Mission,TX,78573,602 Chelsea Dr.,,2026-07-06 04:10:03.040253+00:00,2026-07-08 15:12:21.213660+00:00,175
f8cabc33-1aa3-453e-8459-2537b36fa615,"Fazeli, Reza & Atousa Nezamabadi",personal,,,active,Katy,TX,77450,3919 Belvoir Park Dr.,,2026-07-06 04:10:03.040253+00:00,2026-07-08 15:12:26.031307+00:00,273
6882254b-ab50-488b-9919-ad7ab5da87a6,"Elmorabit, Mohamed",personal,,,active,Sugar Land,TX,77479,8614 Green Ash Dr.,,2026-07-06 04:10:03.040253+00:00,2026-07-08 15:12:25.928993+00:00,258
2d76f5ec-74bd-4106-bc44-ea15806e6b09,"Didwania, Abha",personal,,,active,Rosenberg,TX,77471,5034 Lacebark Pine Trail,,2026-07-06 04:10:03.040253+00:00,2026-07-08 15:12:24.185346+00:00,227
0856ff24-7a96-4e4e-a4a2-28edf65018aa,Fishkind Daniel & Elissa,personal,,,active,Houston,TX,77018,4710 Thorton Cr,,2026-07-06 04:10:03.040253+00:00,2026-07-08 15:12:26.235823+00:00,277
5a87aac1-4c61-4ef2-9fc3-5f121b245eed,"Fieldgate, Douglas",personal,,,active,Katy,TX,77494,3919 Bell Hollow Ln.,,2026-07-06 04:10:03.040253+00:00,2026-07-08 15:12:26.133611+00:00,276
862baf37-0582-4c3e-91d1-d2cac7301fd2,"Agha, Fadwa",personal,,,active,Spring,TX,77379,21902 Shamion Ct.,,2026-07-06 04:10:02.887855+00:00,2026-07-08 15:12:14.667057+00:00,46
308afcfc-c595-4eb9-acbc-9c91379ef1bf,"Agrawal, Vishal & Robinson, Mamie",personal,,,active,Sugar Land,TX,77478,614 Alkire Lake Dr.,,2026-07-06 04:10:02.887855+00:00,2026-07-08 15:12:15.076315+00:00,50
6b59b251-d1d1-41b7-bc81-199a118faa4a,"Agarwal, Jiten & Rachna",personal,,,active,Houston,TX,77077,13710 Slate Creek Ln.,,2026-07-06 04:10:02.887855+00:00,2026-07-08 15:12:14.359707+00:00,43
8969d90d-10df-4e90-b843-25df43ac35a1,"Bilodeau, Andrew & Morgan",personal,,,active,Richmond,TX,77406,3531 Lark Ascending Ln,,2026-07-06 04:10:02.887855+00:00,2026-07-08 15:12:18.963071+00:00,945
caf86daa-1e27-425a-8f84-5f72a84e0b7e,"Ahmed, Muhammad & Zaneb",personal,,,active,Irvine,CA,92602,8 Poway,,2026-07-06 04:10:02.887855+00:00,2026-07-08 15:12:15.587586+00:00,55
a3984dc6-abe6-4f8e-8236-33d8a687b3a4,"Barnes, Carlin",personal,,,active,Houston,TX,77006,"2727 Albany St., PH14",,2026-07-06 04:10:02.887855+00:00,2026-07-08 15:12:17.735313+00:00,113
4dff9238-c870-46fd-a792-7088c238ff87,"Bowers, Levi H",personal,,,active,Palacious,TX,77465,909 4th Street,,2026-07-06 04:10:02.887855+00:00,2026-07-08 15:12:19.883608+00:00,146
c9b281c9-b174-4b9a-8ef8-9aa7227ff1d5,"Antria, Qasim & Fatema",personal,,,active,Cypress,TX,77433,17715 Refuge Lake Dr.,,2026-07-06 04:10:02.887855+00:00,2026-07-08 15:12:16.712479+00:00,85
01435ede-3b68-42d2-a27f-1df211ec03b9,"Ahmed, Assem & Hina",personal,,,active,Missouri City,TX,77459,26 Pravia Path Dr.,,2026-07-06 04:10:02.887855+00:00,2026-07-08 15:12:15.383000+00:00,53
cfda682f-d3df-4c43-8cbf-1d22a7e993ce,"Asan Borja, Bianca M",personal,,,active,Houston,TX,77019,"3636 West Dallas St., Unit 571",,2026-07-06 04:10:02.887855+00:00,2026-07-08 15:12:16.917209+00:00,89
dfdc6492-63aa-4ba9-b42a-0018f5858c3d,"Ansari, Najamul & Almas Kherani",personal,,,active,Montgomery,OH,45249,7874 Bicentennial Pl.,,2026-07-06 04:10:02.887855+00:00,2026-07-08 15:12:16.610293+00:00,84
ec94470b-83b9-4b8d-aa0c-d000f5dbd196,"Banks, Catalina",personal,,,active,Miami Beach,FL,33132,"1900 N Bayshore Dr., Apt 4502",,2026-07-06 04:10:02.887855+00:00,2026-07-08 15:12:17.530733+00:00,109
07ecb83e-6038-4e57-b449-f73fa1960051,"Ahmad, Faraz & Saman",personal,,,active,Kingwood,TX,77345,2322 Riverway Oak Dr.,,2026-07-06 04:10:02.887855+00:00,2026-07-08 15:12:15.178482+00:00,51
34b71f4b-dc4a-4f7e-8073-37c50ea2f91d,"Bhatia, Aneesh & Tina",personal,,,active,Houston,TX,77083,15426 Mendocino Dr.,,2026-07-06 04:10:02.887855+00:00,2026-07-08 15:12:18.348923+00:00,125
73ea93a8-9c33-4e75-a138-076eb426133d,"Ahmed, Syed & Naghma",personal,,,active,Houston,TX,77062,903 Sunrise Knoll Way,,2026-07-06 04:10:02.887855+00:00,2026-07-08 15:12:15.792116+00:00,57
9d82e005-c8c7-4d9b-80af-16786648f838,"Bowers, Ava D",personal,,,active,Palacious,TX,77465,909 4th Street,,2026-07-06 04:10:02.887855+00:00,2026-07-08 15:12:19.576560+00:00,143
83287900-db0d-4219-ab52-1cf14d96efeb,"Boxwala, Zainab & Bhindarwala, Yusuf",personal,,,active,Farmington Hills,MI,48331,26878 Wembley Ct.,,2026-07-06 04:10:02.887855+00:00,2026-07-08 15:12:20.190490+00:00,149
a65b8bac-b97a-49a3-bac4-17397d659c90,"Avila, Juan A",personal,,,active,Houston,TX,77045,3718 Prudence Dr.,,2026-07-06 04:10:02.887855+00:00,2026-07-08 15:12:17.121708+00:00,98
8a4ed825-c938-4766-b0a1-a254f913221a,"Bou-Chedid, Nidal & Samar",personal,,,active,Spring,TX,77379,7811 Sunset Falls Ct.,,2026-07-06 04:10:02.887855+00:00,2026-07-08 15:12:19.474416+00:00,142
bbd32f35-158b-4b48-8baf-56df3dfd99ba,"Agarwal, Varun",personal,,,active,Houston,TX,77077,13710 Slate Creek Ln.,,2026-07-06 04:10:02.887855+00:00,2026-07-08 15:12:14.564773+00:00,45
ba26159a-cf90-429b-8406-9c1bc64af08f,"Belcher, Zachary",personal,,,active,Brookshire,TX,77423,29655 Jordan Crossing Blvd,,2026-07-06 04:10:02.887855+00:00,2026-07-08 15:12:17.837550+00:00,117
51a810e7-b535-4bfa-aae9-d59c01e26384,"Agarwal, Rahul",personal,,,active,Houston,TX,77077,13710 Slate Creek Ln.,,2026-07-06 04:10:02.887855+00:00,2026-07-08 15:12:14.462486+00:00,44
ff1b080a-ac43-4932-a040-9a7722f63bab,"Sauson Bus Inc (pka Houston Bus, Inc.)",business,,Ron,active,Houston,TX,77041,6413 W Sam Houston Pkwy N,,2026-07-06 04:10:02.887855+00:00,2026-07-08 15:12:01.955112+00:00,740
f5cc03c3-e4ca-4ce2-bac5-3d9bc34ffeb1,"Allen, Samuel & Stephany",personal,,,active,Winnie,TX,77665,1816 9th St,,2026-07-06 04:10:02.887855+00:00,2026-07-08 15:12:16.405543+00:00,927
b96de563-a9fd-4fe8-9a1f-e1561c0fbd1c,"Bowers, Makena S",personal,,,active,Palacious,TX,77465,909 4th Street,,2026-07-06 04:10:02.887855+00:00,2026-07-08 15:12:19.985932+00:00,147
a1b1d9cf-56c8-4d27-bfc4-b8dc49412635,"Agrawal, Brij & Sunita",personal,,,active,Sugar Land,TX,77478,614 Alkire Lake Dr.,,2026-07-06 04:10:02.887855+00:00,2026-07-08 15:12:14.871707+00:00,48
82622760-d85f-4843-88ad-c7e1289abe9f,"Aliuddin, Muhammad & Khan, Amina",personal,,,active,Houston,TX,77043,1341 Conrad Sauer Dr.,,2026-07-06 04:10:02.887855+00:00,2026-07-08 15:12:16.303114+00:00,70
ec9416be-4d0f-41c4-953e-e1f6d5ee3325,"Agrawal, Saurabh & Priyanka",personal,,,active,Sugar Land,TX,77479,3102 Barrons Way,,2026-07-06 04:10:02.887855+00:00,2026-07-08 15:12:14.974002+00:00,49
1b58e75e-52a2-4a73-8f30-5b66bebb14f0,"Bhindarwala, Shabbir & Nafisa",personal,,,active,Farmington Hills,MI,48331,27129 Hampstead Blvd.,,2026-07-06 04:10:02.887855+00:00,2026-07-08 15:12:18.860577+00:00,130
eed23777-ec4c-4b8b-bcdc-b9b1a5323897,"Ahmed, Sehaam",personal,,,active,Missouri City,TX,77459,26 Pravia Path Dr.,,2026-07-06 04:10:02.887855+00:00,2026-07-08 15:12:15.689857+00:00,56
738051cb-e1d4-4049-810d-182025992e54,"Bhatia, Vikram & Vidhu",personal,,,active,Houston,TX,77019,1710 Elmen St.,,2026-07-06 04:10:02.887855+00:00,2026-07-08 15:12:18.656036+00:00,128
fff53117-fb5f-4db5-aecc-fabba9d78329,"Bhindarwala, Sakina & Husain",personal,,,active,Bloomfield Hills,MI,48302,"4062 Golf Ridge Dr., E",,2026-07-06 04:10:02.887855+00:00,2026-07-08 15:12:18.758303+00:00,129
51f9089c-67df-493d-b6b2-46a90c7a3181,"Ahmed, Changez & Kaitlyn",personal,,,active,Houston,TX,77007,"3663 Washington Ave., Apt 7021",,2026-07-06 04:10:02.887855+00:00,2026-07-08 15:12:15.485192+00:00,54
c5e8e028-e1b1-4211-a99c-bcda6ab58114,"Brahmbhatt, Sejal",personal,,,active,Houston,TX,77019,1233 W Bell St.,,2026-07-06 04:10:02.887855+00:00,2026-07-08 15:12:20.292692+00:00,150
b3044b86-8f69-4ec1-b6b5-a744005fda1d,"Ali, Ahmed Hussein & Moussa, Maiada",personal,,,active,Fulshear,TX,77441,4210 Churchill Place Ct.,,2026-07-06 04:10:02.887855+00:00,2026-07-08 15:12:16.098694+00:00,65
9dde0118-e77b-44c9-82ca-23c91faec366,"Avant, Lawrence & Tanja",personal,,,active,Katy,TX,77449,3507 Tealwater Ct.,,2026-07-06 04:10:02.887855+00:00,2026-07-08 15:12:17.019421+00:00,96
6c2d0e69-8edf-43c3-833a-09a69a670e4e,"Blomstrom, Matthew & Allison",personal,,,active,Montgomery,TX,77316,26223 Laurens Ct.,,2026-07-06 04:10:02.887855+00:00,2026-07-08 15:12:19.167668+00:00,135
19893085-0b1c-4c46-a224-e39d1f75516f,"Bokrozion, Amanuel",personal,,,active,Katy,TX,77449,19726 Summerlin Dr.,,2026-07-06 04:10:02.887855+00:00,2026-07-08 15:12:19.269957+00:00,137
923e9b4c-f993-4b7a-9471-91fc26d8b07e,"Bowers, Mason R",personal,,,active,Palacious,TX,77465,909 4th Street,,2026-07-06 04:10:02.887855+00:00,2026-07-08 15:12:20.088150+00:00,148
f80c8612-cd24-4631-952e-91ed505d75d3,"Brar, Gurreet",personal,,,active,Houston,TX,77064,8606 Bridgefoot Ln.,,2026-07-06 04:10:02.887855+00:00,2026-07-08 15:12:20.497280+00:00,152
cc390b93-a99b-40e6-acb7-95924b603ead,"Bratton, Michael & Sandra",personal,,,active,Katy,TX,77449,19615 Green Oasis Ct.,,2026-07-06 04:10:02.887855+00:00,2026-07-08 15:12:20.599472+00:00,153
ac5a68aa-165b-444e-acb8-77d5ae465ac4,"Gupta, Ankit",personal,,,active,Jaipur Rajasthan,India,302004,C 87 Sethi Colony Near Transport NA,,2026-07-06 04:10:03.040253+00:00,2026-07-08 15:12:28.997081+00:00,330
c742c197-096d-4883-adba-e3763d8326e3,"Gupta, Deepak & Shikha",personal,,,active,Sugar Land,TX,77479,4711 Chaneybriar Ave.,,2026-07-06 04:10:03.040253+00:00,2026-07-08 15:12:29.201198+00:00,332
64a4af04-2cb6-40f1-952d-3bd524ec47e1,"Nihalani, Ajit & Raji",personal,,,active,Sugar Land,TX,77479,6515 Terscott Ct.,,2026-07-06 04:10:03.364140+00:00,2026-07-08 15:12:42.004489+00:00,599
552e97d8-da25-48ba-964e-a4f5a8b62a01,"O'Brien, Judith L",personal,,,active,Katy,TX,77493,6256 Mallard Dr,,2026-07-06 04:10:03.364140+00:00,2026-07-08 15:12:42.209212+00:00,953
8e3e2f77-a669-4576-94b9-8d3108fb4333,"Odhwani, Hassan & Shazia",personal,,,active,Katy,TX,77494,26410 Banning Park Ln.,,2026-07-06 04:10:03.364140+00:00,2026-07-08 15:12:42.311552+00:00,610
c5231929-858a-4e74-b06e-9ae122a936ed,"Gutierrez, Andrew & Kimberly",personal,,,active,Sealy,TX,77474,13980 FM 1458,,2026-07-06 04:10:03.040253+00:00,2026-07-08 15:12:29.609446+00:00,336
148ca1d3-b856-45f4-a3dc-83a334c49499,"Okpere, Matthew & Matthew-Okpere, Olachene Dorot",personal,,,active,Katy,TX,77449,20803 Brodie Lane,,2026-07-06 04:10:03.364140+00:00,2026-07-08 15:12:42.413906+00:00,611
ca263bf1-ae42-46e3-9763-d282bc21b4a3,"Oncale, Zachariah & Andrea",personal,,,active,Cypress,TX,77433,19502 Hickory Heights Dr,,2026-07-06 04:10:03.364140+00:00,2026-07-08 15:12:42.722892+00:00,941
d8550799-8baf-4fd5-8c87-dcb93e012c27,"Page, John & Tonya",personal,,,active,Manvel,TX,77584,3737 Hooks Rd.,,2026-07-06 04:10:03.364140+00:00,2026-07-08 15:12:42.928112+00:00,619
81bfb39e-725b-4877-8227-31d478eef11d,"Haleem, Shah & Marufa",personal,,,active,Katy,TX,77494,7514 San Clemente Point Ct.,,2026-07-06 04:10:03.040253+00:00,2026-07-08 15:12:30.017797+00:00,343
26521926-4fcd-4e38-9a4a-42c54acbcf46,"Palanna, Rajkumar & Namita",personal,,,active,College Station,TX,77845,4413 Egremont Pl.,,2026-07-06 04:10:03.364140+00:00,2026-07-08 15:12:43.030548+00:00,620
890fe0ff-4105-440d-94b8-83f987c7e1f7,"Pandya, Swetabahen",personal,,,active,Richmond,TX,77407,17315 Fechser Ln,,2026-07-06 04:10:03.364140+00:00,2026-07-08 15:12:43.132821+00:00,925
3d0b053d-c412-4f82-a02f-85565d5c4fc8,"Garcia Jr, Jasper & Haley",personal,,,active,Palacious,TX,77465,PO BOX 255,,2026-07-06 04:10:03.040253+00:00,2026-07-08 15:12:27.566516+00:00,302
5e313127-cda5-4ff7-b687-44d45536da80,"Pant, Suresh & Sunita",personal,,,active,Cedar Park,TX,78613,3914 Remington Rd.,,2026-07-06 04:10:03.364140+00:00,2026-07-08 15:12:43.235226+00:00,623
3e687d00-4867-43fe-9a15-bf62a0aa7304,"Pasala, Christopher",personal,,,active,Houston,TX,77021,2932 Payson St.,,2026-07-06 04:10:03.364140+00:00,2026-07-08 15:12:43.542207+00:00,628
15a88996-9ffd-49e8-b069-249555084035,"Pasala, Jonathan",personal,,,active,Pearland,TX,77584,2926 Fallscreek Ct.,,2026-07-06 04:10:03.364140+00:00,2026-07-08 15:12:43.746778+00:00,630
2cb54743-2000-454e-94a0-9a5cd2de37bc,"Patel, Priya",personal,,,active,New Braunfels,TX,78130,405 Moonvine Way,,2026-07-06 04:10:03.364140+00:00,2026-07-08 15:12:44.667796+00:00,639
86b60479-708b-4fa2-bbba-7c1c425eb332,"Patel, Urav & Palak",personal,,,active,Frisco,TX,75034,3375 Cedar Creek Trail,,2026-07-06 04:10:03.364140+00:00,2026-07-08 15:12:44.872501+00:00,641
a6f4c7d5-47d8-4fee-88e3-ad95a2b36b44,"Patel, Vriti",personal,,,active,McKinney,TX,75071,5917 Bora Dr.,,2026-07-06 04:10:03.364140+00:00,2026-07-08 15:12:44.974954+00:00,642
606263b8-ab8c-4090-a0cd-0a5543fac80f,"Hasan, Atiq",personal,,,active,Katy,TX,77450,21015 Kelliwood Arbor Ln.,,2026-07-06 04:10:03.040253+00:00,2026-07-08 15:12:30.529606+00:00,357
3814367a-e64a-44aa-b161-8289ebad5d69,"Patil, Aditi",personal,,,active,New York,NY,10027,"42 W 120th St., Apt 2D",,2026-07-06 04:10:03.364140+00:00,2026-07-08 15:12:45.077289+00:00,643
8b594172-047d-4cb0-a6ea-1a8c21bf4314,Pratap Vijay & Anita,personal,,,active,Sugar Land,TX,77479,5415 Dalton Ranch Ln.,,2026-07-06 04:10:03.364140+00:00,2026-07-08 15:12:46.101017+00:00,659
30a54b7c-3b94-4fd3-83c9-1c74a05d25af,"Hernandez, Tommy & Sarah",personal,,,active,Houston,TX,77057,18617 Egnet Bay Blvd Apt 1114,,2026-07-06 04:10:03.040253+00:00,2026-07-08 15:12:30.836463+00:00,928
320c8b4b-db2c-4944-8757-4d88f382ecd8,"Ghosn, Marwan & Nasr, Chada",personal,,,active,Houston,TX,77019,1337 W Bell St.,,2026-07-06 04:10:03.040253+00:00,2026-07-08 15:12:27.873074+00:00,308
c4bd7ca8-f9fa-4965-b6cb-13e9b31017e1,"Goria, Vipandeep & Jinal",personal,,,active,Nederland,TX,77627,203 N 30th Street,,2026-07-06 04:10:03.040253+00:00,2026-07-08 15:12:28.077882+00:00,315
e45b4dd4-a33f-47b1-accd-dd22e9d1fce8,"Gotur, Suresh & Deepa",personal,,,active,Bellaire,TX,77401,536 Wisteria St.,,2026-07-06 04:10:03.040253+00:00,2026-07-08 15:12:28.179878+00:00,316
836bdcf0-6443-4f90-9e27-9d03329b2c52,"Gandhi, Arvind & Shashi",personal,,,active,Missouri City,TX,77456,2826 Lake Villa Dr.,,2026-07-06 04:10:03.040253+00:00,2026-07-08 15:12:27.361912+00:00,300
99c08e53-b51e-4bc1-88cf-0056141182dc,"Ganpatye, Atul & Rao, Sheetal",personal,,,active,Katy,TX,77494,7618 Marble Cove Ln.,,2026-07-06 04:10:03.040253+00:00,2026-07-08 15:12:27.464276+00:00,301
b52aa548-ea75-4111-8f1d-4c5df297c256,"Guerra, Fabian & Victoria",personal,,,active,Houston,TX,77084,16910 Jenikay St.,,2026-07-06 04:10:03.040253+00:00,2026-07-08 15:12:28.384339+00:00,323
e88052ab-d59a-4f32-bd6a-403bf1f81d21,"Gujja, Venkat & Alugati, Kavitha",personal,,,active,Katy,TX,77494,26238 Scarlett Sage Ln.,,2026-07-06 04:10:03.040253+00:00,2026-07-08 15:12:28.588656+00:00,325
02110ce8-639c-4c34-9511-28cb119d85e4,"Guntupalli, Jayarama & Kalapalstha",personal,,,active,Houston,TX,77025,3003 Fairhope St.,,2026-07-06 04:10:03.040253+00:00,2026-07-08 15:12:28.792982+00:00,328
68f1e4b7-0f42-4c6e-913e-a180bcc80bbc,"Gupta, Aditya & Shefali",personal,,,active,Paradise Valley,AZ,85253,8651 N Caballo Circle,,2026-07-06 04:10:03.040253+00:00,2026-07-08 15:12:28.895054+00:00,329
388aa1e5-ca35-467e-b9fb-c67d60e2833c,"Khan, Sumera & Umer, Muhammad",personal,,,active,Cypress,TX,77433,11638 Whitewave Bend Ct.,,2026-07-06 04:10:03.205368+00:00,2026-07-08 15:12:34.319084+00:00,439
3247b3a4-e4f9-43d7-822c-dff2ecd27d42,"Manga, Risha",personal,,,active,Germantown,TN,38139,1744 Enclave Green Cv.,,2026-07-06 04:10:03.205368+00:00,2026-07-08 15:12:38.005782+00:00,510
4c824ddc-143d-42b2-9eea-d842a274b5e1,"Iqbal, Zahid & Lipi",personal,,,active,Katy,TX,77494,27902 Stoney Cloud Dr.,,2026-07-06 04:10:03.205368+00:00,2026-07-08 15:12:31.449787+00:00,381
43ea7183-a283-4c79-998c-f816558d67df,"Iruvanti, Ram & Lakshmi",personal,,,active,Sugar Land,TX,77479,4419 Sterling Heights Ln.,,2026-07-06 04:10:03.205368+00:00,2026-07-08 15:12:31.552108+00:00,382
565d5616-6b51-4cc9-9323-8e8ad0cec16a,"Khatri, Bella",personal,,,active,Leander,TX,78641,3017 Silvergrass Cove,,2026-07-06 04:10:03.205368+00:00,2026-07-08 15:12:34.523519+00:00,442
ffd0db45-de5c-4895-b4be-932bdce1546f,"Jain, Anand & Bela",personal,,,active,Missouri City,TX,77459,4507 Roth Dr.,,2026-07-06 04:10:03.205368+00:00,2026-07-08 15:12:31.756721+00:00,391
a42d929a-9647-463a-92bb-8fb93de71a75,"Khatri, DharmendraKumar & Aarti",personal,,,active,Leander,TX,78641,3017 Silvergrass Cove,,2026-07-06 04:10:03.205368+00:00,2026-07-08 15:12:34.625696+00:00,443
318a264d-593f-4924-8107-e6edb3024394,"Khatri, Suhashi",personal,,,active,Leander,TX,78641,3017 Silvergrass Cove,,2026-07-06 04:10:03.205368+00:00,2026-07-08 15:12:34.830279+00:00,445
0d43a31b-bf53-4de8-ab6f-49599a22104c,"Khetan, Shishir & Nitika",personal,,,active,Sugar Land,TX,77479,1811 Ralston Branch Way,,2026-07-06 04:10:03.205368+00:00,2026-07-08 15:12:35.239236+00:00,451
d8908de1-209b-4c20-bc67-b1038e1a2634,"Jain, Avi & Vidisha",personal,,,active,Sugar Land,TX,77479,6107 Bargo River Ct.,,2026-07-06 04:10:03.205368+00:00,2026-07-08 15:12:31.858927+00:00,392
12a9f7d1-fc90-4a10-aab0-05d2e3191dfe,"Jain, Vibhore & Anvi",personal,,,active,Sugar Land,TX,77479,6526 Tarrion Bay Ln.,,2026-07-06 04:10:03.205368+00:00,2026-07-08 15:12:31.961212+00:00,393
01f45452-d7d3-4adf-9d76-42dcfa4edd1a,"Mahajan, Atul & Shivani",personal,,,active,Richmond,TX,77407,7514 Clarendon Bend Ln.,,2026-07-06 04:10:03.205368+00:00,2026-07-08 15:12:36.060194+00:00,482
bc54490f-6a77-4b9c-9a3c-b884d674601b,"Jhaveri, Chetan & Shefali",personal,,,active,Sugarland,TX,77479,4014 Cabrera Dr.,,2026-07-06 04:10:03.205368+00:00,2026-07-08 15:12:32.370769+00:00,407
1ef99fd6-a7ed-4151-94f1-648cc8687918,"Jhaveri, Parth & Chudasama, Amisha",personal,,,active,Sugarland,TX,77479,4014 Cabrera Dr.,,2026-07-06 04:10:03.205368+00:00,2026-07-08 15:12:32.473009+00:00,408
1009e2ae-22cc-4a92-91de-0854f5764aab,"Malik, Guneet & Gurpreet",personal,,,active,Bellaire,TX,77401,4800 Palm St.,,2026-07-06 04:10:03.205368+00:00,2026-07-08 15:12:37.185795+00:00,502
142db2f2-072e-422e-b527-b669370a5aeb,"Jhaveri, Sanjana C",personal,,,active,Sugarland,TX,77479,4014 Cabrera Dr.,,2026-07-06 04:10:03.205368+00:00,2026-07-08 15:12:32.575464+00:00,409
c4e3e286-ed4d-4f2b-b162-e277461a2958,"Jolly, Ojas",personal,,,active,Missouri City,TX,77459,2114 Twin Rose Dr.,,2026-07-06 04:10:03.205368+00:00,2026-07-08 15:12:32.779877+00:00,414
2fa2be96-f852-41b2-bcda-fa34bcd1b7a6,"Malik, Sershar",personal,,,active,Houston,TX,77095,15507 Copper Branch Ln.,,2026-07-06 04:10:03.205368+00:00,2026-07-08 15:12:37.390563+00:00,504
7bc72c4a-829a-4144-a1ba-4d7a0ec14512,"Kalaouze, Fadi & Hege",personal,,,active,Bryan,TX,77807,3601 River Birch Cir.,,2026-07-06 04:10:03.205368+00:00,2026-07-08 15:12:32.882227+00:00,419
03ffcb24-e6ac-4c89-9ed4-816bc34f7dc8,"Kamen, Helen",personal,,,active,Houston,TX,77025,3704 Main Plaza Dr.,,2026-07-06 04:10:03.205368+00:00,2026-07-08 15:12:33.188905+00:00,425
b0641a5e-66ea-412f-9fad-ced87870ddc8,"Karamchandani, Rajprakash",personal,,,active,Katy,TX,77494,4618 Kings Landing Ln.,,2026-07-06 04:10:03.205368+00:00,2026-07-08 15:12:33.397398+00:00,427
935ab6cf-55d0-41eb-b85b-aac20f7daf7e,"Katikaneni, Saritha",personal,,,active,W Lake Hills,TX,78746,12 Sugar Shack Dr.,,2026-07-06 04:10:03.205368+00:00,2026-07-08 15:12:33.601802+00:00,430
088a9d53-eea0-46e2-bb72-21e14f0070bd,"Key, Michael & Michelle",personal,,,active,Dayton,TX,77535,2626 Hwy 146 South,,2026-07-06 04:10:03.205368+00:00,2026-07-08 15:12:33.807517+00:00,434
1673525c-9d29-4ac1-b597-6ba43abbf2e6,"Khan, Faraz & Bushra Syed",personal,,,active,Houston,TX,77024,11120 Memorial Dr.,,2026-07-06 04:10:03.205368+00:00,2026-07-08 15:12:34.114345+00:00,437
726e43d0-69e9-448a-a2cd-0777b79bfebb,"Khan, Jahan & Laura",personal,,,active,Humble,TX,77396,7415 Bearden Falls Ln.,,2026-07-06 04:10:03.205368+00:00,2026-07-08 15:12:34.216754+00:00,438
6f081430-6efb-43d9-9e6f-bc7a021c4063,"Mukherji, Joydip & Sanjukta",personal,,,active,Katy,TX,77494,4107 Retreat Creek Ln.,,2026-07-06 04:10:03.205368+00:00,2026-07-08 15:12:40.876260+00:00,572
3e474135-b37b-4e98-8400-40a7fcd4b14c,"Morris, Peter & Duncan, Sherie",personal,,,active,Missouri City,TX,77459,10415 Delta Oaks Ct.,,2026-07-06 04:10:03.205368+00:00,2026-07-08 15:12:40.261711+00:00,561
b1fad36d-c323-460a-a13a-c216871234c7,"Mirza, Saeed & Amin, Zarin",personal,,,active,Saratoga,CA,95070,14483 Chester Ave.,,2026-07-06 04:10:03.205368+00:00,2026-07-08 15:12:39.647709+00:00,550
0d4f85d9-1a79-4f27-b971-5a42fb60d1cb,"McEnroe, William & Tristan",personal,,,active,Spring,TX,77379,1907 Meirwoods Dr.,,2026-07-06 04:10:03.205368+00:00,2026-07-08 15:12:38.927135+00:00,530
0bd02118-47bf-4811-8315-f789063d9257,"Mensik, Eric & Candace",personal,,,active,Rosenberg,TX,77469,911 Butterfly Ln.,,2026-07-06 04:10:03.205368+00:00,2026-07-08 15:12:39.131787+00:00,537
22bcc9d2-a9c8-4490-a36a-e80ca84ba4ca,"Motamedi, Manouchehr & Fariba",personal,,,active,Sugar Land,TX,77479,1002 Ancrum Hill Ln.,,2026-07-06 04:10:03.205368+00:00,2026-07-08 15:12:40.364026+00:00,562
6dc27450-9d44-4b2b-b808-96966284cf79,"Nabbout, Toni & Lara",personal,,,active,Houston,TX,77024,4042 Piping Rock Ln.,,2026-07-06 04:10:03.205368+00:00,2026-07-08 15:12:41.286001+00:00,580
e288a6d6-6b0e-4069-a8a7-1ebf1a61891c,"Moiz, Aaban",personal,,,active,Katy,TX,77494,26511 Everett Glen Dr,,2026-07-06 04:10:03.205368+00:00,2026-07-08 15:12:39.852208+00:00,939
06f9445a-47e1-44a5-beb8-b25b6a1a4321,"Morkas, Siraj & Fizza",personal,,,active,Houston,TX,77041,13211 Shermons Pond,,2026-07-06 04:10:03.205368+00:00,2026-07-08 15:12:40.056809+00:00,559
e19e602f-3d3f-42d1-8f13-cdd2c5fe9542,"Tom, Siju & Nancy",personal,,,active,Missouri City,TX,77459,6911 Fall Creek Ln.,,2026-07-06 04:10:03.511032+00:00,2026-07-08 15:12:53.169062+00:00,856
094fdcbb-b076-4f28-bcb5-6e4cf9077189,"Moulin, Victor",personal,,,active,Houston,TX,77059,13902 Burnett Hills Ln.,,2026-07-06 04:10:03.205368+00:00,2026-07-08 15:12:40.568903+00:00,566
bf2fc9f1-952a-4bc7-90dc-b5ed81d865d2,"Metlian, Sarkis & Tsoler Zekian",personal,,,active,Katy,TX,77494,25110 South Briar Lane,,2026-07-06 04:10:03.205368+00:00,2026-07-08 15:12:39.234226+00:00,735
1a81bdd1-4875-4f9b-af30-6dd9191cccdc,"Mirza, Iqbal & Naheed",personal,,,active,Saratoga,CA,95070,14483 Chester Ave.,,2026-07-06 04:10:03.205368+00:00,2026-07-08 15:12:39.545362+00:00,549
ec7ff62b-7f8b-4ee2-a767-df01926c761a,"Nasser, Ali",personal,,,active,Houston,TX,77024,12511 Barryknoll Ln.,,2026-07-06 04:10:03.205368+00:00,2026-07-08 15:12:41.388452+00:00,581
00f87063-81fc-4523-bfb0-1db86c7ec867,"Mufarrige, Sonia",personal,,,active,Houston,TX,77005,4208 Case Street,,2026-07-06 04:10:03.205368+00:00,2026-07-08 15:12:40.773840+00:00,571
fce24fb5-a76a-4399-88a2-3ad69e20721e,"Mohiuddin, Mohamed & Amin, Mariam",personal,,,active,San Francisco,CA,94105,"201 Folsom St., Unit 8C",,2026-07-06 04:10:03.205368+00:00,2026-07-08 15:12:39.749890+00:00,556
dc8190bb-b6e0-4be6-a9a9-f626d0829a75,"Nabbout, Najib & Monica",personal,,,active,Spring,TX,77379,23 Lake Sterling Gate Dr.,,2026-07-06 04:10:03.205368+00:00,2026-07-08 15:12:41.183690+00:00,579
9011acfb-819c-4647-b45e-3ff9caa74191,"Mufarrige, Danny & Marintez, Zoe",personal,,,active,Houston,TX,77005,4208 Case Street,,2026-07-06 04:10:03.205368+00:00,2026-07-08 15:12:40.671560+00:00,570
dcf29ce7-5837-4840-8f76-33e2c477aa61,"Nasser, Shoayb",personal,,,active,Houston,TX,77083,8247 Worthington Dr.,,2026-07-06 04:10:03.205368+00:00,2026-07-08 15:12:41.594700+00:00,583
3b7097d7-045f-4f51-b90d-fa6c23124f05,"Wade, Tony",personal,,,active,Spring,TX,77386,27323 Dara Springs Ln.,,2026-07-06 04:10:03.511032+00:00,2026-07-08 15:12:55.012261+00:00,904
b3ce0a2d-e880-45ef-bafa-74db5a61248e,"Strickland Jr, James F & Angela D",personal,,,active,Katy,TX,77494,27500 Meeks Bay Ct.,,2026-07-06 04:10:03.511032+00:00,2026-07-08 15:12:52.248426+00:00,811
88ed63a0-e902-44a4-9470-37f73468a9ed,"Syed, Alyah",personal,,,active,Houston,TX,77056,5412 Sturbridge Dr.,,2026-07-06 04:10:03.511032+00:00,2026-07-08 15:12:52.555292+00:00,827
b3d0ce28-79e6-4fbe-a521-868884b02af3,"Vohra, Sandeep & Anuradha",personal,,,active,Hockley,TX,77447,31602 Lilac Terrace Ln.,,2026-07-06 04:10:03.511032+00:00,2026-07-08 15:12:54.807306+00:00,900
fd1de7bf-3b5d-4abd-9e95-f74ba26939c0,"Valluri, Nageswara & Srilatha",personal,,,active,Katy,TX,77494,4330 Copper Sky Ln.,,2026-07-06 04:10:03.511032+00:00,2026-07-08 15:12:54.089900+00:00,879
058b671c-6d2d-4d43-b367-e69870e8f94d,"Strickland Sr, James F & Amelia G",personal,,,active,Stafford,TX,77477-1703,11719 Dorrance Ln.,,2026-07-06 04:10:03.511032+00:00,2026-07-08 15:12:52.350680+00:00,812
34f12f49-d8d1-46f0-a1d9-c0217bf12223,"Syed, Adyan",personal,,,active,Houston,TX,77056,5412 Sturbridge Dr.,,2026-07-06 04:10:03.511032+00:00,2026-07-08 15:12:52.452983+00:00,826
3c395bd4-aa1e-4eda-8e76-8323d194ece8,"Syed, Amanul & Sandra",personal,,,active,Houston,TX,77056,5412 Sturbridge Dr.,,2026-07-06 04:10:03.511032+00:00,2026-07-08 15:12:52.657582+00:00,828
26fef71a-11a5-4e28-8d43-e65d6f7edc5d,"Vaught, Mary",personal,,,active,Houston,TX,77055,98 S. Creekside Court,,2026-07-06 04:10:03.511032+00:00,2026-07-08 15:12:54.396875+00:00,884
b8f22fb4-d523-44aa-a7b3-6ee35f70522f,"Trivedi, Aalap & Villas Boas, Lenissa",personal,,,active,Missouri City,TX,77459,5419 Pican Field Drive,,2026-07-06 04:10:03.511032+00:00,2026-07-08 15:12:53.373475+00:00,862
9044dc69-24e1-4caa-adc7-4ed18edd52e7,"Vazquez, Daniel & Myong",personal,,,active,Houston,TX,77094,1911 Stone Meadows Ln.,,2026-07-06 04:10:03.511032+00:00,2026-07-08 15:12:54.499302+00:00,885
dd7d33b9-c872-4eb0-9ee1-091af1cb3add,"Virupakshi, Sudhaker & Vidya Rajasubramanian",personal,,,active,Fulshear,TX,77441,4814 Aspen Crest Dr.,,2026-07-06 04:10:03.511032+00:00,2026-07-08 15:12:54.704892+00:00,891
cc385490-4529-43c9-b7a8-3b3b1f655d14,"Waheed, Satia",personal,,,active,Sugar Land,TX,77479,3715 Bee Bauou Ln.,,2026-07-06 04:10:03.511032+00:00,2026-07-08 15:12:55.115049+00:00,905
0416dab4-8ade-4cce-aef7-26deb49427be,"Tadrous, Rafik",personal,,,active,Houston,TX,77094,1119 Westport Shore Dr.,,2026-07-06 04:10:03.511032+00:00,2026-07-08 15:12:52.760031+00:00,831
df38b898-6b15-4ffb-9e83-bad2b8de86a0,"Tafarroji, Jafar & Mitra",personal,,,active,Pasadena,TX,77504,4119 Rancho Drive,,2026-07-06 04:10:03.511032+00:00,2026-07-08 15:12:52.862315+00:00,832
6df99b34-06af-4f47-b434-ab8d3b1f359a,"Welsh, Clare",personal,,,active,Katy,TX,77450,3502 Pedernales Trail Ln.,,2026-07-06 04:10:03.511032+00:00,2026-07-08 15:12:55.217347+00:00,908
2eac3f92-3f67-40aa-9534-c0b076b28f6b,"Wiley, Cody & Jessica",personal,,,active,Huffman,TX,77336,814 Commons Way Ct.,,2026-07-06 04:10:03.511032+00:00,2026-07-08 15:12:55.319643+00:00,912
06d8f751-2658-44e0-bc52-5228cc0d6699,"Umap, Amar",personal,,,active,Fugro House 509012,Rep. of Singapore,,35 Loyang Crescent,,2026-07-06 04:10:03.511032+00:00,2026-07-08 15:12:53.680399+00:00,872
24cd8b9f-da64-4de0-b23f-e59c43229690,"Vaddi, Rajeshwari",personal,,,active,Aubrey,TX,76227,1800 Gold Mine Trail,,2026-07-06 04:10:03.511032+00:00,2026-07-08 15:12:53.885337+00:00,878
b677accf-26ac-49ed-bf4d-6d942ba155f3,"Valad, Akbar &  Niloofar",personal,,,active,Houston,TX,77056,4950 Woodway Dr  #PH3,,2026-07-06 04:10:03.511032+00:00,2026-07-08 15:12:53.987593+00:00,938
adfa172a-945d-40a7-a76c-a067bcbc2466,"Rebbapragada, Venkata & Bandhakavi, Subhadra",personal,,,active,Houston,TX,77059,5915 Twilight Shadow Ln.,,2026-07-06 04:10:03.364140+00:00,2026-07-08 15:12:47.023678+00:00,689
1937886b-02c1-4167-85ad-21eb63716d8b,"Patterson, Pat & Helen",personal,,,active,Houston,TX,77095,17051 Eldoro Canyon Ln.,,2026-07-06 04:10:03.364140+00:00,2026-07-08 15:12:45.281887+00:00,645
2ed2463a-a1df-4c7b-b532-b02dc55456c2,"Quadri, Dastagir & Fatima, Humera",personal,,,active,Houston,TX,77084,18815 Keystone Oak St.,,2026-07-06 04:10:03.364140+00:00,2026-07-08 15:12:46.305894+00:00,670
fa125ded-1c44-4844-9b77-977f3465b638,"Rami, Nora L",personal,,,active,Sugar Land,TX,77479,7106 Habersham Ave.,,2026-07-06 04:10:03.364140+00:00,2026-07-08 15:12:46.715119+00:00,681
ee47d717-3035-42cc-8504-d3f8887ac846,"Puga, Tereza Eldar",personal,,,active,Houston,TX,77094,18602 Kingsland Blvd.,,2026-07-06 04:10:03.364140+00:00,2026-07-08 15:12:46.203510+00:00,667
70553dcf-b22d-49c7-b466-13a172b9986b,"Prakash, Suraj",personal,,,active,Celina,TX,75009,4123 Sanders Dr.,,2026-07-06 04:10:03.364140+00:00,2026-07-08 15:12:45.793784+00:00,655
068b2137-c53e-41bf-adcb-ad07a311ba38,"Paul, Kallul & Kallul, Jenifar",personal,,,active,Cypress,TX,77433,11407 Piney Creek Branch Ln.,,2026-07-06 04:10:03.364140+00:00,2026-07-08 15:12:45.384234+00:00,647
3965299c-a511-47bf-8ef6-575d56446386,"Perez, Juan & Joleen",personal,,,active,Georgetown,TX,78628,517 San Michelle Lane,,2026-07-06 04:10:03.364140+00:00,2026-07-08 15:12:45.486632+00:00,648
95be8b1c-9faf-49a8-9333-fb52014b6e65,"Pizzi, Jacopo",personal,,,active,Houston,TX,77027,"4444 Westheimer Rd., Apt 510A",,2026-07-06 04:10:03.364140+00:00,2026-07-08 15:12:45.589030+00:00,651
be34b09f-cc57-4991-b61d-e19a96068463,"Shrivastava, Rishbh & Ingleswar, Meghana",personal,,,active,Fulshear,TX,77441,27711 Utopia Canyon Ct.,,2026-07-06 04:10:03.364140+00:00,2026-07-08 15:12:49.995200+00:00,764
411aa400-3a8f-4d0f-8a6f-83533bdb1111,"Prasad, Guru & Lakshmi",personal,,,active,Warren,NJ,07059,25 Broadway Rd.,,2026-07-06 04:10:03.364140+00:00,2026-07-08 15:12:45.998671+00:00,658
36447af9-f042-4024-9118-c19333f25a18,"Qureshi, Humaira & Ali, Sahibzada",personal,,,active,Katy,TX,77494,25302 Willow Peak Ln.,,2026-07-06 04:10:03.364140+00:00,2026-07-08 15:12:46.510608+00:00,675
1994e7a1-a3d2-4d0e-a208-83f4b7e5d606,"Sadani, Amrit & Wasu, Orika",personal,,,active,Unite Arab Emirates,Abu Dhabi,51133,PO Box 4569 Abu Dhabi,,2026-07-06 04:10:03.364140+00:00,2026-07-08 15:12:47.948037+00:00,931
9dd1a0ea-0bf2-4862-8341-902f657035f0,"Ross, Shannon & David",personal,,,active,Spring,TX,77380,5 Box Turtle Ln.,,2026-07-06 04:10:03.364140+00:00,2026-07-08 15:12:47.537555+00:00,706
23833462-a4cf-4cca-85f3-804455a464a6,"Riley, Albert & Carrie",personal,,,active,Houston,TX,77002,1134 Ivy Wall Dr.,,2026-07-06 04:10:03.364140+00:00,2026-07-08 15:12:47.125982+00:00,697
30a0b1f2-79be-46ab-b7e8-b03309763410,"Rodriguez, Brian & Hill, Rebecca",personal,,,active,Spring,TX,77386,27323 Dara Springs Ln.,,2026-07-06 04:10:03.364140+00:00,2026-07-08 15:12:47.229109+00:00,701
e418d539-9a27-4440-b6d2-e8b03770d163,"Ross, Charlie",personal,,,active,Spring,TX,77380,5 Box Turtle Ln.,,2026-07-06 04:10:03.364140+00:00,2026-07-08 15:12:47.433723+00:00,705
731dd1e4-98bf-4a6c-b923-548ca7b1fefb,"Rouhana, Lauren & Rassi, Elias",personal,,,active,Houston,TX,77042,319 Big Hollow Ln.,,2026-07-06 04:10:03.364140+00:00,2026-07-08 15:12:47.641138+00:00,709
7ef64857-72fa-4e93-b1fa-8d349543b7cf,"Sarkis, Steffi",personal,,,active,Houston,TX,77092,4322 Marlborough Dr.,,2026-07-06 04:10:03.364140+00:00,2026-07-08 15:12:48.664228+00:00,736
b3036011-e83c-4479-a249-cdf627322c5b,"Sakshi, Caroline",personal,,,active,Katy,TX,77493,7015 Prairie Grass Ln.,,2026-07-06 04:10:03.364140+00:00,2026-07-08 15:12:48.152685+00:00,727
9f673480-111d-4ab6-9eab-e9cc75d1a694,"Samara, Isam & Nisreen",personal,,,active,Houston,TX,77082,3324 Bridgeberry Ln.,,2026-07-06 04:10:03.364140+00:00,2026-07-08 15:12:48.254985+00:00,729
f1ebcd0d-ea24-43ed-9c0f-e6d2355f3121,"Seth, Abhishek & Banu Lezzi, Sophia",personal,,,active,Kirkland,WA,98034,"11713 93rd Ave NE., Apt B8",,2026-07-06 04:10:03.364140+00:00,2026-07-08 15:12:48.869056+00:00,745
0a652ef0-711f-4948-9161-8a0fe6f0953c,"Simmons, Micah & Sarah",personal,,,active,Spring,TX,77386,2002 Jillian Oaks Ct,,2026-07-06 04:10:03.364140+00:00,2026-07-08 15:12:50.609265+00:00,772
a30f82a5-9509-4d23-ae2e-71115991744f,"Shaikh, Moomal",personal,,,active,Brooklyn,NY,11201,"111 Lawrence St., Apt 18A",,2026-07-06 04:10:03.364140+00:00,2026-07-08 15:12:49.278850+00:00,751
c59153fe-f3f6-46f4-8abd-07960a2f78cd,"Shah, Vipul & Florence",personal,,,active,Houston,TX,77064,10811 Lazy Meadows,,2026-07-06 04:10:03.364140+00:00,2026-07-08 15:12:49.176538+00:00,750
1a0ef02e-9b21-4c57-b401-ccc73fcfc2c0,"Shaikh, Nida",personal,,,active,TN13,3BH,United Kingdom,"1 Burlington Place, Kincraig Drive",,2026-07-06 04:10:03.364140+00:00,2026-07-08 15:12:49.381231+00:00,752
375f153c-06f2-49a0-af72-b7d07093f1d9,"Sharifi, Fereidoon & Soody",personal,,,active,Houston,TX,77005,5336 Institute Ln.,,2026-07-06 04:10:03.364140+00:00,2026-07-08 15:12:49.688091+00:00,755
8309530b-f3df-4e75-8210-e4ddde8ebae1,"Sheehan, Jeremy & Megen",personal,,,active,Catonsville,MD,212228,7 Dunbar Ave.,,2026-07-06 04:10:03.364140+00:00,2026-07-08 15:12:49.790475+00:00,757
fb0009f4-d3af-4390-85ad-36a36d51a2d6,"Shivanna, Binoy & Gopalakrishna, Bharathi",personal,,,active,Bellaire,TX,77401,4905 Spruce St.,,2026-07-06 04:10:03.364140+00:00,2026-07-08 15:12:49.892809+00:00,762
69e79b39-5e85-41c7-9a1e-1cc89c3ee66c,"Sikand, Saber",personal,,,active,Missouri City,TX,77459,1623 Crescent Oak Dr.,,2026-07-06 04:10:03.364140+00:00,2026-07-08 15:12:50.302243+00:00,769
60074fce-0829-4e37-8514-23c468f063cc,"Silva, Juan & Yansy",personal,,,active,Houston,TX,77009,1125 Fairbanks St.,,2026-07-06 04:10:03.364140+00:00,2026-07-08 15:12:50.404445+00:00,770
fb99209f-9953-4668-ba5f-b8c413f5b65f,"Simmons, Barrett",personal,,,active,Spring,TX,77386,2002 Jillian Oaks Ct.,,2026-07-06 04:10:03.364140+00:00,2026-07-08 15:12:50.506723+00:00,771
1c6a0690-f5f0-44b0-b365-da768042eb4c,"Singh, Sher Balgir & Smita Iruvanti",personal,,,active,Sugar Land,TX,77479,5507 Wollemi Falls Ln.,,2026-07-06 04:10:03.364140+00:00,2026-07-08 15:12:50.916463+00:00,775
45ba3eb6-9ed1-408e-9704-1b889b306f0a,"Singla, Prince & Rupa",personal,,,active,Houston,TX,77095,17206 Horsetooth Canyon Dr.,,2026-07-06 04:10:03.364140+00:00,2026-07-08 15:12:51.121061+00:00,776
af63d415-3a92-4817-aeda-25dbd9dc48c0,"Sinha, Mukesh & Chetna",personal,,,active,Cypress,TX,77433,10415 Creekbend Shore Dr.,,2026-07-06 04:10:03.364140+00:00,2026-07-08 15:12:51.223273+00:00,777
5c5792d9-1e2a-404b-a002-20b21e328085,"Solomons, Austin & Sarah",personal,,,active,Wichita Falls,TX,76305,21 River Creek Est,,2026-07-06 04:10:03.364140+00:00,2026-07-08 15:12:51.839024+00:00,792
84691f83-64a1-4173-90af-5378daee4c18,"Sinha, Seshank",personal,,,active,Houston,TX,77008,3522 Napavine Ln.,,2026-07-06 04:10:03.364140+00:00,2026-07-08 15:12:51.327383+00:00,778
266d0d4c-5def-4d80-8eda-62f2f1fc514c,"Sodhani, Vikas",personal,,,active,Houston,TX,77098,1928 Harold St. #2,,2026-07-06 04:10:03.364140+00:00,2026-07-08 15:12:51.429882+00:00,787
0baa4b5b-504d-4520-b5f0-e12b889b510a,"Soherwardy, Fasih & Saira",personal,,,active,San Antonio,TX,78266,78266 Pin Point,,2026-07-06 04:10:03.364140+00:00,2026-07-08 15:12:51.532189+00:00,788
8e68f738-8f28-4cfd-b21e-706557e19972,"Soliz, Adrian & Flores, Ana",personal,,,active,Houston,TX,77064,6623 Felicia Oaks Trail,,2026-07-06 04:10:03.364140+00:00,2026-07-08 15:12:51.634412+00:00,790
71bf24c7-daf8-4d6c-b05a-40c8c33c7855,"Soliz, Christopher",personal,,,active,Houston,TX,77064,6623 Felicia Oaks Trail,,2026-07-06 04:10:03.364140+00:00,2026-07-08 15:12:51.736668+00:00,791
91f2e4ce-6c55-469c-9304-0ba57de7a290,"Micael, Mulugeta & Eyerusalem",personal,,,active,Katy,TX,77449,19726 Summerlin Dr.,,2026-07-06 04:10:03.205368+00:00,2026-07-08 15:12:39.336438+00:00,542
fe714d9e-705e-4ec0-8ae9-95d6f4ccabf9,"Bajaj, Asha",personal,,,active,Missouri City,TX,77459,4127 Crow Valley Dr.,,2026-07-06 04:10:02.887855+00:00,2026-07-08 15:12:17.326294+00:00,105
ad9d1595-a909-44dd-bc1d-5b55920065a7,303A Properties LLC,business,,Kalcorp,active,College Station,TX,77840,303 University Dr. East,,2026-07-06 04:10:01.694796+00:00,2026-07-08 15:11:20.293228+00:00,8
32663cc2-2ec2-48ef-86ed-94f7caef9ae1,Dunn's Valve Testers Inc,business,,Micah Simmons,active,Spring,TX,77386,1827 Riley Fuzzel Rd. #2,,2026-07-06 04:10:02.219940+00:00,2026-07-08 15:11:33.527218+00:00,243
9ed07797-23ca-423b-bb44-80b0cfb33ecc,Choudhary Ajay & Sneh Khemka,personal,,,active,Sugar Land,TX,,4623 Feather Cove  Ct,,2026-07-06 04:10:03.511032+00:00,2026-07-08 15:12:55.731075+00:00,184
972dd76d-de50-4111-9d8a-86c83c9b4048,Drewett Michael & Hooper Stacy,personal,,,active,Montgomery,TX,,112 Sugar Peak Ct,,2026-07-06 04:10:03.511032+00:00,2026-07-08 15:12:55.833452+00:00,231
95a1d56b-e0aa-4cc4-a137-4ad7ecd32a5d,Drift Dynamics LLC,business,,Assem & Saood,active,Missouri City,TX,77459,26 Pravia Path Dr.,,2026-07-06 04:10:02.219940+00:00,2026-07-08 15:11:33.015836+00:00,233
37df5409-2ac6-4a61-9183-6b4004aa6f9c,"Harris, Scott & Susan",personal,,,active,Fulshear,TX,77441,67 Floral Hills Ln.,,2026-07-06 04:10:03.040253+00:00,2026-07-08 15:12:30.427421+00:00,355
2b695947-6c75-4263-8741-b29ca81fae77,BDESH Estates LLC,business,,Amanul Syed,active,Houston,TX,77429,5412 Sturbridge Dr.,,2026-07-06 04:10:01.694796+00:00,2026-07-08 15:11:27.689496+00:00,116
a3755feb-efc6-4cf1-ad90-ccd7372e4dcd,"Clark, Duncan & Morris Inc",business,,Peter M,active,Sugar Land,TX,77496,PO Box 17304,,2026-07-06 04:10:02.887855+00:00,2026-07-08 15:11:30.967054+00:00,189
668cbeee-7989-4787-8ed4-153bd8e5a956,Cyber Zone US LLC,business,,Sam Samara Group,active,Houston,TX,77077,13326 Westheimer Road Ste A,,2026-07-06 04:10:02.219940+00:00,2026-07-08 15:11:31.685204+00:00,200
7c982fb5-4f4a-4a33-80e3-90d055942e72,Davis Days,business,,Josh Davis,active,Pearland,TX,77584,4181 Magnolia St.,,2026-07-06 04:10:02.219940+00:00,2026-07-08 15:11:32.094292+00:00,208
0294d986-e14e-4990-942d-f1de0fbd8a13,"Niemann, Tyler & Shelby",personal,,,active,Hempstead,TX,77445,40315 Dusek Ln.,,2026-07-06 04:10:03.364140+00:00,2026-07-08 15:12:41.901771+00:00,598
598705a0-af84-4a5c-bad2-2b0bfd7c0f5e,"Singla, Karan & Aditi",personal,,,active,Houston,TX,77095,17206 Horsetooth Canyon Dr.,,2026-07-06 04:10:03.364140+00:00,2026-07-08 15:12:51.018807+00:00,956
02d535fd-997a-48d6-8789-2cd7e10d2dc0,"Somji, Alireza & Sana",personal,,,active,Sugar Land,TX,77479,5110 Ava Meadows Lane,,2026-07-06 04:10:03.364140+00:00,2026-07-08 15:12:51.941297+00:00,795
88fcf3c8-fb1a-4ebb-8080-5d146090d4a2,Aitouakrim Mounir,personal,,,active,Houston,TX,,1617 Foountain View Dr Apt 5,,2026-07-06 04:10:03.511032+00:00,2026-07-08 15:12:55.626604+00:00,59
19b22cc0-f074-40a8-8c79-6300bef45ff9,Global Dealership Services LLC,business,,Moe Elmorabit,active,Houston,TX,77008,1423 W 13th Street,,2026-07-06 04:10:02.219940+00:00,2026-07-08 15:11:37.830417+00:00,309
735791c7-f5cc-4283-9ce0-5e63cccbdf23,Amigo TopUps LLC,business,,Amanul Syed,active,Houston,TX,77035,7211 Regency Square Blvd Ste 203,,2026-07-06 04:10:01.694796+00:00,2026-07-08 15:11:25.022455+00:00,77
0187af15-832a-42c7-b8dd-478ecd84fa43,Amviram Holdings Management LLC,business,,Shonali,active,Houston,TX,77449,4410 Kinglet St.,,2026-07-06 04:10:01.694796+00:00,2026-07-08 15:11:25.433233+00:00,81
8b45a6ee-fe43-4f78-803a-cd6ab7a6ab8c,Ashirvaad LP,business,,Dr Subhash Bannerji,active,Dallas,TX,77036,6214 Stefani Dr.,,2026-07-06 04:10:01.694796+00:00,2026-07-08 15:11:25.946436+00:00,91
705b3f0c-9fe9-4ee7-b412-8abc9a21dbee,Hamza Invests Legacy Land LLC,business,,Hamza,active,Sugar Land,TX,77479,18706 University Blvd.,,2026-07-06 04:10:02.219940+00:00,2026-07-08 15:11:39.881049+00:00,353
0d06b6bd-b370-46d0-924a-e8351bf60389,B & S Agrawal Family LP,business,,VKC,active,Sugar Land,TX,77006,322 Julie Rivers Dr.,,2026-07-06 04:10:01.694796+00:00,2026-07-08 15:11:26.663003+00:00,100
9fab212b-2d38-4b97-86b3-08a72ed7c163,DHACAM Holdings LP (DE),business,,Amanul Syed,active,Houston,TX,77056,5412 Sturbridge Dr.,,2026-07-06 04:10:02.219940+00:00,2026-07-08 15:11:32.503403+00:00,221
8e243217-2ce8-45ad-bedb-e489e5e60392,Barcelona2015 LLC,business,,Nirav Patel,active,Tampa,TX,77084,2218 Branch Hill St.,,2026-07-06 04:10:01.694796+00:00,2026-07-08 15:11:27.279865+00:00,111
9ab260bc-a227-42fc-b0f8-b0118a92bb39,Barclay Operations LLC,business,,Malik,active,Houston,TX,78746,18323 Clay Rd.,,2026-07-06 04:10:01.694796+00:00,2026-07-08 15:11:27.382131+00:00,112
773cbba4-2ed6-4cc8-8735-c31900c85107,Boleh Real Estate LLC,business,,Micah Simmons,active,Katy,TX,76354,27806 Norfolk Trail Ln.,,2026-07-06 04:10:01.694796+00:00,2026-07-08 15:11:28.610763+00:00,139
8cd93b10-d995-417f-b588-f29f4f81d015,Catalina Media LLC,business,,,active,Miami Beach,FL,33132,1900 N Bayshore #4602,,2026-07-06 04:10:02.219940+00:00,2026-07-08 15:11:30.352585+00:00,174
368cf726-a684-42b6-8859-9cf4416348f0,Emesa Hills LLC,business,,Sarah Alabaykan,active,Hinsdale,IL,60521,"23 N Lincoln St., Unit 202",,2026-07-06 04:10:02.219940+00:00,2026-07-08 15:11:34.345645+00:00,260
11639a0e-099a-41c7-b454-d2a5ab83b4b6,Amvira LLC,business,,Shonali,active,Houston,TX,77035,4410 Kinglet St.,,2026-07-06 04:10:01.694796+00:00,2026-07-08 15:11:25.228589+00:00,79
06ef12dd-42ca-4a04-844b-1f234d529692,EISA Enterprises LLC,business,,Humaira,active,Katy,TX,77494,25302 Willow Peak Ln.,,2026-07-06 04:10:02.219940+00:00,2026-07-08 15:11:33.936782+00:00,255
3e95676f-04e5-45e4-a594-b0e57a332bb2,ILA Design Group LLC,business,,Vikas Sodhani,active,Houston,TX,77057,6222 Richmond Ave.. Ste 470,,2026-07-06 04:10:02.400270+00:00,2026-07-08 15:11:41.313670+00:00,374
d008b0fa-2169-464e-ade0-a3a59133663d,Sabbahi & Makani PLLC,business,,Dr Rabob,active,Houston,TX,77027,4015 Richmond Ave.,,2026-07-06 04:10:02.734801+00:00,2026-07-08 15:12:00.928743+00:00,721
f019521e-7367-4a0b-9af2-4e366979a8da,NBC Sub LLC,business,,Siju Tom,active,Missouri City,TX,77459,8018 Stinson Dr.,,2026-07-06 04:10:02.573696+00:00,2026-07-08 15:11:52.609704+00:00,585
e8a97863-87c8-43f0-8702-9d6684350695,SNH Real Estate LLC,business,,Baljit Gambhir,active,Houston,TX,77064,10302 Minturn Lane,,2026-07-06 04:10:02.734801+00:00,2026-07-08 15:12:04.006436+00:00,784
9adfd0ca-4e22-408d-b63f-183fbec9a464,SSKD Family Partnership LP,business,,Saritha,active,W Lake Hills,TX,78746,12 Sugar Shack Dr.,,2026-07-06 04:10:02.734801+00:00,2026-07-08 15:12:05.234013+00:00,804
d0f71fe5-5662-4edc-8746-18b271571e81,The Langford Group LLC (MI),business,,John Page,active,Pearland,TX,77584,"2222 County Rd. 90, Ste 111",,2026-07-06 04:10:02.734801+00:00,2026-07-08 15:12:09.028293+00:00,851
fe21973a-1cb6-475e-ab1c-2bc5b3280e63,"Davis, Cole",personal,,,active,Cypress,TX,77429,14511 Belvan Court,,2026-07-06 04:10:03.040253+00:00,2026-07-08 15:12:22.955212+00:00,210
e888304f-7047-42d7-ad29-d4dd7d4899bb,"D'Souza, Cecil & Iona",personal,,,active,Houston,TX,77031,11902 Vicdale Dr.,,2026-07-06 04:10:03.040253+00:00,2026-07-08 15:12:24.596074+00:00,236
649430e8-c233-4d8f-85e9-d7e160e1c3f6,"Mahon, Jeremy & Amanda",personal,,,active,Cypress,TX,77429,13014 Old Hickory Dr.,,2026-07-06 04:10:03.205368+00:00,2026-07-08 15:12:36.776607+00:00,490
09b18b3d-580f-4593-a32d-eef9ef5fc6d2,"Moughal, Salman & Nadia Bashir",personal,,,active,Katy,TX,77450,22522 Arbor Stream Dr.,,2026-07-06 04:10:03.205368+00:00,2026-07-08 15:12:40.466628+00:00,565
2154b0b5-0119-4cb3-99a8-a47eef85bc5d,"Parodi, Alfonso",personal,,,active,Hockley,TX,77447,15015 House Rd.,,2026-07-06 04:10:03.364140+00:00,2026-07-08 15:12:43.439873+00:00,627
0e4cd2f4-59b0-4035-9234-b431e29330fb,"Trokey, Karen",personal,,,active,Katy,TX,77493,4718 Shadow Grass Dr.,,2026-07-06 04:10:03.511032+00:00,2026-07-08 15:12:53.475767+00:00,864
7f1fef06-aa26-4426-8224-5017d6824ff4,Nexus Anesthesia Associates LLC,business,,Dr Almas,active,Montgomery,OH,45249,7874 Bicentennial Pl.,,2026-07-06 04:10:02.573696+00:00,2026-07-08 15:11:53.540136+00:00,594
16fc628f-7c7c-45c1-9c20-d3563fc729dc,Packman Relocators LLC,business,,,active,Richmond,TX,77406,21515 Prairie Crest Dr.,,2026-07-06 04:10:02.573696+00:00,2026-07-08 15:11:55.077563+00:00,618
7dff3695-fdae-42f6-97ac-cea60e096992,Prabhakhan LLC,business,,,active,Richmond,TX,77406,1619 Heritage South,,2026-07-06 04:10:02.573696+00:00,2026-07-08 15:11:55.896295+00:00,653
262537a2-cc93-4541-80df-a0b4a962c4f8,Pristine Energy LLC (dba San Marcos Apartment),business,,Shonali,active,Houston,TX,77035,6301 W Belfort St.,,2026-07-06 04:10:02.573696+00:00,2026-07-08 15:11:56.407981+00:00,662
b4762d69-d959-419c-8aa9-eb2fd4837b75,Priyaprachi Investments LLC,business,,Pintu,active,New Braunfels,TX,78130,405 Moonvine Way,,2026-07-06 04:10:02.573696+00:00,2026-07-08 15:11:56.714640+00:00,665
a77f717c-1c2a-4e11-a216-da972ba0c1e2,Rama Trading Inc,business,,RPBS/Outside Shareholders,active,Houston,TX,77242,PO Box 420447,,2026-07-06 04:10:02.573696+00:00,2026-07-08 15:11:57.945372+00:00,680
c19d30ed-7495-409f-8994-b3ab7d7ffb9e,RAPD's Investments LLC,business,,Puneet Dhamija,active,Spring,TX,77382,23 Rosedown Pl,,2026-07-06 04:10:02.573696+00:00,2026-07-08 15:11:58.149803+00:00,685
3accc1e2-3549-4697-a6bf-8c7cfb035cf9,Right Medical Billing LLC,business,,Humaira,active,Richmond,TX,77407,"5530 Long Prairie Trace, Ste. 600",,2026-07-06 04:10:02.573696+00:00,2026-07-08 15:11:59.072095+00:00,696
1b9e1de3-be93-48f2-998e-059d32451529,Rocky Mountain Inc (CO),business,,RPBS/Outside Shareholders,active,Greenwood Village,CO,80111,"7350 East Progress Place, Ste 100",,2026-07-06 04:10:02.573696+00:00,2026-07-08 15:11:59.381435+00:00,700
83dc8a5f-b638-4ded-981f-2670bbd25880,Royal Academic Inc (MI),business,,RPBS/Outside Shareholders,active,Southfield,MI,48075,26677 West 12 Mile Rd.,,2026-07-06 04:10:02.573696+00:00,2026-07-08 15:11:59.995232+00:00,711
69a1e163-0290-4545-9d5c-e17a1cf78a3d,Sana Somji OD PLLC,business,,,active,Sugar Land,TX,77479,15920 Lexington Blvd.,,2026-07-06 04:10:02.734801+00:00,2026-07-08 15:12:01.544825+00:00,733
5dc8a54e-6965-4dd1-82f5-ea3bda4f199f,SLL Transportation LLC,business,,Ron,active,Houston,TX,77041,6413 W Sam Houston Pkwy N,,2026-07-06 04:10:02.734801+00:00,2026-07-08 15:12:03.699575+00:00,781
6e1fb078-e514-46d7-a746-a6a95893de23,"Abifaker, Dima & Karim Moubayed",personal,,,active,Missouri City,TX,77459,5222 Avalon Pt.,,2026-07-06 04:10:02.887855+00:00,2026-07-08 15:12:14.257472+00:00,34
4ecacd03-14e5-4552-bae0-a0786b535089,"Agha, Talal & Zenah",personal,,,active,Spring,TX,77379,6407 Windy Pine Dr.,,2026-07-06 04:10:02.887855+00:00,2026-07-08 15:12:14.769333+00:00,47
c86cecff-036c-4f3e-b686-82c49aca4b6b,"Castro, Frank",personal,,,active,Sherman,TX,75092,"211 E Canyon Grove Rd., Apt 236",,2026-07-06 04:10:03.040253+00:00,2026-07-08 15:12:21.111264+00:00,172
230507cf-73e4-46aa-98f7-021194c1f6de,"Dak, Murtaza & Batul",personal,,,active,Katy,TX,77494,2303 Red Bluff Ct.,,2026-07-06 04:10:03.040253+00:00,2026-07-08 15:12:22.442947+00:00,202
cd0fec84-0014-472d-bcfd-86a526e3a0d0,Lisa Thomas OD PA,business,,,active,Pearland,TX,77584,"2802 Business Center Dr., Ste 114",,2026-07-06 04:10:02.400270+00:00,2026-07-08 15:11:46.654682+00:00,471
19feab63-957f-45ee-863e-ece246b44ef3,Malik Naz MD PA,business,,,active,Houston,TX,77024,213 Mayerling Dr.,,2026-07-06 04:10:02.400270+00:00,2026-07-08 15:11:48.505343+00:00,498
86b31d86-c2fc-4d39-a069-5546c099d2e2,MG Salon,business,,,active,Sugar Land,TX,77479,2181 Texas Dr,,2026-07-06 04:10:02.573696+00:00,2026-07-08 15:11:50.456730+00:00,539
dcb95bad-aef1-4acc-8606-6cce94b00956,Mid-Tex Services LLC,business,,Cathi Davis,active,Luling,TX,78648,1665 Sunflower Tr,,2026-07-06 04:10:02.573696+00:00,2026-07-08 15:11:50.763448+00:00,544
520d9217-9257-4191-9c3f-b7a0af087d78,Moi Wellness and Aesthetics PLLC,business,,Dr Andrew Khoury Group,active,Spring,TX,77380,25311 Interstate 45 Ste A,,2026-07-06 04:10:02.573696+00:00,2026-07-08 15:11:51.687117+00:00,557
56c547d1-ab75-435d-a7c8-20f2ac3ebc26,"Gallegos Ibarra, Delfina",personal,,,active,Sugar Land,TX,77479,7022 Morningside Dr,,2026-07-06 04:10:03.040253+00:00,2026-07-08 15:12:26.952888+00:00,934
05733bfc-0e4a-4293-8238-129586a46caf,"Khatri, Manaharbhai & Danguriben",personal,,,active,Leander,TX,78641,3017 Silvergrass Cove,,2026-07-06 04:10:03.205368+00:00,2026-07-08 15:12:34.728061+00:00,444
cb310881-896c-4a26-8ce4-eb5a26d58e36,Neurovision Performance PLLC,business,,,active,Sugar Land,TX,77479,15920 Lexington Blvd.,,2026-07-06 04:10:02.573696+00:00,2026-07-08 15:11:53.232058+00:00,591
ea6e0a44-1054-474a-a374-aa41a9e5ebff,"Mathias, Vinay & Ashley",personal,,,active,Richmond,TX,77406,1619 Heritage Ln.,,2026-07-06 04:10:03.205368+00:00,2026-07-08 15:12:38.619979+00:00,521
152d038c-e982-40f1-9e20-b4ccee63bdba,"Noori, Tawab",personal,,,active,Victorville,CA,92392,13250 Arvila Dr,,2026-07-06 04:10:03.364140+00:00,2026-07-08 15:12:42.106848+00:00,603
d2c331df-dcc1-439b-9767-c421bba81fe7,Ramchandani Poonam,personal,,,active,Katy,TX,77494,4618 Kings Landing Lane,,2026-07-06 04:10:03.364140+00:00,2026-07-08 15:12:46.612854+00:00,930
8fdc8cac-a3bd-4539-94f7-3a396050a326,"Rane, Ketan & Vaidehi",personal,,,active,Fulshear,TX,77441,5823 Caspian Falls Ln.,,2026-07-06 04:10:03.364140+00:00,2026-07-08 15:12:46.921413+00:00,684
18340f57-c35e-4918-938d-321251901d77,"Chawla, Reza & Nasser, Zehra",personal,,,active,Houston,TX,77024,10702 Memorial Cove,,2026-07-06 04:10:03.040253+00:00,2026-07-08 15:12:21.623410+00:00,180
2f728fe3-70e3-4ca0-a7e6-21d373a992aa,Lo Heat Airconditioning Inc,business,,,active,Houston,TX,77084,15907 Misty Heath Ln.,,2026-07-06 04:10:02.400270+00:00,2026-07-08 15:11:47.065418+00:00,475
b52fe064-bd0a-48cb-82a4-79b6dc290fb9,Magna Commercials Inc,business,,,active,Houston,TX,77056,"5001 Woodway Dr, Unit 1706",,2026-07-06 04:10:02.400270+00:00,2026-07-08 15:11:47.683715+00:00,964
715810fb-08b7-4b1a-b4c2-ec5ba48088bc,Mannlowe Inc,business,,,active,Little Falls,NJ,07424,101 Autumn Ct.,,2026-07-06 04:10:02.400270+00:00,2026-07-08 15:11:48.916434+00:00,515
e65feebf-bf27-4d30-9cae-8c1dd0094b9f,"Donthu, Soujanya & Ravulapelli, Shashikanth",personal,,,active,Frisco,TX,75035,13515 Balint Ln.,,2026-07-06 04:10:03.040253+00:00,2026-07-08 15:12:24.389969+00:00,230
d7b71a01-f1da-4e34-a996-6d496ae049a9,"Edwards, Bonnie",personal,,,active,Katy,TX,77449,22602 Guardsman Ln.,,2026-07-06 04:10:03.040253+00:00,2026-07-08 15:12:25.826732+00:00,254
3147cdb5-bde0-4231-ae08-a4786cc3f5a9,"Kuruvilla, Velangadan & Usha",personal,,,active,Richmond,TX,77406,8302 Port Branch Dr.,,2026-07-06 04:10:03.205368+00:00,2026-07-08 15:12:35.753287+00:00,459
503ca5d2-b9f4-4512-a949-b05ecb9f275f,Mattox Capital Ventures LLC,business,,,active,Fulshear,TX,77441,5802 Emeral Ranch Ln,,2026-07-06 04:10:02.400270+00:00,2026-07-08 15:11:49.224500+00:00,522
c5385c75-4e68-46a4-929c-fa852c880141,Medical Uniform Manufacturing Inc,business,,Ebrahim Mo & Ali,active,Bellaire,TX,77401,"4951 Terminal St., Ste G",,2026-07-06 04:10:02.400270+00:00,2026-07-08 15:11:50.149564+00:00,534
689ae6a6-597f-410b-906c-83867a47984a,Mixit it Fresh LLC,business,,Kalcorp,active,College Station,TX,77840,303 University Dr. East,,2026-07-06 04:10:02.573696+00:00,2026-07-08 15:11:51.174983+00:00,551
80a25646-d1ae-4ab1-8e66-b2d5e44944db,Mufarrige Investments LLC,business,,,active,Houston,TX,77005,4208 Case St.,,2026-07-06 04:10:02.573696+00:00,2026-07-08 15:11:52.096308+00:00,569
5a24e6cf-40be-469d-8921-bb37d640a29a,Neches River Printing LLC,business,,Vipandeep Group,active,Beaumont,TX,77705,3404 Washington Blvd,,2026-07-06 04:10:02.573696+00:00,2026-07-08 15:11:52.716146+00:00,586
738e4daf-6393-4346-985d-e7f46effca4a,Parodi Holdings LLC,business,,Pardoi Group,active,Cypress,TX,77433,17836 Mound Rd Ste A,,2026-07-06 04:10:02.573696+00:00,2026-07-08 15:11:55.487212+00:00,946
8e4db0fe-ce00-43e2-b610-c04eb3f33cae,Preferential Capital LLC,business,,,active,Houston,TX,77024,10702 Memorial Cv.,,2026-07-06 04:10:02.573696+00:00,2026-07-08 15:11:56.203557+00:00,660
7d33446e-5165-4532-87bd-fbc269dc9220,Red Oak 35 LLC,business,,Saritha,active,W Lake Hills,TX,78746,12 Sugar Shack Dr.,,2026-07-06 04:10:02.573696+00:00,2026-07-08 15:11:58.560417+00:00,690
5d4ba49d-fc48-481d-b7e6-b68593622c41,Sauson Investment Group LLC,business,,Ron,active,Houston,TX,77041,6413 W Sam Houston Pkwy N,,2026-07-06 04:10:02.734801+00:00,2026-07-08 15:12:02.057560+00:00,741
03ce7146-bdb6-46ee-b580-79fdd3c7fe28,Shooting Dynamics of TX LLC,business,,Assem Ahmed,active,Houston,TX,77066,12703 Shiloh Church Rd.,,2026-07-06 04:10:02.734801+00:00,2026-07-08 15:12:03.187731+00:00,763
40949398-9952-4104-a3a4-e3ed5d1d4113,SOAP Scada Engineering LLC,business,,Sadiq Mohd,active,Houston,TX,77043,"1334 Brittmoore Rd., Ste 1001",,2026-07-06 04:10:02.734801+00:00,2026-07-08 15:12:04.108692+00:00,785
c5973479-4500-4605-8bb3-b1409d381ccf,"Bernal, Leslie M",personal,,,active,Katy,TX,77449,4334 Field Meadow Dr.,,2026-07-06 04:10:02.887855+00:00,2026-07-08 15:12:17.939884+00:00,120
3a692e6a-08e0-47ec-9deb-8ef70bc5312f,"Patel, Maulik",personal,,,active,Manvel,TX,77578,4319 Sandy Cove Dr.,,2026-07-06 04:10:03.364140+00:00,2026-07-08 15:12:44.360635+00:00,636
3541ac4d-7eb9-466f-ab12-d0e74f4c0dc7,"Sadiq, Muhammad & Akram, Areeba",personal,,,active,Katy,TX,77450,22522 Arbor Stream Dr.,,2026-07-06 04:10:03.364140+00:00,2026-07-08 15:12:48.050421+00:00,724
a2d59094-5292-47be-a576-610f25ad885c,"Shanker, Swaminath & Geetha",personal,,,active,The Woodlands,TX,77382,46 South Player Crest Cir.,,2026-07-06 04:10:03.364140+00:00,2026-07-08 15:12:49.585758+00:00,754
75a28b47-a0c7-4686-b362-bde725396d89,Mayfair Assets LLC,business,,Farida Mangalji,active,Houston,TX,77005,"2418 Quenby St., #B",,2026-07-06 04:10:02.400270+00:00,2026-07-08 15:11:49.633932+00:00,527
521791a5-cdc2-4b17-ae5a-da77956f43a8,Noori Nursing Anesthesia Services PC,business,,,active,Sacramento,CA,95816,2108 n St Ste N,,2026-07-06 04:10:02.573696+00:00,2026-07-08 15:11:54.051677+00:00,602
09c0b3a4-5c3e-4b3c-9510-aee7c5823722,Quantai LLC,business,,Jiten,active,Houston,TX,77077,13710 Slate Creek Ln.,,2026-07-06 04:10:02.573696+00:00,2026-07-08 15:11:57.226321+00:00,672
98ff397f-fde0-4540-a15f-e70afcfb5e83,R & J Wealth Management LLC,business,,,active,Houston,TX,77027,3911 W Main St.,,2026-07-06 04:10:02.573696+00:00,2026-07-08 15:11:57.533228+00:00,676
d0c1ff48-ec69-4296-a57e-11bf4d57e168,Saffron Health PLLC,business,,,active,McKinney,TX,75071,181 North Ridge Rd,,2026-07-06 04:10:02.734801+00:00,2026-07-08 15:12:01.133547+00:00,725
bfcc4fe8-2c89-4a54-b2ba-b4a51a527133,Sharp International Inc (MI),business,,RPBS/Outside Shareholders,active,Farmington,MI,48334,32400 Glen Cove #8,,2026-07-06 04:10:02.734801+00:00,2026-07-08 15:12:02.674699+00:00,756
d6ff2c6d-0185-4781-bc63-7c0f7815015c,Adjeva LLC (dba Another Broken Egg Café) - Vintage,business,,Paul Sikand,active,Missouri City,TX,77459,1623 Crescent Oak Dr.,,2026-07-06 04:10:01.694796+00:00,2026-07-08 15:11:23.070958+00:00,39
388b0395-c337-4d55-884f-17a9a89ca9d1,Starlink Property Management LLC,business,,,active,Katy,TX,77493,25446 Farmstead Prairie Place,,2026-07-06 04:10:02.734801+00:00,2026-07-08 15:12:05.438510+00:00,806
b60e97e6-4745-4c5c-b015-032c7929fe32,SWA Investments LLC,business,,,active,Houston,TX,77077,13618 Winter Creek Ct,,2026-07-06 04:10:02.734801+00:00,2026-07-08 15:12:06.977645+00:00,825
635ac1a5-1532-4198-81b9-06c624bf45e8,"Dhamija, Puneet & Raminder",personal,,,active,Spring,TX,77382,23 Rosedown Place,,2026-07-06 04:10:03.040253+00:00,2026-07-08 15:12:23.878273+00:00,223
882a2f78-d70b-4625-9fd5-20e14b34136e,Subhadra Bandhakavi MD PA,business,,,active,Houston,TX,77059,5915 Twilight Shadow Ln.,,2026-07-06 04:10:02.734801+00:00,2026-07-08 15:12:06.363947+00:00,817
c7e0f2ab-732f-4c6a-be37-86ee590f6665,Sunstone Land Co LLC,business,,Steve Foster,active,Houston,TX,77096,1620 Hampton Oaks Cir.,,2026-07-06 04:10:02.734801+00:00,2026-07-08 15:12:06.773200+00:00,823
ecc4b4e8-8bd0-4b12-9df0-d0c5801f4ad1,TekExpro LLC,business,,Srilatha Valluri,active,Katy,TX,77494,4330 Copper Sky Ln.,,2026-07-06 04:10:02.734801+00:00,2026-07-08 15:12:07.389308+00:00,834
fbc2b11c-72e1-42fb-acb8-83c5991fb6f6,Texas Mariculture-Carancahua Bay LP,business,,,active,Palacios,TX,77465,909 4th Street,,2026-07-06 04:10:02.734801+00:00,2026-07-08 15:12:07.900964+00:00,839
c46cb6ac-621d-44d1-89f4-68af1ff5d6e6,The Cedar Tree Mediterranean Grill & Café LLC,business,,Kafil M,active,Lago Vista,TX,78645,7910 Prairie Rye Dr.,,2026-07-06 04:10:02.734801+00:00,2026-07-08 15:12:08.208681+00:00,843
4233957e-42f4-4ebc-8e5e-ccfece682544,Veritas Prepaid Phone Company LLC,business,,Amanul Syed,active,Houston,TX,77036,"7211 Regency Square, Ste 203",,2026-07-06 04:10:02.887855+00:00,2026-07-08 15:12:11.384958+00:00,888
3c022f5e-dfe7-415d-91d0-133633da1239,Collegiate Outfitters LLC,business,,Kalcorp,active,College Station,TX,77840,303 University Dr E,,2026-07-06 04:10:02.219940+00:00,2026-07-08 15:11:31.274131+00:00,192
48e7455d-c3ac-4667-bcd4-97fec25df2f1,Ali Ebrahim Limited Partnership,business,,Ebrahim Mo & Ali,active,Bellaire,TX,77401,"4951 Terminal St., Ste G",,2026-07-06 04:10:01.694796+00:00,2026-07-08 15:11:23.892544+00:00,64
295e38e2-971e-4ff1-affe-ef26a54d0d17,Devyani Management LLC,business,,Shonali,active,Houston,TX,77071,4410 Kinglet St.,,2026-07-06 04:10:02.219940+00:00,2026-07-08 15:11:32.401089+00:00,220
7cd1d56c-67aa-4419-a8da-ea83f4ecdba9,Makco Real Estate LLC,business,,,active,Pearland,TX,77584,3030 Glen Cullen Ln.,,2026-07-06 04:10:02.400270+00:00,2026-07-08 15:11:48.093110+00:00,494
970fe03c-50ad-4356-8b0e-f5141a65ccd4,Ntact Design Services LLC,business,,,active,Katy,TX,77494,"801 FM 1463, Ste 200-126",,2026-07-06 04:10:02.573696+00:00,2026-07-08 15:11:54.668468+00:00,609
b98c6c04-9554-40b3-afb9-dffb905482ad,Somji Holdings LLC,business,,,active,Sugar Land,TX,77479,15920 Lexington Blvd.,,2026-07-06 04:10:02.734801+00:00,2026-07-08 15:12:04.518145+00:00,794
35b70893-1075-4f61-b3a1-ccc864c7826e,Spur-Cross Ranch LLC,business,,Steve Foster,active,Houston,TX,77094,1620 Hampton Oaks Cir.,,2026-07-06 04:10:02.734801+00:00,2026-07-08 15:12:04.927236+00:00,800
d9967681-916d-4d0f-b004-8c76f45ad586,VKC I GP LLC,business,,VKC,active,Sugar Land,TX,77478,322 Julie Rivers Dr.,,2026-07-06 04:10:02.887855+00:00,2026-07-08 15:12:11.998520+00:00,895
703ddde5-4040-41c5-bec8-3a2a10857d9b,VKC Realty LLC,business,,VKC,active,Sugar Land,TX,77478,322 Julie Rivers Dr.,,2026-07-06 04:10:02.887855+00:00,2026-07-08 15:12:12.407385+00:00,899
4b1b6f5e-8fab-4ee7-b10b-e41a6cb0e058,XAPA X LLC,business,,,active,Kirkland,WA,98034,11713 93rd Ave NE Num B8,,2026-07-06 04:10:02.887855+00:00,2026-07-08 15:12:13.431072+00:00,914
30f33cfa-755b-4568-9d63-51281f968a56,Vyrion Technologies LLC,business,,Humaira Group,active,Richmond,TX,77406,327 May Meadow Lane,,2026-07-06 04:10:02.887855+00:00,2026-07-08 15:12:12.611939+00:00,903
6e78a08c-4e9c-4f7f-8e65-f590f7ad2d30,Zenith Enterprise LLC,business,,,active,Cypress,TX,77429,13826 Magnolia Manor Dr,,2026-07-06 04:10:02.887855+00:00,2026-07-08 15:12:13.840545+00:00,920
7cf9042a-ccae-4675-bd4f-d46bebe37742,Wealth Integration System for Entrepreneurs Inc,business,,Ali Nasser,active,Houston,TX,77024,12511 Barryknoll Ln.,,2026-07-06 04:10:02.887855+00:00,2026-07-08 15:12:12.918811+00:00,907
a8894c01-3351-4a1f-aed3-8ef9a1a31749,"Bhakta, Gaurangkumar",personal,,,active,Comfort,TX,78013,32 US 87,,2026-07-06 04:10:02.887855+00:00,2026-07-08 15:12:18.144386+00:00,123
e5ab786b-7019-4b66-9c4d-c3d64cbad093,215 Fargo St,business,,SFT Group,active,Houston,TX,77006,1915 Commonwealth St Ste 200,,2026-07-06 04:10:01.694796+00:00,2026-07-08 15:11:19.851933+00:00,4
2776b13a-5fca-4bd5-a14c-348dde1a32e5,Benry Utility Services LLC,business,,,active,Cypress,TX,77705,13735 Grant Rd.,,2026-07-06 04:10:01.694796+00:00,2026-07-08 15:11:27.791698+00:00,118
7d3c6fdc-c5e2-469d-9859-9ae4a797278e,Ability AI Services  LLC,business,,Sanjukta B Mukherji,active,Katy,TX,77494,4107 Retreat Creek Lane,,2026-07-06 04:10:01.694796+00:00,2026-07-08 15:11:22.658658+00:00,35
f8c8e6ae-4bbb-4dff-9ac3-74bbfb505878,2422 Wheeler LLC,business,,Jamil Hasan,active,Houston,TX,77055,1212 Gray Moss Ln.,,2026-07-06 04:10:01.694796+00:00,2026-07-08 15:11:19.954812+00:00,5
d569866f-e3a2-4b0f-ad3c-20915b452938,Advanced Spine & Pain Specialist,business,,Dr Andrew Khoury Group,active,The Woodlands,TX,77380,25305 Interstate 5,,2026-07-06 04:10:01.694796+00:00,2026-07-08 15:11:23.378202+00:00,42
68e40956-d817-4609-b101-53cf0afc6967,A & B GP LLC,Business,,Anand & Bela Jain Group,active,Missouri City,TX,77459,4507 Roth St,,2026-07-06 04:10:01.694796+00:00,2026-07-08 20:20:27.345539+00:00,24
819ac5a4-5d2b-42fc-bb0e-a2ddfd68814a,4530 Kingsbury LLC,business,,Jamil Hasan,active,Houston,TX,77055,1212 Gray Moss Ln.,,2026-07-06 04:10:01.694796+00:00,2026-07-08 15:11:20.911561+00:00,14
6d683726-d7b7-4eac-8c09-0a3711b3ef90,Iqbal M Mirza MD Professional Corporation,business,,,active,Saratoga,CA,95070,14483 Chester Ave.,,2026-07-06 04:10:02.400270+00:00,2026-07-08 15:11:41.927881+00:00,380
bfbc64f5-8e03-4c04-b59c-1461116832cd,Lakeland Financial Services Group,business,,,active,Lakeway,TX,78734,2121 Lohmans Crossing Rd Ste 504-146,,2026-07-06 04:10:02.400270+00:00,2026-07-08 15:11:45.936036+00:00,461
50e01a2a-bd61-440f-9505-bbbff9178982,Maxificient Inc,business,,Amrish,active,Fulshear,TX,77441,"27120 Fulshear Bend Dr., Ste 900-6",,2026-07-06 04:10:02.400270+00:00,2026-07-08 15:11:49.429229+00:00,525
e15d8ead-3c37-4bd3-8f3e-e585f275ffd3,Miller Wiley Ventures LLC (dba/Linx Energy Partners),business,,Jimmy Miller,active,Katy,TX,77493,23614 Greenwood Springs Pl.,,2026-07-06 04:10:02.573696+00:00,2026-07-08 15:11:50.970331+00:00,546
e6d60be8-bf95-42ab-a3a4-5cbffcccbb49,NIC Group Inc,business,,,active,Spring,TX,77379,23 Lake Sterling Gate Dr.,,2026-07-06 04:10:02.573696+00:00,2026-07-08 15:11:53.744794+00:00,596
2a22ab79-21b5-4d32-885a-f312402f756f,Quad Innovations Inc,business,,,active,Frisco,TX,75035,15249 Elderflower Lane,,2026-07-06 04:10:02.573696+00:00,2026-07-08 15:11:57.123937+00:00,933
4755fb02-2d55-4a3e-801b-ff7efcacdffa,Replico Enterprises Inc,business,,RPBS/Outside Shareholders,active,Houston,TX,77231,PO Box 310866,,2026-07-06 04:10:02.573696+00:00,2026-07-08 15:11:58.662763+00:00,691
a4abe2fd-77f6-474d-9342-23d32ed58e15,"Akhtar, Waqar",personal,,,active,Houston,TX,77064,10810 Summer Meadows Ct.,,2026-07-06 04:10:02.887855+00:00,2026-07-08 15:12:15.894475+00:00,62
12570867-6c6a-48a8-ad4c-8dab91f054ba,"Duncan, Evelyn",personal,,,active,Houston,TX,77036,7123 Lugary Dr.,,2026-07-06 04:10:03.040253+00:00,2026-07-08 15:12:25.212746+00:00,242
eb014514-0c7d-4a0a-9baa-37a0858a3f48,4802 Old Spanish Trail,business,,Jamil Hasan,active,Houston,TX,77055,1212 Gray Moss Ln.,,2026-07-06 04:10:01.694796+00:00,2026-07-08 15:11:21.015221+00:00,15
5eff1385-e702-4f4b-bc22-2ae964d47f6a,3607 Rosalie LLC,business,,Jamil Hasan,active,Houston,TX,77055,1212 Gray Moss Ln.,,2026-07-06 04:10:01.694796+00:00,2026-07-08 15:11:20.500674+00:00,10
861979f7-8f3a-422e-975a-4cf2f73ffadf,3831 Cosby LLC,business,,Jamil Hasan,active,Houston,TX,77055,1212 Gray Moss Ln.,,2026-07-06 04:10:01.694796+00:00,2026-07-08 15:11:20.603552+00:00,11
62017223-9d8d-4fc4-833a-379a3dc1ae37,3527 Ruth LLC,business,,Jamil Hasan,active,Houston,TX,77055,1212 Gray Moss Ln.,,2026-07-06 04:10:01.694796+00:00,2026-07-08 15:11:20.396347+00:00,9
1faee10b-1c82-409f-95ed-b6e672d7c4cd,4823 Jackson St LLC,business,,Baljit Gambhir,active,Houston,TX,77004,2507 Calumet St.,,2026-07-06 04:10:01.694796+00:00,2026-07-08 15:11:21.117676+00:00,16
483aad3a-1a35-4ed3-9053-6b3c77030213,6031 Beekman,business,,Jamil Hasan,active,Houston,TX,77055,1212 Gray Moss Ln.,,2026-07-06 04:10:01.694796+00:00,2026-07-08 15:11:21.530207+00:00,20
f41e8037-9e9e-4c0a-830a-1b813287172c,5107 Yellowstone LLC,business,,Jamil Hasan,active,Houston,TX,77055,1212 Gray Moss Ln.,,2026-07-06 04:10:01.694796+00:00,2026-07-08 15:11:21.426130+00:00,19
c502eb3a-b146-4b0b-baa2-1ef7312defcb,6634 Stearns LLC,business,,Jamil Hasan,active,Houston,TX,77055,1212 Gray Moss Ln.,,2026-07-06 04:10:01.694796+00:00,2026-07-08 15:11:21.632599+00:00,21
5d309ff8-ddcd-4c85-ad5f-695ec0371109,A-1 Personnel of Houston Inc,business,,Khemka,active,Stafford,TX,77477,12725 Royal Dr.,,2026-07-06 04:10:01.694796+00:00,2026-07-08 15:11:22.144147+00:00,26
262aeea0-bf0b-475f-a9f2-722cf4234e4d,4910 Dickens LLC,business,,Jamil Hasan,active,Houston,TX,77055,1212 Gray Moss Ln.,,2026-07-06 04:10:01.694796+00:00,2026-07-08 15:11:21.220044+00:00,17
a37c345d-08ed-43f1-961a-ce10296e88df,410 W Main LLC,business,,Baljit Gambhir,active,Houston,TX,77004,2507 Calumet St.,,2026-07-06 04:10:01.694796+00:00,2026-07-08 15:11:20.706079+00:00,12
aefad13b-0856-40e5-be17-07ef1be9dd61,4529 Kingsbury LLC,business,,Jamil Hasan,active,Houston,TX,77055,1212 Gray Moss Ln.,,2026-07-06 04:10:01.694796+00:00,2026-07-08 15:11:20.808540+00:00,13
e9b169be-1245-45e2-8eeb-612dd2dc4ee0,Aaron Edwards PLLC (dba Katy Dental Studio),business,,,active,Katy,TX,77450,21954 Kingsland Blvd.,,2026-07-06 04:10:01.694796+00:00,2026-07-08 15:11:22.246319+00:00,27
bd577a9f-49f1-42c8-9511-6da8e0e4d237,AbdurRahman LLC,business,,,active,Houston,TX,77006,1640 Vassar St.,,2026-07-06 04:10:01.694796+00:00,2026-07-08 15:11:22.555020+00:00,32
86b2a1b9-5a2c-4f8b-b830-deaaaf774f6c,15295 I-35 LLC,business,,Saritha,active,West Lake Hills,TX,78746,12 Sugar Shack Dr.,,2026-07-06 04:10:01.694796+00:00,2026-07-08 15:11:19.643182+00:00,2
7977c197-4898-4d3a-92bd-df6248b8aba9,A&B Jain Family Partnership Ltd,business,,RPBS/Anand & Bela,active,Stafford,TX,77477,"4755 Alpine Rd., Ste 100B",,2026-07-06 04:10:01.694796+00:00,2026-07-08 15:11:22.041952+00:00,25
7472a484-e23f-4070-ba74-abff31412c82,8623 Norton LLC,business,,Jamil Hasan,active,Houston,TX,77055,1212 Gray Moss Lane,,2026-07-06 04:10:01.694796+00:00,2026-07-08 15:11:21.734964+00:00,22
d51f1a45-da52-4bdd-9354-b62be6e693f1,8829 Carousel LLC,business,,Jamil Hasan,active,Houston,TX,77055,1212 Gray Moss Ln.,,2026-07-06 04:10:01.694796+00:00,2026-07-08 15:11:21.837419+00:00,23
eeb19826-b57f-4bec-827d-f29055995003,Acutech Solutions LLC,business,,,active,Cypress,TX,77433,19203 Caney Creek Mills Ln.,,2026-07-06 04:10:01.694796+00:00,2026-07-08 15:11:22.967837+00:00,38
0c7298fa-8411-4880-8054-55c77110cd48,Access Parking Systems Inc,business,,Moe Elmorabit,active,Sugar Land,TX,77479,8614 Green Ash Dr.,,2026-07-06 04:10:01.694796+00:00,2026-07-08 15:11:22.761272+00:00,36
a0be7f76-3c55-45c6-896e-aa64dc83add9,AAS Real Estate Ventures LLC,business,,Amanul Syed,active,Houston,TX,77056,5412 Sturbridge Dr.,,2026-07-06 04:10:01.694796+00:00,2026-07-08 15:11:22.348928+00:00,28
573af502-c9bf-4ab1-a57b-49f4a38b6ade,ADV Ventures LLC,business,,,active,Houston,TX,77054,2600 S Loop W Ste 300,,2026-07-06 04:10:01.694796+00:00,2026-07-08 15:11:23.275611+00:00,41
9881855e-2c09-4c6c-ad78-9326b16ef4a3,Adjewa LLC (dba Another Broken Egg Café) - Pearland,business,,Paul Sikand,active,Pearland,TX,77584,2510 Smith Ranch Rd.,,2026-07-06 04:10:01.694796+00:00,2026-07-08 15:11:23.173397+00:00,40
d2030880-a303-40c4-b83f-df8a4841f918,Acclaimed Trading Inc,business,,RPBS/Outside Shareholders,active,Houston,TX,77231,PO Box 310235,,2026-07-06 04:10:01.694796+00:00,2026-07-08 15:11:22.865533+00:00,37
9fce750c-28cd-4672-9a26-47f21e406a97,Gambhir Property at 614 Marshall LLC,business,,Baljit/B S Gambhir Family Ptr,active,Houston,TX,77006,402 Marshall St.,,2026-07-06 04:10:02.219940+00:00,2026-07-08 15:11:37.210571+00:00,295
0da34351-cec8-4cc3-aaa3-e6ba89f6aeb1,IKON Investments RE LLC,business,,,active,Houston,TX,77027,"520 Post oak Blvd., Ste 710",,2026-07-06 04:10:02.400270+00:00,2026-07-08 15:11:41.211392+00:00,373
f1cab909-a0b2-4f2c-aeaf-9f94156bfbb1,Abbasi Insurance Group Inc,business,,,active,Katy,TX,77494,1325 Main Street Suite 1104,,2026-07-06 04:10:01.694796+00:00,2026-07-08 15:11:22.452606+00:00,30
9293f14d-6c8c-4bd6-bf78-adc85d921876,"Bhatia, Urvi",personal,,,active,Houston,TX,77019,1710 Elmen St.,,2026-07-06 04:10:02.887855+00:00,2026-07-08 15:12:18.553645+00:00,127
8b6370ea-d936-41d3-8eb8-41c5dbb78b1c,Alishah Ventures LLC,business,,Shah,active,Katy,TX,77027,7514 San Clemente Point Ct.,,2026-07-06 04:10:01.694796+00:00,2026-07-08 15:11:24.302619+00:00,69
7a529379-a895-479f-9426-b20bc69aeffa,Alishah Market LLC,business,,Shah,active,Katy,TX,77494,7514 San Clemente Point Ct.,,2026-07-06 04:10:01.694796+00:00,2026-07-08 15:11:24.200220+00:00,68
c8d3a8f3-fe7e-4b36-ab87-180f689692e2,AltruVista RMC LLC,business,,Ali Nasser,active,Houston,NM,87113,"3555 Timmons Ln., Ste 915",,2026-07-06 04:10:01.694796+00:00,2026-07-08 15:11:24.509066+00:00,72
21963c44-fb3f-4b1c-8fcc-661e3382d461,Ali Haghshenas Educational & Musical Foundation,business,,,active,Houston,TX,77494,13730 Somersworth Dr,,2026-07-06 04:10:01.694796+00:00,2026-07-08 15:11:23.995190+00:00,951
0f8170fb-0cd9-4217-9a40-6388d124b5e2,Akhtar Eye Associates LLC,business,,,active,Humble,TX,77338,"3103 FM 1960 Rd., West",,2026-07-06 04:10:01.694796+00:00,2026-07-08 15:11:23.582861+00:00,60
0d10de25-b2ad-4ab6-8811-f96c1e041f02,Alishah Brewster St LLC,business,,Shah,active,Katy,TX,77494,7514 San Clemente Point Ct.,,2026-07-06 04:10:01.694796+00:00,2026-07-08 15:11:24.097815+00:00,67
6dc24b5e-826e-4e7d-847e-f4963a1dcb05,Alex & Denzil LLC,business,,,active,Houston,TX,77049,15135 Wallisville Rd.,,2026-07-06 04:10:01.694796+00:00,2026-07-08 15:11:23.788916+00:00,63
f35773cb-f4a6-4c0e-b175-465a35e48761,Amaan Siddiqi MD PLLC,business,,,active,Houston,MI,48226,3262 Westheimer Rd. #422,,2026-07-06 04:10:01.694796+00:00,2026-07-08 15:11:24.713582+00:00,74
61dec518-3c9e-42ee-a686-59a624878c67,ASAA Estates LLC,business,,Amanul Syed,active,Houston,CA,95070,790 W Sam Houston Pkwy N,,2026-07-06 04:10:01.694796+00:00,2026-07-08 15:11:25.740224+00:00,88
5a384741-234a-4cfc-807f-6b0487a5df71,Asset Holding Partnership Ltd,business,,Ron,active,Houston,TX,77494,6421 W Sam Houston Pkwy N,,2026-07-06 04:10:01.694796+00:00,2026-07-08 15:11:26.150991+00:00,93
980f95ce-9d4c-46a8-8500-6d0ad70b620c,Avibhore LLC,business,,RPBS/Vibhore Jain,active,Sugar Land,TX,77479,4519 Wentworth Ave.,,2026-07-06 04:10:01.694796+00:00,2026-07-08 15:11:26.458205+00:00,97
ed056742-7f7d-4a13-ab67-9f52e1a77af2,B & S Agrawal Family GP LLC,business,,VKC,active,Sugar Land,TX,77479,322 Julie Rivers Dr.,,2026-07-06 04:10:01.694796+00:00,2026-07-08 15:11:26.560517+00:00,99
d122bcd5-d23f-42fa-aaca-7e1ea25a2683,Attez LLC,business,,,active,College Station,TX,77479,4413 Egremont Pl.,,2026-07-06 04:10:01.694796+00:00,2026-07-08 15:11:26.355829+00:00,95
578cefff-2b14-4d09-aa6f-c2df6734cf4f,Aspire Enterprise LLC,business,,RPBS/Anand & Bela,active,Houston,TX,77041,"7457 Harwin Dr., Ste 327B",,2026-07-06 04:10:01.694796+00:00,2026-07-08 15:11:26.048643+00:00,92
4809ab6f-1b54-41e3-ad31-075702fbf5c5,B & S Gambhir Family Partnership Ltd,business,,Baljit Gambhir,active,Houston,TX,77413,402 Marshall St.,,2026-07-06 04:10:01.694796+00:00,2026-07-08 15:11:26.768106+00:00,101
d093a905-050a-40b4-b46d-369011b93aeb,ASC Anesthesia Associates Inc,business,,,active,Saratoga,TX,75225,14483 Chester Ave.,,2026-07-06 04:10:01.694796+00:00,2026-07-08 15:11:25.842568+00:00,90
3a1b172c-aaa0-4b8c-9fc1-7b7dc2bb5947,Bando Steak LLC,business,,,active,Dallas,FL,33612,6518 Day St.,,2026-07-06 04:10:01.694796+00:00,2026-07-08 15:11:27.177321+00:00,107
c1586535-b3e9-49cc-b89a-21b8fa2474e5,Bdantowitz LLC,business,,,active,Brighton,TX,77056,165 Chestnut Hill Ave Apt 12,,2026-07-06 04:10:01.694796+00:00,2026-07-08 15:11:27.587070+00:00,115
3c96bcd5-e7f9-4c21-bef1-6ac41019f98a,BK & Malik Inc,business,,Malik,active,Houston,TX,75006,15507 Copper Branch Ln.,,2026-07-06 04:10:01.694796+00:00,2026-07-08 15:11:28.201356+00:00,133
dc4dc81e-dadc-4e9a-bf65-a558f1889f83,Bertha Drive Inc,business,,Humaira Group,active,Baldwin Harbor,TX,77019,3516 Bertha Drive,,2026-07-06 04:10:01.694796+00:00,2026-07-08 15:11:27.996574+00:00,122
e6a3d2fc-c39b-4995-a56b-798bfad4a8d0,Barton Springs Lamar LLC,business,,Saritha,active,West Lake Hills,MA,2135,12 Sugar Shack Dr.,,2026-07-06 04:10:01.694796+00:00,2026-07-08 15:11:27.484579+00:00,114
316a8b12-04c8-4b85-b217-46b7e5ad1f79,BA & CS LLC,business,,Steve Foster,active,Barker,TX,77004,PO Box 464,,2026-07-06 04:10:01.694796+00:00,2026-07-08 15:11:26.870350+00:00,102
5a902d4d-53cd-42f6-9b96-3fa8044a1bfa,Bamex Management Inc (DE),business,,Amanul Syed,active,Houston,TX,75227,5412 Sturbridge Dr.,,2026-07-06 04:10:01.694796+00:00,2026-07-08 15:11:27.075100+00:00,106
a705057c-d93d-4390-82d7-cbfc1eaa7f4e,Back to Naturel LLC,business,,,active,Houston,TX,77056,2613 Emancipation Ave.,,2026-07-06 04:10:01.694796+00:00,2026-07-08 15:11:26.972608+00:00,104
46672040-dd12-4aa3-899e-aaf95041b5ac,Boleh Industries LLC,business,,Micah Simmons,active,Katy,TX,77494,27806 Norfolk Trail Ln.,,2026-07-06 04:10:01.694796+00:00,2026-07-08 15:11:28.508496+00:00,138
a762311a-77c6-4fd7-b574-aa8793fa283a,Boomtown Vision PLLC,business,,,active,Burkburnett,TX,77478,312 S Avenue D,,2026-07-06 04:10:01.694796+00:00,2026-07-08 15:11:28.713220+00:00,140
dc6311fe-c98c-47de-8c23-5a255f4406f1,BKBS Leasing Properties LLC,business,,,active,Carrollton,GA,30342,2321 Briardale Dr.,,2026-07-06 04:10:01.694796+00:00,2026-07-08 15:11:28.303678+00:00,134
4b2cee40-1998-47a5-9ff5-d53cb61b25f8,Bianca Asan Borja MD PLLC,business,,,active,Houston,TX,77095,"3636 West Dallas St., Unit 571",,2026-07-06 04:10:01.694796+00:00,2026-07-08 15:11:28.098857+00:00,131
46bdc394-61ef-456d-8839-89343b58345e,Building Assets LLC,business,,,active,Katy,TX,77450,21954 Kingsland Blvd.,,2026-07-06 04:10:01.694796+00:00,2026-07-08 15:11:29.122777+00:00,159
982635a5-a90d-46aa-96ee-ab86ba750fcf,Blue Ocean Ventures LLC,business,,,active,Atlanta,TX,77494,"5555 Glenridge Connector, Ste 200",,2026-07-06 04:10:01.694796+00:00,2026-07-08 15:11:28.406054+00:00,136
684d3c4f-2717-493c-988c-35706cd4f86d,Brij & Sunita Agrawal Foundation,business,,VKC,active,Sugar Land,TX,77041,322 Julie Rivers Dr.,,2026-07-06 04:10:01.694796+00:00,2026-07-08 15:11:28.815790+00:00,154
6ce5ca6e-1aca-467b-8343-fa7c63fdb401,Brookline Partners LLC,business,,John Page,active,Pearland,TX,77584,"2225 County Rd. 90, Ste 111",,2026-07-06 04:10:01.694796+00:00,2026-07-08 15:11:28.918194+00:00,156
cf0fd6b7-0327-46a3-955d-fcf5a5698e86,Bullet Bumper LLC,business,,,active,Humble,TX,77396,2000 Wilson Rd,,2026-07-06 04:10:01.694796+00:00,2026-07-08 15:11:29.225191+00:00,160
89716b5c-443b-47a7-a5d1-e574138b8f08,Cabomex Estates LLC (DE),business,,Amanul Syed,active,Houston,TX,77056,5412 Sturbridge Dr.,,2026-07-06 04:10:01.694796+00:00,2026-07-08 15:11:29.532370+00:00,163
c792f51c-2ae0-449a-9265-3736125eaa28,BS Gambhir LLC,business,,,active,Houston,TX,77006,402 Marshall St.,,2026-07-06 04:10:01.694796+00:00,2026-07-08 15:11:29.020472+00:00,157
73935f34-fcf3-466b-a0ad-dbab82aa9b14,Canaan Shalom Holdings Inc,business,,Leslie Bernal,active,Houston,TX,77043,"10902 Katy Freeway, Unit 103",,2026-07-06 04:10:01.694796+00:00,2026-07-08 15:11:29.738357+00:00,166
1378ae39-e8e1-428a-b0aa-445800fce3e3,C&H Transportation & Bus Rentals LLC,business,,Ron,active,Houston,TX,77041,10143 Hardison Ln.,,2026-07-06 04:10:01.694796+00:00,2026-07-08 15:11:29.327659+00:00,161
3e6ff1ff-addf-4877-a843-189636273d89,C4 Energy Services LLC,business,,,active,Mission,TX,78573,602 Chelsea Dr.,,2026-07-06 04:10:01.694796+00:00,2026-07-08 15:11:29.429917+00:00,162
92916e16-1c47-4157-801e-f51adfb7b571,Altusa Office Warehouse Association Inc,business,,VKC,active,Albuquerque,TX,77098,"1311 Cuesta Abajo Ct., NE #D",,2026-07-06 04:10:01.694796+00:00,2026-07-08 15:11:24.611337+00:00,73
dbb6008b-5986-4731-a2d0-6a5c3670cd7b,Cakebites LLC,business,,VKC Group,active,Sugar Land,TX,77479,3102 Barrons Way,,2026-07-06 04:10:01.694796+00:00,2026-07-08 15:11:29.636096+00:00,164
932f860d-c8bf-42c9-bd49-f126be725cdf,Akhtar Eye Professionals LLC,business,,,active,Houston,TX,77064,10810 Summer Meadows Ct.,,2026-07-06 04:10:01.694796+00:00,2026-07-08 15:11:23.686404+00:00,61
1c42b999-5ad0-4ced-9955-05443e94a367,Charlene B Freeze Estate,business,,,active,Baytown,TX,77523,15222 E Chapparal,,2026-07-06 04:10:02.219940+00:00,2026-07-08 15:11:30.455233+00:00,177
6c9ef52a-a07f-425a-ae1b-2a6166044403,Chimique International Inc,business,,,active,Round Rock,TX,78665,1065 Dyer Crossing Way,,2026-07-06 04:10:02.219940+00:00,2026-07-08 15:11:30.762390+00:00,182
2108a850-d3e8-4058-9415-5a8c1e8ae773,ChildHood Center for Rheumatology PLLC (dba Rheum to Grow),business,,,active,Houston,TX,77027,2030 Suffolk Drive,,2026-07-06 04:10:02.219940+00:00,2026-07-08 15:11:30.660249+00:00,181
c9379fe7-06ed-4b5d-b84b-4ae251c03098,CMEI International Inc,business,,,active,Sugar Land,TX,77479,12 Fosters Green Dr.,,2026-07-06 04:10:02.219940+00:00,2026-07-08 15:11:31.069557+00:00,190
b82629a6-7eeb-4e4b-ac3e-ef9f97b1f9e2,Comense Investments LLC,business,,Venkat Gujja,active,Katy,TX,77494,26238 Scarlett Sage Ln.,,2026-07-06 04:10:02.219940+00:00,2026-07-08 15:11:31.376413+00:00,193
2b7da4d9-0281-452c-918c-b0570a2c6b7a,Carlin Barnes MD PA,business,,,active,Houston,TX,77030,"2424 W Holcombe Blvd., Ste 204",,2026-07-06 04:10:02.219940+00:00,2026-07-08 15:11:30.147796+00:00,170
278a773f-3ca1-40b3-8a91-2370a950a47e,Dallas's Dream Factory LLC,business,,,active,Houston,TX,77010,1400 McKinney St. Unit 3505,,2026-07-06 04:10:02.219940+00:00,2026-07-08 15:11:31.889639+00:00,205
9c66a2f5-716c-4525-b9d9-20973063e4c1,CWH Abrasive Specialties LLC,business,,,active,Arlington,TX,76015,2114 Westmoor Pl.,,2026-07-06 04:10:02.219940+00:00,2026-07-08 15:11:31.582721+00:00,199
23421e3c-0e34-4cb5-bfe6-97705ac6d99e,COH Greenfield Apartments LLC,business,,John Page,active,Pearland,TX,77584,"2225 County Rd. 90, Ste 111",,2026-07-06 04:10:02.219940+00:00,2026-07-08 15:11:31.171828+00:00,191
b71e9875-e52d-4d9c-ba83-fe41ea743e32,Drewett Holdings LLC,business,,,active,Humble,TX,77338,2000 Wilson Rd,,2026-07-06 04:10:02.219940+00:00,2026-07-08 15:11:32.811087+00:00,932
4953df83-5135-468a-82ee-4e1a5ada3d9f,Cytex Properties LLC,business,,,active,Bellaire,TX,77401,4951 Terminal St Ste G,,2026-07-06 04:10:02.219940+00:00,2026-07-08 15:11:31.787393+00:00,201
48324a61-88cc-43ff-a21a-6e2a998682ed,Condara Consultation & Inspection LLC,business,,,active,Houston,TX,77095,"8524 Hwy 6 N, PMB 108",,2026-07-06 04:10:02.219940+00:00,2026-07-08 15:11:31.480346+00:00,194
b43923f9-0fd9-463c-8371-63230f428856,Drewett Operations LLC,business,,,active,,,,,,2026-07-06 04:10:02.219940+00:00,2026-07-08 15:11:32.913498+00:00,232
3e966a7c-a629-40f5-b248-725b5779b288,Diastar Inc,business,,Shefali,active,Houston,TX,77057,"6222 Richmond Ave., Ste 799",,2026-07-06 04:10:02.219940+00:00,2026-07-08 15:11:32.605826+00:00,226
cd904945-aff3-4bae-aed9-15ac9595f38d,DU Management LLC,business,,,active,Sugar Land,TX,77479,4639 Sanders MeadowLn,,2026-07-06 04:10:02.219940+00:00,2026-07-08 15:11:33.322809+00:00,961
23f3d393-6fec-4450-8357-b3997f823058,DMW Food Services LLC,business,,,active,Houston,TX,77032,"15655 John F Kennedy Blvd., Ste J",,2026-07-06 04:10:02.219940+00:00,2026-07-08 15:11:32.708126+00:00,229
b9748e4c-7ff3-4fd7-8f4e-f2012c6bcbe3,DB Coaching & Consulting LLC,business,,,active,Sugar Land,TX,77479,4819 Nolan Ridge Ct.,,2026-07-06 04:10:02.219940+00:00,2026-07-08 15:11:32.196419+00:00,214
c8f0ba41-58b1-4fb0-b5e9-81ef79b44200,Danta Enterprises LLC,business,,,active,Rosenberg,TX,77471,5034 Lacebark Pine Trail,,2026-07-06 04:10:02.219940+00:00,2026-07-08 15:11:31.991974+00:00,206
a0996798-2eb8-4c8d-adbe-402f2fe76d3c,Delle Properties LLC,business,,,active,Richmond,TX,77406,"5614 W. Grand Pkwy S., Ste 102-131",,2026-07-06 04:10:02.219940+00:00,2026-07-08 15:11:32.298680+00:00,215
14446e5d-be30-489a-9c2a-fb3e7c94a9e1,Ecymbol Inc,business,,,active,Austin,TX,78750,11216 Taterwood Dr.,,2026-07-06 04:10:02.219940+00:00,2026-07-08 15:11:33.834580+00:00,253
d1962795-5a8f-4fdb-940f-58a91928058c,CK Yolk LLC,business,,,active,Spring,TX,77389,206 Bauer Point Ct.,,2026-07-06 04:10:02.219940+00:00,2026-07-08 15:11:30.864689+00:00,188
f06fa2d1-4f76-4b0e-a320-beecbec0cf02,E Z Good Inc,business,,,active,Houston,TX,77083,15004 Lindita Dr.,,2026-07-06 04:10:02.219940+00:00,2026-07-08 15:11:33.629393+00:00,245
af11a06f-c4de-40fc-b99c-f5b3b0e67a43,DU Real Estate LLC,business,,,active,Sugar Land,TX,77479,4639 Sanders MeadowLn,,2026-07-06 04:10:02.219940+00:00,2026-07-08 15:11:33.424987+00:00,962
a97a98f2-1e63-4fe0-9fde-5ed0f0311d63,EB Impact Contruction LLC,business,,,active,Orchard,TX,77464,PO Box 275,,2026-07-06 04:10:02.219940+00:00,2026-07-08 15:11:33.732213+00:00,247
3058265f-62b0-4fe3-801f-f9ff7d891774,Eldar Properties Inc,business,,,active,Barker,TX,77413,PO Box 43,,2026-07-06 04:10:02.219940+00:00,2026-07-08 15:11:34.039020+00:00,256
7d1a3538-4b25-4a3b-b45e-211f118f6b72,Caring for Lives Inc,business,,,active,Spring,TX,77388,21614 Hales Hunt Ct.,,2026-07-06 04:10:02.219940+00:00,2026-07-08 15:11:30.045376+00:00,169
7aae446e-755d-4fb7-87a2-16a66b508d87,Emesa 9115 LLC,business,,Sarah Alabaykan,active,Darien,IL,60561,8221 Pine Bluff Ct.,,2026-07-06 04:10:02.219940+00:00,2026-07-08 15:11:34.243479+00:00,259
a48285bd-b550-49a1-96eb-40b22a5dd1ff,Emesa Investments LLC,business,,Sarah Alabaykan,active,Hinsdale,IL,60521,"23 N Lincoln St., Unit 202",,2026-07-06 04:10:02.219940+00:00,2026-07-08 15:11:34.447804+00:00,261
ae1350fd-f08f-428e-9dcd-aa7544bdc85e,ETA Real Estate LLC,business,,Joseph McCamish Group,active,Cypress,TX,77433,10219 Texas Sage Way,,2026-07-06 04:10:02.219940+00:00,2026-07-08 15:11:34.856726+00:00,264
4430b4c8-de8e-44de-b448-67b9de3a653a,ERE Industrial LLC,business,,,active,Houston,TX,77047,14706 Park Almeda Dr.,,2026-07-06 04:10:02.219940+00:00,2026-07-08 15:11:34.754442+00:00,263
413f3757-452f-4acb-b5ef-66da870da792,E-Tune Autosports LLC,business,,,active,Houston,TX,77065,11255 Amira Dr,,2026-07-06 04:10:02.219940+00:00,2026-07-08 15:11:34.958931+00:00,265
c43cf9f3-8b7a-4b37-8581-502a492f39a2,For A Place to Live LLC,business,,Jamil Hasan,active,Houston,TX,77055,1212 Gray Moss Ln.,,2026-07-06 04:10:02.219940+00:00,2026-07-08 15:11:35.981450+00:00,279
2111041a-924c-4adb-9525-0a5ef3bbfd98,Elegant Stone Fabrication LLC,business,,,active,Cypress,TX,77433,19526 Texas Persimmon Ct.,,2026-07-06 04:10:02.219940+00:00,2026-07-08 15:11:34.141246+00:00,257
f8032343-37d2-4ba2-9e39-3fc0bd53db5c,EPI Consulting LLC,business,,,active,Katy,TX,77494,4123 Stilton Lake Ln.,,2026-07-06 04:10:02.219940+00:00,2026-07-08 15:11:34.652205+00:00,262
299596d3-38bf-4440-83d8-e2376a70df67,Fred & Soody Sharifi 2012 Trust-FBO Fred,business,,,active,,,,,,2026-07-06 04:10:02.219940+00:00,2026-07-08 15:11:36.083610+00:00,281
1942424a-d7c5-4f60-8638-dd1f851d0efb,Fred & Soody Sharifi GP LLC,business,,SFT,active,Houston,TX,77006,"1915 Commonwealth St., Ste 201",,2026-07-06 04:10:02.219940+00:00,2026-07-08 15:11:36.492545+00:00,285
201fcd43-88c5-4058-9917-089c5be83eb6,Fusion IQ Labs LLC,business,,Benny Singh,active,Sheridan,WY,82801,1309 Coffeen Ave Ste 1200,,2026-07-06 04:10:02.219940+00:00,2026-07-08 15:11:36.699270+00:00,948
96ae4744-8506-46d8-90a6-88364afb5a42,DU Development LLC,business,,,active,Sugar Land,TX,77479,4639 Sanders MeadowLn,,2026-07-06 04:10:02.219940+00:00,2026-07-08 15:11:33.220557+00:00,960
5c1735e4-80b8-4921-90fa-7335251e91ca,D'Souza Inc (Wallisville Dry Clean Super Center),business,,,active,Houston,TX,77049,15135 Wallisville Rd.,,2026-07-06 04:10:02.219940+00:00,2026-07-08 15:11:33.118261+00:00,234
73010f5f-37d3-4bc4-82ff-c6feee0da73a,Fred & Soody Sharifi 2012 Trust-FBO Neda,business,,,active,,,,,,2026-07-06 04:10:02.219940+00:00,2026-07-08 15:11:36.185785+00:00,282
29e42ac8-b5aa-4825-843a-cc01ab514f78,Fred & Soody Sharifi 2012 Trust-FBO Payam,business,,,active,,,,,,2026-07-06 04:10:02.219940+00:00,2026-07-08 15:11:36.288067+00:00,283
53d1a49a-48c6-4bd4-9f34-cdae95fa6234,Fred & Soody Sharifi Family Partnership Ltd,business,,SFT,active,Houston,TX,77006,"1915 Commonwealth St., Ste 201",,2026-07-06 04:10:02.219940+00:00,2026-07-08 15:11:36.390458+00:00,284
bf9e48ab-1df5-4a17-bd45-9f1e4f32cf11,Gambhir & Hasan LLC,business,,Jamil Hasan,active,Houston,TX,77002,1212 Gray Moss Ln.,,2026-07-06 04:10:02.219940+00:00,2026-07-08 15:11:37.108463+00:00,294
8ef57be9-84d3-46fc-beac-1b79e6df7986,Galloper Chauffeured Services LLC,business,,Ghaz Hamdani,active,Houston,TX,77070,"7915 FM 1960, Ste 115",,2026-07-06 04:10:02.219940+00:00,2026-07-08 15:11:37.006267+00:00,293
5320dbeb-3a25-489d-8e94-6a5cb6ff71e3,Gastro Concepts LP,business,,Shammi,active,Houston,TX,77056,"5115 Westheimer Rd., Ste C3500",,2026-07-06 04:10:02.219940+00:00,2026-07-08 15:11:37.414994+00:00,303
eb77b0c4-b8b0-4047-a21d-e167a0f7f5a9,Gonash LLC,business,,,active,Houston,TX,77041,13730 Somersworth Dr.,,2026-07-06 04:10:02.219940+00:00,2026-07-08 15:11:38.139188+00:00,313
f36cc9ca-6da9-4ca3-a975-a2724ad969fd,Global Omni LLC,business,,Manish Maheshwari,active,Fulshear,TX,77441,3422 Norwich Gardens,,2026-07-06 04:10:02.219940+00:00,2026-07-08 15:11:38.036869+00:00,311
2344b263-cfe6-46e6-be54-6e3a9a938bb2,Green Hill Hospitality Inc,business,,Farida Mangalji,active,Houston,TX,77057,5720 Longmont Ln.,,2026-07-06 04:10:02.219940+00:00,2026-07-08 15:11:38.446069+00:00,318
0870d6d6-07cd-4e52-8ca2-97f977f389fa,Goria 2020 LLC,business,,,active,Beaumont,TX,77705,3404 Washington Blvd.,,2026-07-06 04:10:02.219940+00:00,2026-07-08 15:11:38.241456+00:00,314
8a7894a3-203d-4996-8532-b9035a39c8ff,Global Infra Engicon LLC,business,,Manish Maheshwari,active,Fulshear,TX,77441,3422 Norwich Gardens,,2026-07-06 04:10:02.219940+00:00,2026-07-08 15:11:37.934505+00:00,310
3bd8a83e-d04d-4fa4-b185-be5b89ec0970,Gem Technology Inc,business,,Vikas Sodhani,active,Houston,TX,77057,"6222 Richmond Ave., Ste 470",,2026-07-06 04:10:02.219940+00:00,2026-07-08 15:11:37.519119+00:00,304
d39b92f9-3d9d-41b9-bb9b-76586b76a4b6,Grand Prix Auto Ventures LLC,business,,Kafil M,active,Southlake,TX,76092,1350 E Highland St.,,2026-07-06 04:10:02.219940+00:00,2026-07-08 15:11:38.343720+00:00,317
7aa59e43-746b-4bbb-a419-8f663182d629,Genesis Corporate Transportation LLC,business,,,active,Houston,TX,77032,"17725 JFK Rd., Ste 206",,2026-07-06 04:10:02.219940+00:00,2026-07-08 15:11:37.621397+00:00,305
61d274c5-d453-4299-a2d5-dec7c759db74,Genisis Capital Inc (DE),business,,Jiten,active,Dover,DE,19901,"8 The Green, Ste 4335",,2026-07-06 04:10:02.219940+00:00,2026-07-08 15:11:37.728312+00:00,306
e5eba51a-f94e-4752-a359-4ecfc5560ed5,GV Steel LLC,business,,,active,Houston,TX,77063,7610 Highmeadow Dr.,,2026-07-06 04:10:02.219940+00:00,2026-07-08 15:11:38.855694+00:00,337
20e79f42-e3b0-4b4c-a136-1dd5d60f329b,Hamza Invests Fund K LLC,business,,Hamza,active,Sugar Land,TX,77479,18706 University Blvd.,,2026-07-06 04:10:02.219940+00:00,2026-07-08 15:11:39.368205+00:00,348
ae38820c-b7df-43c4-8dbb-36c25cedef8f,Grindmasters Inc,business,,,active,Houston,TX,77065,11203 Jones Rd. W,,2026-07-06 04:10:02.219940+00:00,2026-07-08 15:11:38.548582+00:00,321
da2c4426-ccbb-4ea2-806c-d7377ec1538d,Hadimba Travel Inc,business,,,active,Cypress,TX,77433,17715 Broken Pass Ln.,,2026-07-06 04:10:02.219940+00:00,2026-07-08 15:11:39.060785+00:00,341
c5642f6a-2428-4955-aced-00eab391794d,Gulf Shores Auto Traders LLC,business,,,active,Rosenberg,TX,77471,6018 Oxford Lake Dr.,,2026-07-06 04:10:02.219940+00:00,2026-07-08 15:11:38.753436+00:00,326
08e362d9-abf6-4ae1-990d-39a6a37e2204,Hamza Invests Fund R LLC,business,,Hamza,active,Sugar Land,TX,77479,18706 University Blvd.,,2026-07-06 04:10:02.219940+00:00,2026-07-08 15:11:39.470496+00:00,349
67e0c7eb-c8df-4690-aa29-ba19d93c0beb,Hamza Invests Fund A LLC,business,,Hamza,active,Sugar Land,TX,77479,18706 University Blvd.,,2026-07-06 04:10:02.219940+00:00,2026-07-08 15:11:39.163154+00:00,346
8440c465-bb71-42e0-9119-7988238fe9e4,Hamza Invests Fund Z LLC,business,,Hamza,active,Sugar Land,TX,77479,18706 University Blvd.,,2026-07-06 04:10:02.219940+00:00,2026-07-08 15:11:39.777421+00:00,352
48bed42c-7626-4599-b6f5-4c9fb255bdb6,Jai Ganesh Hospitality Inc,business,,,active,Canaan,ME,04924,205 Main St.,,2026-07-06 04:10:02.400270+00:00,2026-07-08 15:11:42.440148+00:00,388
9e166110-f789-4957-bebf-b6c137f0a20f,Hamza Invests LLC,business,,Hamza,active,Sugar Land,TX,77479,18706 University Blvd.,,2026-07-06 04:10:02.219940+00:00,2026-07-08 15:11:39.983284+00:00,354
ef3b86ce-9d3f-4656-9cfb-ce1a9ee239e8,Hot and Buttered LLC,business,,,active,Houston,TX,77008,2702 N Shepherd Dr.,,2026-07-06 04:10:02.400270+00:00,2026-07-08 15:11:40.290324+00:00,363
9b02d6ce-6d9f-4c2c-a409-eaea626164c4,Hamza Invests Fund U LLC,business,,Hamza,active,Sugar Land,TX,77479,18706 University Blvd.,,2026-07-06 04:10:02.219940+00:00,2026-07-08 15:11:39.675199+00:00,351
1c2284b5-64a0-4404-b059-17095b3d272b,Hamza Invests Fund RY LLC,business,,Hamza,active,Sugar Land,TX,77479,18706 University Blvd.,,2026-07-06 04:10:02.219940+00:00,2026-07-08 15:11:39.572877+00:00,350
ad013df2-9ebd-4432-8427-8aa506960c7d,Jane Wild Studios LLC,business,,,active,Houston,TX,77009,4721 N Main St Suite M,,2026-07-06 04:10:02.400270+00:00,2026-07-08 15:11:42.647310+00:00,395
87737804-d7d5-413f-879c-d23d314cf296,Jhaveri Properties LLC,business,,Shefali,active,Sugar Land,TX,77479,4014 Cabrera Dr.,,2026-07-06 04:10:02.400270+00:00,2026-07-08 15:11:43.470047+00:00,405
fea8560d-1614-43d2-9899-4ab8d14cddbc,Jhaveri Investments LLC,business,,Shefali,active,Houston,TX,77057,"6222 Richmond Ave., Ste 799",,2026-07-06 04:10:02.400270+00:00,2026-07-08 15:11:43.366720+00:00,404
c16057da-14ec-415b-bfab-7f1010170bb3,Jhaveri Group LLC,business,,Shefali,active,Sugar Land,TX,77479,4014 Cabrera Dr.,,2026-07-06 04:10:02.400270+00:00,2026-07-08 15:11:43.264430+00:00,403
4754e849-c46d-40f7-a3a9-3143561e9a90,Jann Ventures II Company LLC,business,,Amin Lakhani,active,Houston,TX,77024,224 Sugarberry Cir.,,2026-07-06 04:10:02.400270+00:00,2026-07-08 15:11:42.749587+00:00,396
0397d372-0c57-4cf7-9228-3bd58dc1618a,JKG Interest LLC,business,,,active,Houston,TX,77025,3003 Fairhope St.,,2026-07-06 04:10:02.400270+00:00,2026-07-08 15:11:43.675488+00:00,410
a3080187-7abd-413f-b542-eb4487068f8b,Jann Ventures LLC,business,,Amin Lakhani,active,Houston,TX,77024,224 Sugarberry Cir.,,2026-07-06 04:10:02.400270+00:00,2026-07-08 15:11:42.854039+00:00,397
4d0249d1-28ce-49e0-b44e-f346d877478a,Jhaveri & Shah Investments LLC,business,,,active,Kingsville,TX,78363,1102 S 6th St.,,2026-07-06 04:10:02.400270+00:00,2026-07-08 15:11:43.162025+00:00,402
2a3cd7fb-b6e8-41b7-bf49-286048917d77,JAP Construction Company LLC,business,,,active,Sugar Land,TX,77496,PO Box 17417,,2026-07-06 04:10:02.400270+00:00,2026-07-08 15:11:42.956297+00:00,398
02ecab70-183d-43c7-a74f-f414ad505e77,JRRV GP LLC,business,,Jiten,active,Houston,TX,77077,13710 Slate Creek Ln.,,2026-07-06 04:10:02.400270+00:00,2026-07-08 15:11:44.085212+00:00,416
68ebf3a8-1fc2-4bbd-9c41-bc1013659f50,JMP Synergy LLC,business,,,active,Houston,TX,77027,4444 Wstheimer Rd #A510,,2026-07-06 04:10:02.400270+00:00,2026-07-08 15:11:43.777988+00:00,411
83f7ade3-5189-44cf-bda3-a77a0c43fb84,JSA Multiservice LLC,business,,,active,Humble,TX,77396,9847 Clanton Pines Dr.,,2026-07-06 04:10:02.400270+00:00,2026-07-08 15:11:44.292403+00:00,418
6349c725-5961-4546-90fc-d8b8beeffdb7,JRRV LP,business,,Jiten,active,Houston,TX,77077,13710 Slate Creek Ln.,,2026-07-06 04:10:02.400270+00:00,2026-07-08 15:11:44.190077+00:00,417
e3f7fecd-77b0-425d-bda3-30315a8cc229,Joelle LLC,business,,,active,Houston,TX,77022,726 Post Street,,2026-07-06 04:10:02.400270+00:00,2026-07-08 15:11:43.880468+00:00,412
b0aefd9e-8b9d-4f80-81fd-8c7a05583044,Future Horizon Holdings LLC,business,,,active,Karnes City,TX,78118,193 Private Rd 9909,,2026-07-06 04:10:02.219940+00:00,2026-07-08 15:11:36.801474+00:00,942
0bd87542-00de-43e6-9a88-3251f5deb6fc,"Muyeed, Kafil & Jahangir, Uzma",personal,,,active,Southlake,TX,76092,1350 E Highland St.,,2026-07-06 04:10:03.205368+00:00,2026-07-08 15:12:41.081314+00:00,576
eae82d85-cd3f-414f-9050-7956e9ca776b,"Patel, Arvindkumar & Jagruti",personal,,,active,Sugar Land,TX,77479,5510 Linden Rose Ln.,,2026-07-06 04:10:03.364140+00:00,2026-07-08 15:12:44.053777+00:00,633
198c61b1-d46d-42e0-98e1-57bae3a73c3d,Kalgroup Properties LP,business,,Kalcorp,active,College Station,TX,77840,303 University Dr. East,,2026-07-06 04:10:02.400270+00:00,2026-07-08 15:11:44.604138+00:00,422
c1e4b654-da0c-4959-a74b-98cb0237087b,Karm Business LLC (COCO Fulshear),business,,Amrish,active,Fulshear,TX,77441,27711 Utopia Canyon Ct.,,2026-07-06 04:10:02.400270+00:00,2026-07-08 15:11:44.706491+00:00,429
992c8862-feaa-4c6c-ad06-a5a2a0091501,Kasa Real Estate Development LLC,business,,,active,Austin,TX,78745,4403 Hank Ave 2,,2026-07-06 04:10:02.400270+00:00,2026-07-08 15:11:44.808919+00:00,954
417eb45b-d028-479d-b3f1-00c9a8381aab,Khemka & Choudhary,business,,,active,Sugar Land,TX,77479,4623 Feather Cove Ct,,2026-07-06 04:10:02.400270+00:00,2026-07-08 15:11:45.322070+00:00,447
145cb1c8-de9a-499b-899e-d8ed8a22ec15,KC Legal & Financial Consulting Service,business,,,active,Sugar Land,TX,77479,4623 Feather Cove Ct,,2026-07-06 04:10:02.400270+00:00,2026-07-08 15:11:45.013715+00:00,432
7dbfe1d4-d1dd-44fd-aaf8-4cbbf2b17f05,Khatri Investments Inc (dba Q.P. Food Mart),business,,,active,Austin,TX,78745,5625 Westgate Blvd.,,2026-07-06 04:10:02.400270+00:00,2026-07-08 15:11:45.219129+00:00,441
8990e33d-ef01-4cfc-88cf-95facfd92522,Key Pump & Gear LLC,business,,,active,Dayton,TX,77535,2626 Highway 146,,2026-07-06 04:10:02.400270+00:00,2026-07-08 15:11:45.116032+00:00,433
3d46077c-29e7-48db-bea8-17b84044e6fa,Khemka Family Foundation II,business,,,active,Sugar Land,TX,77479,26 Stonecliff Circle,,2026-07-06 04:10:02.400270+00:00,2026-07-08 15:11:45.424362+00:00,448
af11079f-58bc-43a9-afca-137bb48c6761,Majors Cooking LLC,business,,,active,Richmond,TX,77406,1711 Grand River Dr.,,2026-07-06 04:10:02.400270+00:00,2026-07-08 15:11:47.888475+00:00,491
e96cb2e7-19c4-4510-b1de-e6d60029a16f,Malik 786 Investments LLC,business,,Malik,active,Nederland,TX,77627,107 N Twin City Hwy,,2026-07-06 04:10:02.400270+00:00,2026-07-08 15:11:48.298434+00:00,496
3b69f59f-7bc6-4131-a087-a898925f118c,Malik Gas & Grocery LLC,business,,Malik,active,Liberty,TX,77575,"1924 Hwy 90, Ste A",,2026-07-06 04:10:02.400270+00:00,2026-07-08 15:11:48.403040+00:00,497
8a0138f9-2646-4731-ae4f-d0fb33e1c747,Makani Foundation,business,,Dr Bushra,active,Houston,TX,77027,4015 Richmond Ave.,,2026-07-06 04:10:02.400270+00:00,2026-07-08 15:11:47.990809+00:00,493
f46c60a1-b2b1-49af-af89-079fcd50b7a8,Makers LLC,business,,,active,Fulshear,TX,77441,3443 Smart Sands Ln.,,2026-07-06 04:10:02.400270+00:00,2026-07-08 15:11:48.196108+00:00,495
3490bb15-3362-4a73-888e-eef851cc0fd8,Mango LLC,business,,,active,Germantown,TN,38139,1744 Enclave Green Cv.,,2026-07-06 04:10:02.400270+00:00,2026-07-08 15:11:48.709896+00:00,513
937006e2-744d-427f-aa98-396d56eb93d9,Malik Petroleum Corporation,business,,Malik,active,Houston,TX,77095,15507 Cooper Branch Ln.,,2026-07-06 04:10:02.400270+00:00,2026-07-08 15:11:48.607606+00:00,499
2a2ca5db-5613-44fe-84f9-541014f9becb,McDuffie & Branard LLC,business,,Baljit Gambhir,active,Houston,TX,77004,2507 Calumet St.,,2026-07-06 04:10:02.400270+00:00,2026-07-08 15:11:49.736257+00:00,529
5c712f5a-e353-48b9-ac55-2588c0ede921,Marace Realty Co LLC,business,,Josh Davis,active,Pearland,TX,77584,4181 Magnolia St.,,2026-07-06 04:10:02.400270+00:00,2026-07-08 15:11:49.019414+00:00,516
fd3d3287-10a6-4f62-b385-c5755e38744a,Margalla Hills Holding,business,,Assem Ahmed,active,Missouri City,TX,77459,26 Pravia Path Dr.,,2026-07-06 04:10:02.400270+00:00,2026-07-08 15:11:49.121862+00:00,517
47914af7-34e3-4bab-a169-1f3619c18bf8,Maxwell A Olumba OD PA,business,,,active,Pearland,TX,77584,3030 Glen Cullen Ln.,,2026-07-06 04:10:02.400270+00:00,2026-07-08 15:11:49.531572+00:00,526
f3ef2eb5-948b-4d30-9e11-faa698c96864,Mufarrige Capital LLC,business,,,active,Houston,TX,77056,"1600 Post Oak Blvd., #1004",,2026-07-06 04:10:02.573696+00:00,2026-07-08 15:11:51.993933+00:00,568
7450e778-a171-454d-9f12-a64262f393dd,Medi Realty Group,business,,,active,Houston,TX,77082,410 Crestwater Trail,,2026-07-06 04:10:02.400270+00:00,2026-07-08 15:11:50.047327+00:00,533
16073dd2-a85b-4a0c-91b7-f61fa1cba562,MDCARE Global LLC,business,,Dr Subhash Bannerji,active,Dallas,TX,75225,6214 Stefani Dr.,,2026-07-06 04:10:02.400270+00:00,2026-07-08 15:11:49.943191+00:00,532
154dc902-28de-455f-b858-f9d7ccffb176,McKinney Arthritis & Osteoporosis Center LLC,business,,,active,McKinney,TX,75069,"1445 Heritage Dr., Suite A",,2026-07-06 04:10:02.400270+00:00,2026-07-08 15:11:49.840591+00:00,531
e967b88f-ce2d-42a1-8845-5ee07eb02c1f,Nederland Magic LLC,business,,Vipandeep Group,active,Beaumont,TX,77627,703 N Twin City,,2026-07-06 04:10:02.573696+00:00,2026-07-08 15:11:52.818610+00:00,587
55734642-3e48-403f-b719-7b97b897b9aa,My Pure Market LLC,business,,,active,Houston,TX,77027,4707 Ingersoll St,,2026-07-06 04:10:02.573696+00:00,2026-07-08 15:11:52.404926+00:00,577
39341386-08cf-4764-8da0-f2898889f3ec,My Pure MD PLLC,business,,,active,Houston,TX,77057,6115 Riverview Way,,2026-07-06 04:10:02.573696+00:00,2026-07-08 15:11:52.507387+00:00,578
338d3986-6038-4869-a486-036fcb910036,Mulder Financial Management Inc,business,,,active,Richmond,TX,77406,1711 Grand River Dr.,,2026-07-06 04:10:02.573696+00:00,2026-07-08 15:11:52.198638+00:00,573
ed7ba033-e4df-42b2-ad33-41b9c51ff05a,Nimitz Properties LLC,business,,Kalcorp,active,College Station,TX,77840,303 University Dr. East,,2026-07-06 04:10:02.573696+00:00,2026-07-08 15:11:53.847108+00:00,600
e0183f7e-6ba1-43ab-ab48-87b8ee2bcf17,Nexus Heritage America Inc,business,,Kafil M,active,Southlake,TX,76092,1350 E Highland St.,,2026-07-06 04:10:02.573696+00:00,2026-07-08 15:11:53.642366+00:00,595
f0d0765a-bc2d-4c1a-a044-c4de995c5f94,Neel Sonali Enterprises Inc (dba Parcel Plus),business,,,active,Katy,TX,77450,1539 S Mason Rd.,,2026-07-06 04:10:02.573696+00:00,2026-07-08 15:11:52.920954+00:00,588
d40c5412-e8ae-4b7d-941a-91d2beaf3daa,Next Energy Solutions LLC,business,,,active,Tomball,TX,77375,23802 FM 2978 C3,,2026-07-06 04:10:02.573696+00:00,2026-07-08 15:11:53.334959+00:00,592
f7a901c1-9cc3-47ea-92a4-580252ec64ff,Netkra Solutions Inc,business,,,active,Cypress,TX,77433,18115 Ithaca Landing Ln.,,2026-07-06 04:10:02.573696+00:00,2026-07-08 15:11:53.127765+00:00,590
989af8b1-9e4a-4b3e-beac-d1f4eec4ece7,Neil Manek MD Inc,business,,,active,Lone Tree,CO,80124,"10103 Ridgegate Pkwy., Ste 203",,2026-07-06 04:10:02.573696+00:00,2026-07-08 15:11:53.023306+00:00,589
a7357525-ac07-4533-8ae5-7d9faa8afd96,Nextgen Technology Services LLC,business,,,active,Longview,TX,75605,3008 Chase Woodway,,2026-07-06 04:10:02.573696+00:00,2026-07-08 15:11:53.437274+00:00,593
38f5d242-da8d-4621-a0be-3d39673971e9,Opal Real Estates LLC,business,,Raj K,active,Katy,TX,77494,4618 Kings Landing Ln.,,2026-07-06 04:10:02.573696+00:00,2026-07-08 15:11:54.873325+00:00,615
4d2b4f13-907e-4505-9311-aab7f7822255,Novare Homes LLC,business,,Jacopo Pizzi,active,Houston,TX,77027,4444 Westheimer Road A510,,2026-07-06 04:10:02.573696+00:00,2026-07-08 15:11:54.361014+00:00,606
cc90c500-97b2-45b5-854f-048a1dbd2bdd,NSBC Holdings LLC,business,,,active,Spring,TX,77379,7811 Sunset Falls Ct.,,2026-07-06 04:10:02.573696+00:00,2026-07-08 15:11:54.463860+00:00,607
e66ffa95-36bf-45e9-a16e-4a8271fc752c,North Houston Retina PLLC,business,,,active,Houston,TX,77008,1231 Waverly St #A,,2026-07-06 04:10:02.573696+00:00,2026-07-08 15:11:54.154227+00:00,604
6eeddd69-9ea6-4124-b4bd-3e6f02422809,NST Group LLC,business,,Siju Tom,active,Missouri City,TX,77459,6911 Fall Creek Ln.,,2026-07-06 04:10:02.573696+00:00,2026-07-08 15:11:54.566093+00:00,608
eb897aae-bae2-4fb7-80ad-7ff9a586bc7c,O Brien Counseling Services Inc,business,,,active,Houston,TX,77079,11999 Katy Frwy Ste 590,,2026-07-06 04:10:02.573696+00:00,2026-07-08 15:11:54.770947+00:00,952
4ca4ca7e-f65e-4932-9252-857550372613,"Sarshar, Shahana",personal,,,active,Houston,TX,77084,17107 N Bear Creek Dr.,,2026-07-06 04:10:03.364140+00:00,2026-07-08 15:12:48.766696+00:00,738
fcd9884e-2b30-4386-a3e9-14599be4ba2a,"Thomas, Lina Ann",personal,,,active,Missouri City,TX,77459,8718 Timber Knoll Dr.,,2026-07-06 04:10:03.511032+00:00,2026-07-08 15:12:52.964515+00:00,854
f47cfc21-24df-456d-b5d2-a0a7b86e4d4f,"Karamchandani, Hanushka",personal,,,active,Katy,TX,77494,4618 Kings Landing Ln.,,2026-07-06 04:10:03.205368+00:00,2026-07-08 15:12:33.295132+00:00,426
0799a3bc-c672-4f4d-9d0a-21327f96ae0f,Optimus ETRM Solutions LLC,business,,,active,Cypress,TX,77433,19526 Texas Persimmon Ct.,,2026-07-06 04:10:02.573696+00:00,2026-07-08 15:11:54.975424+00:00,616
5510432d-a576-4697-929e-70045f5c5fab,Pipecom Inc,business,,,active,Houston,TX,77043,1409 Brittmoore Rd.,,2026-07-06 04:10:02.573696+00:00,2026-07-08 15:11:55.794049+00:00,650
725dafe2-7f4c-4c26-af8f-911060eb7521,RH&ZZ Company LLC,business,,Sadiq Mohd,active,Katy,TX,77450,22522 Arbor Stream Dr.,,2026-07-06 04:10:02.573696+00:00,2026-07-08 15:11:58.969718+00:00,695
a7b21709-0737-45cf-b465-6f8a78ee61ed,Rapid Progress Digital LLC,business,,Rajesh Dharamshi,active,Cypress,TX,77429,15823 Bennet Chase Dr.,,2026-07-06 04:10:02.573696+00:00,2026-07-08 15:11:58.251992+00:00,686
2e6514c1-3279-4ee8-b656-bab605b6ae9f,RCJ Tech Solutions Inc,business,,,active,Pearland,TX,77021,2932 Payson St.,,2026-07-06 04:10:02.573696+00:00,2026-07-08 15:11:58.354768+00:00,687
56900b82-3d32-4d40-b968-386d3603fd15,RE Southbelt LLC,business,,Eduardo,active,Houston,TX,77047,14706 Park Almeda Dr.,,2026-07-06 04:10:02.573696+00:00,2026-07-08 15:11:58.458185+00:00,688
d1c485eb-21d5-43c9-9b50-a11f433546f1,Research Periodicals & Book Serv Inc,business,,RPBS/Anand & Bela,active,Houston,TX,77272,PO Box 720728,,2026-07-06 04:10:02.573696+00:00,2026-07-08 15:11:58.765033+00:00,692
7f3ec41a-4335-485e-8c05-7e8e4e85cdf9,Revived Wellness 2 LLC,business,,,active,Houston,TX,77019,"3339 W Lamar St., Unit 220",,2026-07-06 04:10:02.573696+00:00,2026-07-08 15:11:58.867374+00:00,693
ba240489-d28d-4d7f-94cd-8810c03c4d05,Rising Sail Westlake LLC,business,,VKC,active,Sugar Land,TX,77478,322 Julie River Dr.,,2026-07-06 04:10:02.573696+00:00,2026-07-08 15:11:59.174318+00:00,698
1dbc89b9-d578-43e0-a2ff-62c3daed5135,RM Prime Solutions LLC,business,,,active,Cypress,TX,77433,12218 Cobble Cove Cir.,,2026-07-06 04:10:02.573696+00:00,2026-07-08 15:11:59.279136+00:00,699
f49ab126-6ed4-4bb9-8ffb-4ad27bc2dd7c,Rosec Jewels LLC,business,,,active,Sheridan,WY,82801,"30 N Gould St., Ste 4000",,2026-07-06 04:10:02.573696+00:00,2026-07-08 15:11:59.483645+00:00,703
d9dfdea2-9a07-475d-a6c3-c958f2973e28,Roshlo LLC (FL),business,,Nirav Patel,active,Tampa,FL,33612,2218 Branch Hill St.,,2026-07-06 04:10:02.573696+00:00,2026-07-08 15:11:59.585934+00:00,704
b52f5f3d-6341-46ba-88c2-d229b87bba87,Rossy LLC,business,,,active,Comfort,TX,78013,32 US Highway 87,,2026-07-06 04:10:02.573696+00:00,2026-07-08 15:11:59.688346+00:00,707
40b11efd-c2cf-4385-9524-232a5913d18a,Rotana Group LLC,business,,John Page,active,Pearland,TX,77584,"2225 County Rd. 90, Ste 111",,2026-07-06 04:10:02.573696+00:00,2026-07-08 15:11:59.790587+00:00,708
fb5294d2-fe2c-46aa-8212-f7dbd73e53ef,Round Rock Henna LLC,business,,Saritha,active,W Lake Hills,TX,78746,12 Sugar Shack Dr.,,2026-07-06 04:10:02.573696+00:00,2026-07-08 15:11:59.892923+00:00,710
9d6050a0-e32a-463f-a997-ad5b65c2403d,"Antunano Sr., Eduardo & Patricia",personal,,,active,Sugarland,TX,77479,7022 Morningside Dr.,,2026-07-06 04:10:02.887855+00:00,2026-07-08 15:12:16.814832+00:00,86
c22913af-6e57-4b02-80e1-78f7bc59f5c9,RPBS LLC,business,,RPBS/Anand & Bela,active,Houston,TX,77272,PO Box 720728,,2026-07-06 04:10:02.573696+00:00,2026-07-08 15:12:00.201923+00:00,713
041fe109-99aa-4529-b777-14efd6379bd9,RPDS Learning LLC (dba Mathnasium),business,,,active,Spring,TX,77382,23 Rosedown Place,,2026-07-06 04:10:02.573696+00:00,2026-07-08 15:12:00.304359+00:00,714
ce869a9b-85b8-42eb-9961-5167894ffaeb,RRAY LLC (The Learning Experience),business,,,active,Pearland,TX,77581,3547 McHard Rd.,,2026-07-06 04:10:02.573696+00:00,2026-07-08 15:12:00.406544+00:00,715
26603eaa-ba5b-4fa8-9328-139c2794a29e,"Bhakta, Roshaniben",personal,,,active,Comfort,TX,78013,PO BOX 1057,,2026-07-06 04:10:02.887855+00:00,2026-07-08 15:12:18.246563+00:00,124
78723932-cff5-49fa-9784-1b4ab594488f,RSF Gym LLC,business,,VKC,active,Sugar Land,TX,77478,322 Julie Rivers Dr.,,2026-07-06 04:10:02.573696+00:00,2026-07-08 15:12:00.518375+00:00,716
ef5daa2b-54d7-4bc3-b5b2-219a14e8b585,"Bhatia, Megha",personal,,,active,Houston,TX,77019,1710 Elmen St.,,2026-07-06 04:10:02.887855+00:00,2026-07-08 15:12:18.451321+00:00,126
2866d29a-b1db-4266-b615-c79dc3939fe4,"Bindra, Witty & Lubeena",personal,,,active,Sugar Land,TX,77479,3910 Chatfield Ct.,,2026-07-06 04:10:02.887855+00:00,2026-07-08 15:12:19.065404+00:00,132
1a2065cc-b06c-47e8-8f6a-a58c0761fba8,"Campbell, Mal J",personal,,,active,Houston,TX,77083,16307 Pradera Dr.,,2026-07-06 04:10:03.040253+00:00,2026-07-08 15:12:20.906714+00:00,165
e3b08d6d-aa50-4410-a69d-3628d0659d82,"Iyengar, Balaji & Balaji, Charuma",personal,,,active,Austin,TX,78750,11216 Taterwood Dr.,,2026-07-06 04:10:03.205368+00:00,2026-07-08 15:12:31.654382+00:00,385
c0850101-7124-4166-833b-f89d45c6452d,Pampered POH LLC,business,,Harpal Dhaliwal,active,Katy,TX,77494,5511 Hazel Berry Way,,2026-07-06 04:10:02.573696+00:00,2026-07-08 15:11:55.179743+00:00,621
08bbef86-0ad5-4cfb-9cc5-faddd9aed906,Parisara Enterprises LLC,business,,Shefali,active,Houston,TX,77057,"6222 Richmond Ave., Ste 799",,2026-07-06 04:10:02.573696+00:00,2026-07-08 15:11:55.282062+00:00,624
34723da5-96e4-40a1-8fdb-8e0480f95ab7,Parodi Group Inc,business,,Parodi,active,Hockley,TX,77447,15015 House Rd.,,2026-07-06 04:10:02.573696+00:00,2026-07-08 15:11:55.385031+00:00,626
12104ba7-a041-4550-9a1a-fc88fb63d73b,"Guardsmen Security Patrol Dv,LLC",business,,,active,Houston,TX,77077,13111 Westheimer Rd Suite 404,,2026-07-06 04:10:02.887855+00:00,2026-07-08 15:11:38.650991+00:00,322
44cb4407-bdd9-421b-89b1-3b656c02515d,Patton International Inc,business,,,active,Germantown,TN,38139,1744 Enclave Green Cv.,,2026-07-06 04:10:02.573696+00:00,2026-07-08 15:11:55.589421+00:00,646
27e27a03-8927-49a3-b785-4ec1a819619c,Perpetual Printing Inc,business,,Kalcorp,active,College Station,TX,77840,303 University Dr. East,,2026-07-06 04:10:02.573696+00:00,2026-07-08 15:11:55.691694+00:00,649
