id,client_id,service_id,reg_label,assigned_to,assigned_to_name,active,frequency,processor,due_month,expected_annual,filing_state,return_type,detail,notes
8d685bd8-a626-4c51-ab99-08f59ce51d24,d4048276-e5ea-4d70-b66c-216f8e4caa8a,aaacc3a2-e67a-4acc-a6f0-6d62260466df,,35bf7883-f6ba-440d-9d6a-245cd0c9113a,Tushar,true,yearly,,,,,,,tax return
21044a27-3d3b-4a16-9868-b03a2a2e3666,285bedf7-8340-49d4-b163-3f7134b04221,aaacc3a2-e67a-4acc-a6f0-6d62260466df,,35bf7883-f6ba-440d-9d6a-245cd0c9113a,Tushar,true,yearly,,,,,,,tax return
dc3af551-cce1-47bb-9d39-55c26c4aa607,7781ae67-5288-4820-8bf7-c47f8fadc792,aaacc3a2-e67a-4acc-a6f0-6d62260466df,,35bf7883-f6ba-440d-9d6a-245cd0c9113a,Tushar,true,yearly,,,,,,,tax return
94f3e7c7-a625-4db4-a380-a79cfdf3e12c,82b1667f-1b89-439f-afec-ba9c1f67cb56,aaacc3a2-e67a-4acc-a6f0-6d62260466df,,35bf7883-f6ba-440d-9d6a-245cd0c9113a,Tushar,true,yearly,,,,,,,tax return
a16782e0-a7f1-4e02-9a82-365e213e907f,5f681305-7303-4548-8f9b-2758645d006b,aaacc3a2-e67a-4acc-a6f0-6d62260466df,,35bf7883-f6ba-440d-9d6a-245cd0c9113a,Tushar,true,yearly,,,,,,,tax return
357ad4c3-3e6f-46e4-8003-71de09f5cbc7,8ae4aee0-ab58-42a1-b1d6-d6c4450f01fe,aaacc3a2-e67a-4acc-a6f0-6d62260466df,,35bf7883-f6ba-440d-9d6a-245cd0c9113a,Tushar,true,yearly,,,,,,,tax return
03bd1338-faf0-4e1b-95fd-42954064ab13,29fc3179-e115-4c9c-89a9-af8b27a16df9,aaacc3a2-e67a-4acc-a6f0-6d62260466df,,35bf7883-f6ba-440d-9d6a-245cd0c9113a,Tushar,true,yearly,,,,,,,tax return
a462dbeb-9047-4cea-99f8-fd4430380005,18133470-8449-4af6-b609-78619d54bb76,aaacc3a2-e67a-4acc-a6f0-6d62260466df,,60e3c2e6-a2e5-4340-8d2c-b58ce02ab04d,Sam,true,yearly,,,,,,,tax return
7ba6e824-1d64-4e0e-8ada-6544ab145565,18133470-8449-4af6-b609-78619d54bb76,8356fec1-1b5b-45df-ab57-276899df5e6e,,60e3c2e6-a2e5-4340-8d2c-b58ce02ab04d,Sam,true,monthly,,,,,,,
4a6f2707-36de-4691-b5bb-7c45f991a512,4fbb2f1d-c6e7-4876-9a00-678e2b6f205e,aaacc3a2-e67a-4acc-a6f0-6d62260466df,,35bf7883-f6ba-440d-9d6a-245cd0c9113a,Tushar,true,yearly,,,,,,,tax return
3743a10f-0f15-4b3a-8fd0-4a14484fbc49,74b89328-1680-41b5-acca-8d376086d737,aaacc3a2-e67a-4acc-a6f0-6d62260466df,,35bf7883-f6ba-440d-9d6a-245cd0c9113a,Tushar,true,yearly,,,,,,,tax return
937fa198-1a1e-4e98-82d2-03ddb48d4bee,11fea839-f6c0-461a-98ba-267aa90df830,aaacc3a2-e67a-4acc-a6f0-6d62260466df,,35bf7883-f6ba-440d-9d6a-245cd0c9113a,Tushar,true,yearly,,,,,,,tax return
ef2cc365-5a6a-456b-931a-034bd062b689,d7ba4e1c-6d17-4c89-9f40-314f0c857132,aaacc3a2-e67a-4acc-a6f0-6d62260466df,,35bf7883-f6ba-440d-9d6a-245cd0c9113a,Tushar,true,yearly,,,,,,,tax return
7f5659a7-fd00-482b-87bd-2c2e040da8aa,4cde4c9f-d223-4b30-b243-4e59b9a5593a,aaacc3a2-e67a-4acc-a6f0-6d62260466df,,35bf7883-f6ba-440d-9d6a-245cd0c9113a,Tushar,true,yearly,,,,,,,tax return
88d02b00-e723-4cc7-bdce-7607f71cc569,6ed5b041-3b77-43b1-8bc0-ef2ec14e66c4,aaacc3a2-e67a-4acc-a6f0-6d62260466df,,35bf7883-f6ba-440d-9d6a-245cd0c9113a,Tushar,true,yearly,,,,,,,tax return
8c249844-fd01-4d21-aafd-ee9b3d5dad7f,96af3bb2-3a7f-4691-8189-241517224550,aaacc3a2-e67a-4acc-a6f0-6d62260466df,,35bf7883-f6ba-440d-9d6a-245cd0c9113a,Tushar,true,yearly,,,,,,,tax return
196215bb-c655-4437-8253-326ebfd2aa82,57202e7c-c6ec-4223-b282-f12cf2d63c54,aaacc3a2-e67a-4acc-a6f0-6d62260466df,,35bf7883-f6ba-440d-9d6a-245cd0c9113a,Tushar,true,yearly,,,,,,,tax return
26b2c5d1-cd42-4426-a7b7-ff99332f46fa,4884faf6-5d4d-4a7d-a054-4b9a0cfd3093,aaacc3a2-e67a-4acc-a6f0-6d62260466df,,35bf7883-f6ba-440d-9d6a-245cd0c9113a,Tushar,true,yearly,,,,,,,tax return
cefe80cd-cfb4-495e-830d-6e128a8be634,f05e5dc2-a0dd-492d-a963-a69dcc65f52b,aaacc3a2-e67a-4acc-a6f0-6d62260466df,,35bf7883-f6ba-440d-9d6a-245cd0c9113a,Tushar,true,yearly,,,,,,,tax return
ebda69eb-d210-4f13-8d03-2bce8bda6265,97e91cc4-d78a-44c3-a719-bc485015279d,aaacc3a2-e67a-4acc-a6f0-6d62260466df,,35bf7883-f6ba-440d-9d6a-245cd0c9113a,Tushar,true,yearly,,,,,,,tax return
75b0f999-eb42-4518-a1b7-e4e060c7b7d0,c97356af-65b3-4548-9fe7-90db43eea3f0,aaacc3a2-e67a-4acc-a6f0-6d62260466df,,35bf7883-f6ba-440d-9d6a-245cd0c9113a,Tushar,true,yearly,,,,,,,tax return
fd953b84-c11e-4236-80da-156918a4478c,f3f22dac-847d-4a2f-8749-d4c3a13b98d2,aaacc3a2-e67a-4acc-a6f0-6d62260466df,,35bf7883-f6ba-440d-9d6a-245cd0c9113a,Tushar,true,yearly,,,,,,,tax return
53b3d42a-6925-4c1a-a913-c193ccda4105,02288abc-007b-4d09-88c2-dfb88d993874,aaacc3a2-e67a-4acc-a6f0-6d62260466df,,35bf7883-f6ba-440d-9d6a-245cd0c9113a,Tushar,true,yearly,,,,,,,tax return
1d052aa9-6995-4c62-99eb-cc31d7899371,a68472c0-83dd-47ec-b716-8be63fa2d330,aaacc3a2-e67a-4acc-a6f0-6d62260466df,,35bf7883-f6ba-440d-9d6a-245cd0c9113a,Tushar,true,yearly,,,,,,,tax return
d9461db4-632b-4492-be3c-adaf1fddee86,75b6726c-9205-49c8-92d5-bd5ecee1eb4d,aaacc3a2-e67a-4acc-a6f0-6d62260466df,,35bf7883-f6ba-440d-9d6a-245cd0c9113a,Tushar,true,yearly,,,,,,,tax return
ce90d361-480e-4b4d-bcaf-664efa40d672,5b7c5d0f-aad1-4472-b0ac-630070ef8630,aaacc3a2-e67a-4acc-a6f0-6d62260466df,,35bf7883-f6ba-440d-9d6a-245cd0c9113a,Tushar,true,yearly,,,,,,,tax return
076a2747-1a68-4f64-843d-e89c412d9c56,91ddde84-6937-449a-bb6b-56cb1a6d51dc,aaacc3a2-e67a-4acc-a6f0-6d62260466df,,35bf7883-f6ba-440d-9d6a-245cd0c9113a,Tushar,true,yearly,,,,,,,tax return
5b2bb9c4-fb94-4209-88e4-8c443e1dc141,714ce431-9222-42e6-a023-be78989e8ead,aaacc3a2-e67a-4acc-a6f0-6d62260466df,,60e3c2e6-a2e5-4340-8d2c-b58ce02ab04d,Sam,true,yearly,,,,,,,tax return
9b51ddf7-a27d-4b9e-9ebf-5b9c71ae2015,714ce431-9222-42e6-a023-be78989e8ead,8356fec1-1b5b-45df-ab57-276899df5e6e,,60e3c2e6-a2e5-4340-8d2c-b58ce02ab04d,Sam,true,monthly,,,,,,,
b664a7d5-4bd6-432b-be91-9422d642ac36,344c5944-8ffa-47b4-a4e5-b7d5650eadfa,aaacc3a2-e67a-4acc-a6f0-6d62260466df,,60e3c2e6-a2e5-4340-8d2c-b58ce02ab04d,Sam,true,yearly,,,,,,,tax return
a8770963-7b9a-4597-8cf6-48e981e1bd88,344c5944-8ffa-47b4-a4e5-b7d5650eadfa,8356fec1-1b5b-45df-ab57-276899df5e6e,,60e3c2e6-a2e5-4340-8d2c-b58ce02ab04d,Sam,true,yearly,,,,,,,
b1665a89-f727-40f7-b2b2-9a34ab4359c2,4ab73e64-fc88-41cc-bd19-5a2cec231184,aaacc3a2-e67a-4acc-a6f0-6d62260466df,,60e3c2e6-a2e5-4340-8d2c-b58ce02ab04d,Sam,true,yearly,,,,,,,tax return
753fc28f-f9aa-4e50-bc1e-1cd7e80b171d,4ab73e64-fc88-41cc-bd19-5a2cec231184,8356fec1-1b5b-45df-ab57-276899df5e6e,,60e3c2e6-a2e5-4340-8d2c-b58ce02ab04d,Sam,true,monthly,,,,,,,
6beda234-ddfb-43fc-8ca7-cfe7c94e5560,81a9dcf9-c760-400f-b18e-06d1bdb214bc,aaacc3a2-e67a-4acc-a6f0-6d62260466df,,60e3c2e6-a2e5-4340-8d2c-b58ce02ab04d,Sam,true,yearly,,,,,,,tax return
85149710-2bb4-4a35-b5bf-ed648ce9977b,81a9dcf9-c760-400f-b18e-06d1bdb214bc,8356fec1-1b5b-45df-ab57-276899df5e6e,,60e3c2e6-a2e5-4340-8d2c-b58ce02ab04d,Sam,true,yearly,,,,,,,
cd0ac940-1200-4f0c-803e-13b0915fd33f,72c92c16-2682-44c6-9199-e4b1a5daead6,aaacc3a2-e67a-4acc-a6f0-6d62260466df,,35bf7883-f6ba-440d-9d6a-245cd0c9113a,Tushar,true,yearly,,,,,,,tax return
1b9dc819-476e-4c47-b979-9bf18e202461,997fa28f-6c21-4625-81c6-a26ae1991e73,aaacc3a2-e67a-4acc-a6f0-6d62260466df,,35bf7883-f6ba-440d-9d6a-245cd0c9113a,Tushar,true,yearly,,,,,,,tax return
03c95eba-b235-4ce8-8871-9d9aef9f3463,b1635971-7c5e-4ea6-bac9-26e2e68f8f91,aaacc3a2-e67a-4acc-a6f0-6d62260466df,,35bf7883-f6ba-440d-9d6a-245cd0c9113a,Tushar,true,yearly,,,,,,,tax return
37e07fb3-d2b7-4f43-8600-5d99b7a05a93,4879675e-625f-4a1d-b697-510faceaa1df,aaacc3a2-e67a-4acc-a6f0-6d62260466df,,35bf7883-f6ba-440d-9d6a-245cd0c9113a,Tushar,true,yearly,,,,,,,tax return
a0cb4f75-25a1-4d2a-95c4-521eb296f2e1,25a066d2-6bad-4a57-822a-0cb654c55351,aaacc3a2-e67a-4acc-a6f0-6d62260466df,,4ab9b6f4-1b9e-4823-bbb0-898a421fadc3,Sanket,true,yearly,,,,,,,tax return
1dee4546-a690-4043-9a74-d576c63bed75,25a066d2-6bad-4a57-822a-0cb654c55351,8356fec1-1b5b-45df-ab57-276899df5e6e,,4ab9b6f4-1b9e-4823-bbb0-898a421fadc3,Sanket,true,monthly,,,,,,,
0cfb46ab-e977-409f-a8d8-bd9dfaf38a07,a4f53664-ff14-4893-92a4-d3e24e9edab5,aaacc3a2-e67a-4acc-a6f0-6d62260466df,,4ab9b6f4-1b9e-4823-bbb0-898a421fadc3,Sanket,true,yearly,,,,,,,tax return
310851f7-ee35-4319-8201-983bfaab3d23,a4f53664-ff14-4893-92a4-d3e24e9edab5,8356fec1-1b5b-45df-ab57-276899df5e6e,,4ab9b6f4-1b9e-4823-bbb0-898a421fadc3,Sanket,true,monthly,,,,,,,
9df07ff1-ed60-4584-a4fc-57bd8b15f509,9ab6003d-6282-447a-aa5a-8d6244c92a1f,aaacc3a2-e67a-4acc-a6f0-6d62260466df,,35bf7883-f6ba-440d-9d6a-245cd0c9113a,Tushar,true,yearly,,,,,,,tax return
00fbeb21-698d-45a4-a400-5af2b3f15f54,8448f35a-9bce-48ef-833f-796040129724,aaacc3a2-e67a-4acc-a6f0-6d62260466df,,e96697dc-439a-4ee7-b793-c539c25bfe47,Amruta,true,yearly,,,,,,,tax return
32d77b1c-652e-4fc5-b2f8-aac511a2a278,8448f35a-9bce-48ef-833f-796040129724,8356fec1-1b5b-45df-ab57-276899df5e6e,,e96697dc-439a-4ee7-b793-c539c25bfe47,Amruta,true,monthly,,,,,,,
7440c38b-c422-45ad-81e3-d235387bba70,e62c671f-63a9-49c0-b075-7c8d385fbeb4,aaacc3a2-e67a-4acc-a6f0-6d62260466df,,60e3c2e6-a2e5-4340-8d2c-b58ce02ab04d,Sam,true,yearly,,,,,,,tax return
bd17b209-b788-4dba-9ee0-9e061e6989f0,e62c671f-63a9-49c0-b075-7c8d385fbeb4,8356fec1-1b5b-45df-ab57-276899df5e6e,,60e3c2e6-a2e5-4340-8d2c-b58ce02ab04d,Sam,true,yearly,,,,,,,
610f94da-78d6-4a2c-aca9-db94a7b006d7,13df724e-970c-4ba3-9771-f17a7b0f4804,aaacc3a2-e67a-4acc-a6f0-6d62260466df,,60e3c2e6-a2e5-4340-8d2c-b58ce02ab04d,Sam,true,yearly,,,,,,,tax return
a2af450c-cae8-4fd2-ad6b-32be41edbd3f,13df724e-970c-4ba3-9771-f17a7b0f4804,8356fec1-1b5b-45df-ab57-276899df5e6e,,60e3c2e6-a2e5-4340-8d2c-b58ce02ab04d,Sam,true,yearly,,,,,,,
97ecd0c0-0b25-46c3-91f3-370262260bd7,ba1b7f6d-c402-4312-8193-d286881d300b,aaacc3a2-e67a-4acc-a6f0-6d62260466df,,60e3c2e6-a2e5-4340-8d2c-b58ce02ab04d,Sam,true,yearly,,,,,,,tax return
416731bd-e7bd-40e2-b040-5065732f177a,ba1b7f6d-c402-4312-8193-d286881d300b,8356fec1-1b5b-45df-ab57-276899df5e6e,,60e3c2e6-a2e5-4340-8d2c-b58ce02ab04d,Sam,true,yearly,,,,,,,
dce200e9-4d8d-47d3-a79f-5ac0a2500ea3,c65f8b63-71ca-4cb6-ab0a-96cec0f4ebb0,aaacc3a2-e67a-4acc-a6f0-6d62260466df,,60e3c2e6-a2e5-4340-8d2c-b58ce02ab04d,Sam,true,yearly,,,,,,,tax return
28633fc0-3911-4723-b165-7fa89ffaf1fb,c65f8b63-71ca-4cb6-ab0a-96cec0f4ebb0,8356fec1-1b5b-45df-ab57-276899df5e6e,,60e3c2e6-a2e5-4340-8d2c-b58ce02ab04d,Sam,true,yearly,,,,,,,
d137ef0e-cd28-459f-9bf5-dd628f7ce50c,487cd902-84fd-407b-95d1-ec2365b224b8,aaacc3a2-e67a-4acc-a6f0-6d62260466df,,35bf7883-f6ba-440d-9d6a-245cd0c9113a,Tushar,true,yearly,,,,,,,tax return
f974c366-0e19-43a4-8194-6d9cbe6181e5,4e88e9db-0627-4d11-99b0-dba3d35d22fa,aaacc3a2-e67a-4acc-a6f0-6d62260466df,,35bf7883-f6ba-440d-9d6a-245cd0c9113a,Tushar,true,yearly,,,,,,,tax return
3ebe161b-ffa7-4cad-b9ee-ae185be5e30d,e34ff1fe-1f30-4a24-aa92-0f0763ccf9bc,aaacc3a2-e67a-4acc-a6f0-6d62260466df,,60e3c2e6-a2e5-4340-8d2c-b58ce02ab04d,Sam,true,yearly,,,,,,,tax return
b8664456-9328-4b42-95be-4176a6a1e51a,e34ff1fe-1f30-4a24-aa92-0f0763ccf9bc,8356fec1-1b5b-45df-ab57-276899df5e6e,,60e3c2e6-a2e5-4340-8d2c-b58ce02ab04d,Sam,true,yearly,,,,,,,
d1740876-7b13-4e0d-aaa7-3b19a89499ad,1cf41bf5-03c5-4afa-872a-5d9efd6d81e8,aaacc3a2-e67a-4acc-a6f0-6d62260466df,,60e3c2e6-a2e5-4340-8d2c-b58ce02ab04d,Sam,true,yearly,,,,,,,tax return
a40aebdb-db8f-4703-a925-d9a74adfb0b8,1cf41bf5-03c5-4afa-872a-5d9efd6d81e8,8356fec1-1b5b-45df-ab57-276899df5e6e,,60e3c2e6-a2e5-4340-8d2c-b58ce02ab04d,Sam,true,yearly,,,,,,,
d3a3eafa-195b-4ee3-b65d-a97755affd90,43a55512-bc13-4be5-930f-d5d909c3de66,aaacc3a2-e67a-4acc-a6f0-6d62260466df,,60e3c2e6-a2e5-4340-8d2c-b58ce02ab04d,Sam,true,yearly,,,,,,,tax return
9401213b-df99-437f-a826-3137ae7c20e0,43a55512-bc13-4be5-930f-d5d909c3de66,8356fec1-1b5b-45df-ab57-276899df5e6e,,60e3c2e6-a2e5-4340-8d2c-b58ce02ab04d,Sam,true,yearly,,,,,,,
015e9553-e9a9-4129-9923-86cfa4451168,69ed1df8-ee28-491b-b988-94a096f57ac7,aaacc3a2-e67a-4acc-a6f0-6d62260466df,,653d18c7-ff9c-42a4-b2ab-b254294d25af,Lizette,true,yearly,,,,,,,tax return
81aaa4cc-704f-4150-8a02-a15f7c7f1232,69ed1df8-ee28-491b-b988-94a096f57ac7,8356fec1-1b5b-45df-ab57-276899df5e6e,,653d18c7-ff9c-42a4-b2ab-b254294d25af,Lizette,true,monthly,,,,,,,
e0fe50f1-bbf9-482a-bb9c-877487bdf1d6,e25aa6e1-e7ae-4e6d-9d40-4c3f9051b674,aaacc3a2-e67a-4acc-a6f0-6d62260466df,,35bf7883-f6ba-440d-9d6a-245cd0c9113a,Tushar,true,yearly,,,,,,,tax return
7e1017e6-9ab7-43c4-b78b-75580d21ff25,9a85b691-a4d8-4711-b315-103f7684f413,aaacc3a2-e67a-4acc-a6f0-6d62260466df,,35bf7883-f6ba-440d-9d6a-245cd0c9113a,Tushar,true,yearly,,,,,,,tax return
1587aad1-fe4f-49fa-b2db-6a87521ccc28,8f339998-fbaf-4867-b4c6-3c97c2e5d13d,aaacc3a2-e67a-4acc-a6f0-6d62260466df,,35bf7883-f6ba-440d-9d6a-245cd0c9113a,Tushar,true,yearly,,,,,,,tax return
503881a9-f62f-41a9-8381-91bd68dfd6d8,f541cb9e-7f2a-4209-9830-ebea6a7c5c4b,aaacc3a2-e67a-4acc-a6f0-6d62260466df,,35bf7883-f6ba-440d-9d6a-245cd0c9113a,Tushar,true,yearly,,,,,,,tax return
9f7d9803-ee59-4e98-831d-89c00baefe96,d22e5b06-cd0f-4c3e-a741-250b83522654,aaacc3a2-e67a-4acc-a6f0-6d62260466df,,35bf7883-f6ba-440d-9d6a-245cd0c9113a,Tushar,true,yearly,,,,,,,tax return
2fb190bc-e60b-4403-bc13-a52a95121db8,9626fff3-7101-4e12-8a58-3a8c1916c807,aaacc3a2-e67a-4acc-a6f0-6d62260466df,,653d18c7-ff9c-42a4-b2ab-b254294d25af,Lizette,true,yearly,,,,,,,tax return
df2acb6f-f0d5-46b6-a328-d6ed851b57be,9626fff3-7101-4e12-8a58-3a8c1916c807,8356fec1-1b5b-45df-ab57-276899df5e6e,,653d18c7-ff9c-42a4-b2ab-b254294d25af,Lizette,true,monthly,,,,,,,
b1e1a2fb-9436-464f-82b3-8d89ba9a8afb,d2ed363a-695f-42d4-9b9a-239e121125f9,aaacc3a2-e67a-4acc-a6f0-6d62260466df,,35bf7883-f6ba-440d-9d6a-245cd0c9113a,Tushar,true,yearly,,,,,,,tax return
b10c0872-4b01-41d4-bae5-cf4c7bbd84f5,b174cf60-44fa-4838-b7c2-759ea0292dbb,aaacc3a2-e67a-4acc-a6f0-6d62260466df,,35bf7883-f6ba-440d-9d6a-245cd0c9113a,Tushar,true,yearly,,,,,,,tax return
d250387a-ac88-4a16-9737-d1b9a5c62191,ffe48823-b580-40f3-b095-ed5912e193d2,aaacc3a2-e67a-4acc-a6f0-6d62260466df,,35bf7883-f6ba-440d-9d6a-245cd0c9113a,Tushar,true,yearly,,,,,,,tax return
49dd7ca3-4fc2-4607-bc0e-5a2c7365f23f,cf16e48e-a82c-4269-8c3e-c76c5dcd3f63,aaacc3a2-e67a-4acc-a6f0-6d62260466df,,35bf7883-f6ba-440d-9d6a-245cd0c9113a,Tushar,true,yearly,,,,,,,tax return
0e655f69-19bd-4e38-9582-f7ae7029ef44,72aa2fcf-906f-4ebf-9ae4-14a89b7835a7,aaacc3a2-e67a-4acc-a6f0-6d62260466df,,35bf7883-f6ba-440d-9d6a-245cd0c9113a,Tushar,true,yearly,,,,,,,tax return
53467adb-6f2a-4702-842d-a4b4799f64c5,83712821-d2dc-4849-bc1b-dc7ac1a8b49b,aaacc3a2-e67a-4acc-a6f0-6d62260466df,,35bf7883-f6ba-440d-9d6a-245cd0c9113a,Tushar,true,yearly,,,,,,,tax return
39a556c2-409a-414d-b6c8-c6fe27cd73dd,16ddb266-40f5-4fe4-9701-04e69812a0d1,aaacc3a2-e67a-4acc-a6f0-6d62260466df,,35bf7883-f6ba-440d-9d6a-245cd0c9113a,Tushar,true,yearly,,,,,,,tax return
18037663-3069-40d4-8d36-082f8649df88,64972079-560f-4e55-87d5-02cabf8b738d,aaacc3a2-e67a-4acc-a6f0-6d62260466df,,60e3c2e6-a2e5-4340-8d2c-b58ce02ab04d,Sam,true,yearly,,,,,,,tax return
8dd51a49-755c-484d-bc51-82ee8cfc20fd,64972079-560f-4e55-87d5-02cabf8b738d,8356fec1-1b5b-45df-ab57-276899df5e6e,,60e3c2e6-a2e5-4340-8d2c-b58ce02ab04d,Sam,true,monthly,,,,,,,
d123490e-aad5-44f4-a345-391fa8b4673c,6318ee0f-c4a2-4010-88d5-573a97ceffb1,aaacc3a2-e67a-4acc-a6f0-6d62260466df,,60e3c2e6-a2e5-4340-8d2c-b58ce02ab04d,Sam,true,yearly,,,,,,,tax return
f2b61ad6-b559-4144-ac6e-6af110fa2f3e,6318ee0f-c4a2-4010-88d5-573a97ceffb1,8356fec1-1b5b-45df-ab57-276899df5e6e,,60e3c2e6-a2e5-4340-8d2c-b58ce02ab04d,Sam,true,yearly,,,,,,,
89290827-b89f-43e6-a35f-7333730b751b,a4e8a6b7-7c30-4b55-829f-0fc4b6e93b45,aaacc3a2-e67a-4acc-a6f0-6d62260466df,,35bf7883-f6ba-440d-9d6a-245cd0c9113a,Tushar,true,yearly,,,,,,,tax return
78bc8f98-d83b-4f3a-9e35-2f650243750c,df3b8e74-03a1-4ef1-9f78-3956c21e0e84,aaacc3a2-e67a-4acc-a6f0-6d62260466df,,35bf7883-f6ba-440d-9d6a-245cd0c9113a,Tushar,true,yearly,,,,,,,tax return
e385dba6-0ba2-4318-b345-e41b59752abc,e8e914aa-4eef-4412-b6a7-e3348d5d4221,aaacc3a2-e67a-4acc-a6f0-6d62260466df,,60e3c2e6-a2e5-4340-8d2c-b58ce02ab04d,Sam,true,yearly,,,,,,,tax return
b750fe0f-d799-422e-8331-ba1377ff1796,e8e914aa-4eef-4412-b6a7-e3348d5d4221,8356fec1-1b5b-45df-ab57-276899df5e6e,,60e3c2e6-a2e5-4340-8d2c-b58ce02ab04d,Sam,true,yearly,,,,,,,
052a429d-aa12-43a0-85fa-8ab7737b3359,fa2ea2fc-85fd-4f28-99cf-1bbb2736c621,aaacc3a2-e67a-4acc-a6f0-6d62260466df,,35bf7883-f6ba-440d-9d6a-245cd0c9113a,Tushar,true,yearly,,,,,,,tax return
ce868cc0-01ee-4dbb-889c-4c0124aa07cc,d797916c-bd70-437b-9236-1b69e34acf5c,aaacc3a2-e67a-4acc-a6f0-6d62260466df,,60e3c2e6-a2e5-4340-8d2c-b58ce02ab04d,Sam,true,yearly,,,,,,,tax return
b98b2dbc-fee8-4b0c-bedc-dacc8a574efc,d797916c-bd70-437b-9236-1b69e34acf5c,8356fec1-1b5b-45df-ab57-276899df5e6e,,60e3c2e6-a2e5-4340-8d2c-b58ce02ab04d,Sam,true,monthly,,,,,,,
0062221b-6664-45a2-871c-e5f77ffa8029,062f9303-3d99-4ffd-bb35-e8064c9e3c29,aaacc3a2-e67a-4acc-a6f0-6d62260466df,,35bf7883-f6ba-440d-9d6a-245cd0c9113a,Tushar,true,yearly,,,,,,,tax return
9c00b9f9-d288-4135-a997-2353f3405d39,418cf4e2-6d0c-44f2-a75e-3a8667dd0f2c,aaacc3a2-e67a-4acc-a6f0-6d62260466df,,35bf7883-f6ba-440d-9d6a-245cd0c9113a,Tushar,true,yearly,,,,,,,tax return
ffba653c-ec30-41bb-a6d3-9f06df8522ad,95f26574-1145-4ed3-a0b5-072fbdd225b0,aaacc3a2-e67a-4acc-a6f0-6d62260466df,,35bf7883-f6ba-440d-9d6a-245cd0c9113a,Tushar,true,yearly,,,,,,,tax return
99a3cc66-3eec-4687-a9c4-463aaae26336,e7c308c3-110d-434f-86f5-d2bafa26eb4c,aaacc3a2-e67a-4acc-a6f0-6d62260466df,,35bf7883-f6ba-440d-9d6a-245cd0c9113a,Tushar,true,yearly,,,,,,,tax return
9b951fa1-2167-4ff6-bca3-13db9d9a5dc7,8afdb92b-0904-4d1e-b611-0534dbd9e0d5,aaacc3a2-e67a-4acc-a6f0-6d62260466df,,4ab9b6f4-1b9e-4823-bbb0-898a421fadc3,Sanket,true,yearly,,,,,,,tax return
eec0b323-a9cd-4856-8c17-10a9b755db9c,8afdb92b-0904-4d1e-b611-0534dbd9e0d5,8356fec1-1b5b-45df-ab57-276899df5e6e,,4ab9b6f4-1b9e-4823-bbb0-898a421fadc3,Sanket,true,monthly,,,,,,,
329faa8e-1253-4043-9fbb-d0db57b27269,d4172820-3b4f-4cd0-8481-86337c4ed62a,aaacc3a2-e67a-4acc-a6f0-6d62260466df,,35bf7883-f6ba-440d-9d6a-245cd0c9113a,Tushar,true,yearly,,,,,,,tax return
ff442603-f14c-46e6-b4c9-85ab7b2dfd8f,7a73e716-dbae-47a3-a010-513329a60ef3,aaacc3a2-e67a-4acc-a6f0-6d62260466df,,35bf7883-f6ba-440d-9d6a-245cd0c9113a,Tushar,true,yearly,,,,,,,tax return
51a4801a-7483-4e0e-b502-840f8cf21316,fa7bbf0e-1bdf-4339-8fe7-d9e9d09982e7,aaacc3a2-e67a-4acc-a6f0-6d62260466df,,35bf7883-f6ba-440d-9d6a-245cd0c9113a,Tushar,true,yearly,,,,,,,tax return
ab49f75f-bbff-4ca0-9614-7185782e1aec,37db1261-c10a-4d98-8cb7-f13bf81f0954,aaacc3a2-e67a-4acc-a6f0-6d62260466df,,e96697dc-439a-4ee7-b793-c539c25bfe47,Amruta,true,yearly,,,,,,,tax return
754367f9-336f-4898-8059-f4ca33496222,37db1261-c10a-4d98-8cb7-f13bf81f0954,8356fec1-1b5b-45df-ab57-276899df5e6e,,e96697dc-439a-4ee7-b793-c539c25bfe47,Amruta,true,monthly,,,,,,,
45e31084-f653-48ca-9525-a22aad78ab38,68292eba-d9aa-4197-b5fd-2ab8e8d0a89d,aaacc3a2-e67a-4acc-a6f0-6d62260466df,,35bf7883-f6ba-440d-9d6a-245cd0c9113a,Tushar,true,yearly,,,,,,,tax return
3146a031-65ed-4d6c-8b8f-4f539b304554,a8b191f0-0f65-47c8-8402-e7987deae658,aaacc3a2-e67a-4acc-a6f0-6d62260466df,,35bf7883-f6ba-440d-9d6a-245cd0c9113a,Tushar,true,yearly,,,,,,,tax return
4582a203-091f-4c93-b386-01d9d7449157,e74b9aa6-8c9b-42e1-9ac5-8800a70ad8b5,aaacc3a2-e67a-4acc-a6f0-6d62260466df,,35bf7883-f6ba-440d-9d6a-245cd0c9113a,Tushar,true,yearly,,,,,,,tax return
6ec83eb0-fa69-4a1f-8218-9e43d7a80a8b,2abb2964-bbf4-40f4-8ca1-b9ca33220c7c,aaacc3a2-e67a-4acc-a6f0-6d62260466df,,e96697dc-439a-4ee7-b793-c539c25bfe47,Amruta,true,yearly,,,,,,,tax return
866f7a76-9cf5-4ff9-bd34-287d96566798,2abb2964-bbf4-40f4-8ca1-b9ca33220c7c,8356fec1-1b5b-45df-ab57-276899df5e6e,,e96697dc-439a-4ee7-b793-c539c25bfe47,Amruta,true,monthly,,,,,,,
8505ac83-283e-4c68-8ef0-8cd47b3b9a23,0e9ddc2f-4db9-4293-b1f5-5c524cd1f096,aaacc3a2-e67a-4acc-a6f0-6d62260466df,,35bf7883-f6ba-440d-9d6a-245cd0c9113a,Tushar,true,yearly,,,,,,,tax return
57c2e37f-f879-4c52-9c4f-81125cddd3a2,6f49a344-ca1a-4878-bef4-1ef811577193,aaacc3a2-e67a-4acc-a6f0-6d62260466df,,35bf7883-f6ba-440d-9d6a-245cd0c9113a,Tushar,true,yearly,,,,,,,tax return
faee9dbc-ad94-42ec-817d-1a819d76ca7b,30ac097f-fbc9-4389-9ee6-bbe920de0168,aaacc3a2-e67a-4acc-a6f0-6d62260466df,,60e3c2e6-a2e5-4340-8d2c-b58ce02ab04d,Sam,true,yearly,,,,,,,tax return
3c67792c-24d0-4149-93c5-3075a42b2d28,30ac097f-fbc9-4389-9ee6-bbe920de0168,8356fec1-1b5b-45df-ab57-276899df5e6e,,60e3c2e6-a2e5-4340-8d2c-b58ce02ab04d,Sam,true,yearly,,,,,,,
2716ed35-7c02-4d6d-aeee-9b54b855eb33,31762766-e8b9-4075-a444-25ab6079fbb7,aaacc3a2-e67a-4acc-a6f0-6d62260466df,,e96697dc-439a-4ee7-b793-c539c25bfe47,Amruta,true,yearly,,,,,,,tax return
c7a45bb1-1a46-41f7-b33d-0c43e7b0ec02,31762766-e8b9-4075-a444-25ab6079fbb7,8356fec1-1b5b-45df-ab57-276899df5e6e,,e96697dc-439a-4ee7-b793-c539c25bfe47,Amruta,true,monthly,,,,,,,
25c0868c-d049-488f-89d9-e2e78c433eb0,1a19da0c-5539-489a-b4e0-47242699e602,aaacc3a2-e67a-4acc-a6f0-6d62260466df,,35bf7883-f6ba-440d-9d6a-245cd0c9113a,Tushar,true,yearly,,,,,,,tax return
5af169b8-dbf6-4adb-82b2-f875535f186b,0060e002-e176-4877-a32b-50571fb413e4,aaacc3a2-e67a-4acc-a6f0-6d62260466df,,35bf7883-f6ba-440d-9d6a-245cd0c9113a,Tushar,true,yearly,,,,,,,tax return
22ac6b71-c591-4b04-9166-3b28633ee3b6,1e6c46ae-af38-422b-a8b1-e970e8c25c20,aaacc3a2-e67a-4acc-a6f0-6d62260466df,,35bf7883-f6ba-440d-9d6a-245cd0c9113a,Tushar,true,yearly,,,,,,,tax return
77922823-9ae5-4f86-b9a5-16b9ea795bc5,eb0641d5-521c-404d-9aab-25cda6d6dc0e,aaacc3a2-e67a-4acc-a6f0-6d62260466df,,4ab9b6f4-1b9e-4823-bbb0-898a421fadc3,Sanket,true,yearly,,,,,,,tax return
5cd0c55c-bf7e-44d2-a366-5fc8acbda1aa,eb0641d5-521c-404d-9aab-25cda6d6dc0e,8356fec1-1b5b-45df-ab57-276899df5e6e,,4ab9b6f4-1b9e-4823-bbb0-898a421fadc3,Sanket,true,monthly,,,,,,,
805d72d4-4d48-47a0-b1c5-f40597f7585e,6e111bad-bf79-439a-92ad-f987a6438bce,aaacc3a2-e67a-4acc-a6f0-6d62260466df,,60e3c2e6-a2e5-4340-8d2c-b58ce02ab04d,Sam,true,yearly,,,,,,,tax return
acca394a-ffbb-4856-b5e0-1df844a7509a,6e111bad-bf79-439a-92ad-f987a6438bce,8356fec1-1b5b-45df-ab57-276899df5e6e,,60e3c2e6-a2e5-4340-8d2c-b58ce02ab04d,Sam,true,monthly,,,,,,,
bb732429-7f6d-4486-996c-e7e9344ddc51,379288fc-1fba-41dd-a45c-4e1b965d5aa4,aaacc3a2-e67a-4acc-a6f0-6d62260466df,,35bf7883-f6ba-440d-9d6a-245cd0c9113a,Tushar,true,yearly,,,,,,,tax return
89efc9ea-4ea0-4525-8d10-6c3c9a2b9197,8b8cd11d-6da6-4bfa-ba52-79da26f89e2b,aaacc3a2-e67a-4acc-a6f0-6d62260466df,,35bf7883-f6ba-440d-9d6a-245cd0c9113a,Tushar,true,yearly,,,,,,,tax return
caf0ead7-0185-4afb-ae12-d2fa2312058f,fc9fac60-0914-487b-b1d2-3805e7c12559,aaacc3a2-e67a-4acc-a6f0-6d62260466df,,35bf7883-f6ba-440d-9d6a-245cd0c9113a,Tushar,true,yearly,,,,,,,tax return
af267fcd-2b88-43df-9078-0f9b54bde256,e0c1addd-db5a-4e52-b6c5-a3122132a9f2,aaacc3a2-e67a-4acc-a6f0-6d62260466df,,60e3c2e6-a2e5-4340-8d2c-b58ce02ab04d,Sam,true,yearly,,,,,,,tax return
9fb7274a-7c54-44b2-859c-014b314b6736,e0c1addd-db5a-4e52-b6c5-a3122132a9f2,8356fec1-1b5b-45df-ab57-276899df5e6e,,60e3c2e6-a2e5-4340-8d2c-b58ce02ab04d,Sam,true,monthly,,,,,,,
48047e28-df57-4632-a567-b36a390a07c3,e21ed4c1-dd2b-4680-8a89-861124aa0f8c,aaacc3a2-e67a-4acc-a6f0-6d62260466df,,35bf7883-f6ba-440d-9d6a-245cd0c9113a,Tushar,true,yearly,,,,,,,tax return
31496149-e891-4627-ae2d-25bcb5b5da2f,4fdd9ca6-6e89-48d5-ad7a-094857d610d8,aaacc3a2-e67a-4acc-a6f0-6d62260466df,,e96697dc-439a-4ee7-b793-c539c25bfe47,Amruta,true,yearly,,,,,,,tax return
8804654b-b431-4778-b440-ef5c2b94404b,4fdd9ca6-6e89-48d5-ad7a-094857d610d8,8356fec1-1b5b-45df-ab57-276899df5e6e,,e96697dc-439a-4ee7-b793-c539c25bfe47,Amruta,true,monthly,,,,,,,
bba1e3b7-80be-4f65-8f5d-62fb8bb4c58a,e6fbe860-db25-46e4-8ffb-e26d496e154d,aaacc3a2-e67a-4acc-a6f0-6d62260466df,,4ab9b6f4-1b9e-4823-bbb0-898a421fadc3,Sanket,true,yearly,,,,,,,tax return
889d7486-c982-456a-a1a2-2486418199a0,e6fbe860-db25-46e4-8ffb-e26d496e154d,8356fec1-1b5b-45df-ab57-276899df5e6e,,4ab9b6f4-1b9e-4823-bbb0-898a421fadc3,Sanket,true,monthly,,,,,,,
7b857cb7-d958-42cc-964e-dd4affa2a9b8,69c5f0ee-48dc-4572-8054-cdade970548f,aaacc3a2-e67a-4acc-a6f0-6d62260466df,,35bf7883-f6ba-440d-9d6a-245cd0c9113a,Tushar,true,yearly,,,,,,,tax return
2921bb9c-2ffe-4ee9-8a35-6a98e3c9eefe,b91e9d67-6b7d-480f-b841-a9021dd46172,aaacc3a2-e67a-4acc-a6f0-6d62260466df,,35bf7883-f6ba-440d-9d6a-245cd0c9113a,Tushar,true,yearly,,,,,,,tax return
8683ef51-3459-46b7-8ff4-fb38a6bffb36,9e34afe4-df03-4cfc-9e83-0faf7210918b,aaacc3a2-e67a-4acc-a6f0-6d62260466df,,4ab9b6f4-1b9e-4823-bbb0-898a421fadc3,Sanket,true,yearly,,,,,,,tax return
0fe4b117-f301-40cd-b9a9-7a5c21f8d753,9e34afe4-df03-4cfc-9e83-0faf7210918b,8356fec1-1b5b-45df-ab57-276899df5e6e,,4ab9b6f4-1b9e-4823-bbb0-898a421fadc3,Sanket,true,monthly,,,,,,,
6d82c8af-4634-42ef-bf3c-b9cebf2b2693,05fa8774-de62-40a8-836e-f988030b4d36,aaacc3a2-e67a-4acc-a6f0-6d62260466df,,4ab9b6f4-1b9e-4823-bbb0-898a421fadc3,Sanket,true,yearly,,,,,,,tax return
a239c297-36be-49c4-b906-40240d2e3035,05fa8774-de62-40a8-836e-f988030b4d36,8356fec1-1b5b-45df-ab57-276899df5e6e,,4ab9b6f4-1b9e-4823-bbb0-898a421fadc3,Sanket,true,monthly,,,,,,,
ab4ee661-4ed7-40f9-bb7a-0ecccb65ea1d,970405da-ceef-4190-9e8e-0f9622863445,aaacc3a2-e67a-4acc-a6f0-6d62260466df,,4ab9b6f4-1b9e-4823-bbb0-898a421fadc3,Sanket,true,yearly,,,,,,,tax return
08b534a9-21ae-4554-b38a-cc8a7315c829,970405da-ceef-4190-9e8e-0f9622863445,8356fec1-1b5b-45df-ab57-276899df5e6e,,4ab9b6f4-1b9e-4823-bbb0-898a421fadc3,Sanket,true,monthly,,,,,,,
f0a0c9e5-210a-4ee3-9160-b99352b65a22,3819a271-f43e-4039-bc71-8d69d89703e5,aaacc3a2-e67a-4acc-a6f0-6d62260466df,,35bf7883-f6ba-440d-9d6a-245cd0c9113a,Tushar,true,yearly,,,,,,,tax return
cd4338d2-49ab-49f7-b85d-924439111356,5c550d4e-452d-429c-ac55-1a49095fc1c5,aaacc3a2-e67a-4acc-a6f0-6d62260466df,,60e3c2e6-a2e5-4340-8d2c-b58ce02ab04d,Sam,true,yearly,,,,,,,tax return
97db05f9-427a-4e2c-915d-aa9656d3fb65,5c550d4e-452d-429c-ac55-1a49095fc1c5,8356fec1-1b5b-45df-ab57-276899df5e6e,,60e3c2e6-a2e5-4340-8d2c-b58ce02ab04d,Sam,true,monthly,,,,,,,
7ee3af7b-3826-4849-bedf-d993d163284e,cc00de6f-2db1-40d6-abbf-3cea03a52430,aaacc3a2-e67a-4acc-a6f0-6d62260466df,,35bf7883-f6ba-440d-9d6a-245cd0c9113a,Tushar,true,yearly,,,,,,,tax return
7d512e2e-3e7d-4690-90d5-9edf14eb41e2,066575b1-40a8-4d3f-8a48-9301497fd639,aaacc3a2-e67a-4acc-a6f0-6d62260466df,,60e3c2e6-a2e5-4340-8d2c-b58ce02ab04d,Sam,true,yearly,,,,,,,tax return
9479f823-3474-4b53-b649-419507739d8f,066575b1-40a8-4d3f-8a48-9301497fd639,8356fec1-1b5b-45df-ab57-276899df5e6e,,60e3c2e6-a2e5-4340-8d2c-b58ce02ab04d,Sam,true,yearly,,,,,,,
c528006b-b86a-4587-8e9e-eae80a7c8794,75ad0847-a156-483f-8ae9-29873dd01cf1,aaacc3a2-e67a-4acc-a6f0-6d62260466df,,35bf7883-f6ba-440d-9d6a-245cd0c9113a,Tushar,true,yearly,,,,,,,tax return
2b3840b5-615d-4309-b903-a1a6923e0e13,a50b0a97-50b7-4978-859a-60308470bdd0,aaacc3a2-e67a-4acc-a6f0-6d62260466df,,60e3c2e6-a2e5-4340-8d2c-b58ce02ab04d,Sam,true,yearly,,,,,,,tax return
8c7d1583-c094-453d-9227-a12df8cfbfa5,a50b0a97-50b7-4978-859a-60308470bdd0,8356fec1-1b5b-45df-ab57-276899df5e6e,,60e3c2e6-a2e5-4340-8d2c-b58ce02ab04d,Sam,true,monthly,,,,,,,
13969b03-e28f-4b48-aa74-549424f9bbd3,91c17176-942b-4843-8a0d-19c04724edd5,aaacc3a2-e67a-4acc-a6f0-6d62260466df,,35bf7883-f6ba-440d-9d6a-245cd0c9113a,Tushar,true,yearly,,,,,,,tax return
0bcfbc98-bcdc-4564-9710-32ddf1f98d9b,22e195aa-b859-435d-abe1-8ae8fe4f00e7,aaacc3a2-e67a-4acc-a6f0-6d62260466df,,35bf7883-f6ba-440d-9d6a-245cd0c9113a,Tushar,true,yearly,,,,,,,tax return
15285fb6-ac41-4726-b79e-f4e0bc304621,e6578f58-d9cb-418a-b3cb-8531c51a850e,aaacc3a2-e67a-4acc-a6f0-6d62260466df,,4ab9b6f4-1b9e-4823-bbb0-898a421fadc3,Sanket,true,yearly,,,,,,,tax return
eb7f68d4-65fe-44c9-9b95-b9dd4296dcaa,e6578f58-d9cb-418a-b3cb-8531c51a850e,8356fec1-1b5b-45df-ab57-276899df5e6e,,4ab9b6f4-1b9e-4823-bbb0-898a421fadc3,Sanket,true,monthly,,,,,,,
9a06ec1e-c870-480e-a1d3-d75759cffb3d,5556e7c0-5fe9-43f2-aa5b-072936b4b77f,aaacc3a2-e67a-4acc-a6f0-6d62260466df,,60e3c2e6-a2e5-4340-8d2c-b58ce02ab04d,Sam,true,yearly,,,,,,,tax return
0311e821-9803-436d-a14b-14dd93117176,5556e7c0-5fe9-43f2-aa5b-072936b4b77f,8356fec1-1b5b-45df-ab57-276899df5e6e,,60e3c2e6-a2e5-4340-8d2c-b58ce02ab04d,Sam,true,monthly,,,,,,,
60a48719-8ad4-4971-89ae-9e0dddf50f7c,5556e7c0-5fe9-43f2-aa5b-072936b4b77f,85d61aa2-c377-467c-836d-ae193122ced2,,60e3c2e6-a2e5-4340-8d2c-b58ce02ab04d,Sam,true,,,,,,,,
94231a04-caa5-4014-8b07-864a4d5f2d40,5556e7c0-5fe9-43f2-aa5b-072936b4b77f,2d705b55-89e4-4224-810b-e911a2ac451c,,60e3c2e6-a2e5-4340-8d2c-b58ce02ab04d,Sam,true,,,,5,,,,
044e78a9-7120-47f9-980e-0b13b4ad74aa,4617dad6-7f71-4c2b-b7a2-2df201417475,aaacc3a2-e67a-4acc-a6f0-6d62260466df,,35bf7883-f6ba-440d-9d6a-245cd0c9113a,Tushar,true,yearly,,,,,,,tax return
584fa6ab-59af-4e7e-b3cd-23a0d63e7e80,05f6e1d2-6f0b-41db-ad40-e604b4f2c8fd,aaacc3a2-e67a-4acc-a6f0-6d62260466df,,35bf7883-f6ba-440d-9d6a-245cd0c9113a,Tushar,true,yearly,,,,,,,tax return
76ec598e-a13c-472e-afb6-17744f90dce7,00837dd3-45e0-4e1c-adfa-742e0d7bf474,aaacc3a2-e67a-4acc-a6f0-6d62260466df,,35bf7883-f6ba-440d-9d6a-245cd0c9113a,Tushar,true,yearly,,,,,,,tax return
9b2c05c1-20ed-4ce2-9bf1-57a9828a36b3,950ce63d-a424-46de-b820-8d3772494578,aaacc3a2-e67a-4acc-a6f0-6d62260466df,,35bf7883-f6ba-440d-9d6a-245cd0c9113a,Tushar,true,yearly,,,,,,,tax return
83ce1b23-e68e-4493-b14b-b1dfb412706f,3acd9523-99d0-4820-bc9c-785b6908c9a0,aaacc3a2-e67a-4acc-a6f0-6d62260466df,,35bf7883-f6ba-440d-9d6a-245cd0c9113a,Tushar,true,yearly,,,,,,,tax return
2fe9fd57-b156-4376-b571-196949bb61e9,f927cfb5-53a1-43ad-a660-e481bd67acba,aaacc3a2-e67a-4acc-a6f0-6d62260466df,,60e3c2e6-a2e5-4340-8d2c-b58ce02ab04d,Sam,true,yearly,,,,,,,tax return
270f93cd-42f1-41a3-9690-8d1e286b7bcb,f927cfb5-53a1-43ad-a660-e481bd67acba,8356fec1-1b5b-45df-ab57-276899df5e6e,,60e3c2e6-a2e5-4340-8d2c-b58ce02ab04d,Sam,true,monthly,,,,,,,
b533e045-8fb4-40cb-9b3e-84f1e5e8d7a0,6b879fd1-d7e9-422a-9a1f-1700908e9b28,aaacc3a2-e67a-4acc-a6f0-6d62260466df,,35bf7883-f6ba-440d-9d6a-245cd0c9113a,Tushar,true,yearly,,,,,,,tax return
dea2e4c0-5c12-41c6-9a40-1f8cf86ee4a2,f2a262b9-a321-421f-9368-461728dcd737,aaacc3a2-e67a-4acc-a6f0-6d62260466df,,35bf7883-f6ba-440d-9d6a-245cd0c9113a,Tushar,true,yearly,,,,,,,tax return
68318a22-f806-46e0-a239-af01e8b8ef01,189aae01-baa5-46b1-8417-729116ecac37,aaacc3a2-e67a-4acc-a6f0-6d62260466df,,35bf7883-f6ba-440d-9d6a-245cd0c9113a,Tushar,true,yearly,,,,,,,tax return
130c95fe-2af9-4313-8549-1c60c9b6a33b,74cfd0b0-50a9-4cbe-86b1-fd5885180a00,aaacc3a2-e67a-4acc-a6f0-6d62260466df,,35bf7883-f6ba-440d-9d6a-245cd0c9113a,Tushar,true,yearly,,,,,,,tax return
ac672575-daeb-4c1e-834a-a5d0f8e2a0ea,490b3391-17a9-494a-b048-4777aef09744,aaacc3a2-e67a-4acc-a6f0-6d62260466df,,60e3c2e6-a2e5-4340-8d2c-b58ce02ab04d,Sam,true,yearly,,,,,,,tax return
9ec6dd4c-3a04-46e9-b3a1-22eb0ab2585e,490b3391-17a9-494a-b048-4777aef09744,8356fec1-1b5b-45df-ab57-276899df5e6e,,60e3c2e6-a2e5-4340-8d2c-b58ce02ab04d,Sam,true,yearly,,,,,,,
b96f08a9-52a4-4dd4-8aac-15a22c75857b,163cf8bd-da63-476b-ab0d-96011dc21981,aaacc3a2-e67a-4acc-a6f0-6d62260466df,,35bf7883-f6ba-440d-9d6a-245cd0c9113a,Tushar,true,yearly,,,,,,,tax return
4a4c3b63-8f4f-4684-89e8-02a1e423d95f,c0894d19-f3a1-4e9d-831a-abe9bab57b91,aaacc3a2-e67a-4acc-a6f0-6d62260466df,,35bf7883-f6ba-440d-9d6a-245cd0c9113a,Tushar,true,yearly,,,,,,,tax return
b3b17d72-1f24-4e2f-a8bc-9b8304f9a58f,cc2e1811-0e21-4776-a2fa-65dd173fc7a4,aaacc3a2-e67a-4acc-a6f0-6d62260466df,,35bf7883-f6ba-440d-9d6a-245cd0c9113a,Tushar,true,yearly,,,,,,,tax return
109f142f-721f-447b-bb3c-9ca6a26667f1,cc2e1811-0e21-4776-a2fa-65dd173fc7a4,85d61aa2-c377-467c-836d-ae193122ced2,,35bf7883-f6ba-440d-9d6a-245cd0c9113a,Tushar,true,,,,,,,,
5c24e057-7222-469b-879a-b2bb6c470dc1,cc2e1811-0e21-4776-a2fa-65dd173fc7a4,2d705b55-89e4-4224-810b-e911a2ac451c,,35bf7883-f6ba-440d-9d6a-245cd0c9113a,Tushar,true,,,,20,,,,
ed8cd920-a451-4ac4-b1e1-2cb10052fc2e,039df327-09ed-45be-bec1-c738d13520f2,aaacc3a2-e67a-4acc-a6f0-6d62260466df,,35bf7883-f6ba-440d-9d6a-245cd0c9113a,Tushar,true,yearly,,,,,,,tax return
8dc0b702-9890-44bc-993c-10c7a0b85d45,0af37959-7152-4df4-b28f-33e91c030411,aaacc3a2-e67a-4acc-a6f0-6d62260466df,,653d18c7-ff9c-42a4-b2ab-b254294d25af,Lizette,true,yearly,,,,,,,tax return
086e5a41-6e38-475a-8776-9f7a8a1110b2,0af37959-7152-4df4-b28f-33e91c030411,8356fec1-1b5b-45df-ab57-276899df5e6e,,653d18c7-ff9c-42a4-b2ab-b254294d25af,Lizette,true,quarterly,,,,,,,
5459c5d6-3ed5-417d-af45-9b37dd80fbed,733cc3b5-e508-4e47-a1f5-fd54c376405b,aaacc3a2-e67a-4acc-a6f0-6d62260466df,,60e3c2e6-a2e5-4340-8d2c-b58ce02ab04d,Sam,true,yearly,,,,,,,tax return
267001ca-9dd6-4470-bb6f-41748d368f7e,733cc3b5-e508-4e47-a1f5-fd54c376405b,8356fec1-1b5b-45df-ab57-276899df5e6e,,60e3c2e6-a2e5-4340-8d2c-b58ce02ab04d,Sam,true,monthly,,,,,,,
843ac1ea-b1e9-494d-8bc3-af2c8b6ea04c,50cfe951-5100-4110-9012-e1af5f916e4c,aaacc3a2-e67a-4acc-a6f0-6d62260466df,,35bf7883-f6ba-440d-9d6a-245cd0c9113a,Tushar,true,yearly,,,,,,,tax return
d5f6ece9-ef6f-4527-bc58-d9b3f1a87c8b,15bc9e5e-f686-4f84-b6fc-e560376fcc57,aaacc3a2-e67a-4acc-a6f0-6d62260466df,,60e3c2e6-a2e5-4340-8d2c-b58ce02ab04d,Sam,true,yearly,,,,,,,tax return
1cafe35c-744d-4e18-b0bb-a724c58fd012,15bc9e5e-f686-4f84-b6fc-e560376fcc57,8356fec1-1b5b-45df-ab57-276899df5e6e,,60e3c2e6-a2e5-4340-8d2c-b58ce02ab04d,Sam,true,monthly,,,,,,,
d7aef3ad-34bc-4f68-9211-d131846d7da7,5e77580c-0fad-4cfd-bb51-f2e2c1567786,aaacc3a2-e67a-4acc-a6f0-6d62260466df,,35bf7883-f6ba-440d-9d6a-245cd0c9113a,Tushar,true,yearly,,,,,,,tax return
8586d930-96ae-40df-8c03-5bd9879a2b28,5991c261-8a42-4d84-ab20-972f6a5d9cac,aaacc3a2-e67a-4acc-a6f0-6d62260466df,,60e3c2e6-a2e5-4340-8d2c-b58ce02ab04d,Sam,true,yearly,,,,,,,tax return
c0c75857-c33d-4e90-8be7-b010d56f3b7d,5991c261-8a42-4d84-ab20-972f6a5d9cac,8356fec1-1b5b-45df-ab57-276899df5e6e,,60e3c2e6-a2e5-4340-8d2c-b58ce02ab04d,Sam,true,monthly,,,,,,,
e073225a-ce65-4d63-924c-35b25dee4ab7,f5c62da9-6d32-4a9b-a4ae-97b6014c16b8,aaacc3a2-e67a-4acc-a6f0-6d62260466df,,35bf7883-f6ba-440d-9d6a-245cd0c9113a,Tushar,true,yearly,,,,,,,tax return
40de8a82-37bb-4cc1-8759-15bfbec70b6a,bd98ef27-9270-41e4-960d-1dd0d03012fb,aaacc3a2-e67a-4acc-a6f0-6d62260466df,,35bf7883-f6ba-440d-9d6a-245cd0c9113a,Tushar,true,yearly,,,,,,,tax return
fcd3717d-d0ba-4ccc-9f94-b48b97f2ac1c,6b047f0c-7df7-4607-968b-d5bf7e0f69f0,aaacc3a2-e67a-4acc-a6f0-6d62260466df,,35bf7883-f6ba-440d-9d6a-245cd0c9113a,Tushar,true,yearly,,,,,,,tax return
724349ac-a937-40cf-b0cf-0f16c16ec6c4,9b4b7969-8ca8-4e73-aa0c-20c91a61b55d,aaacc3a2-e67a-4acc-a6f0-6d62260466df,,4ab9b6f4-1b9e-4823-bbb0-898a421fadc3,Sanket,true,yearly,,,,,,,tax return
9318c972-e9cd-4390-8e49-dea2b5ad33b5,9b4b7969-8ca8-4e73-aa0c-20c91a61b55d,8356fec1-1b5b-45df-ab57-276899df5e6e,,4ab9b6f4-1b9e-4823-bbb0-898a421fadc3,Sanket,true,monthly,,,,,,,
b19babde-30fc-42cb-9b0a-519cf53c5306,2447afeb-6c8c-4961-a422-ff0858edcfa0,aaacc3a2-e67a-4acc-a6f0-6d62260466df,,35bf7883-f6ba-440d-9d6a-245cd0c9113a,Tushar,true,yearly,,,,,,,tax return
97114916-3ef2-4cd9-87e6-66e7570523ed,126da57f-9b85-43ad-92a0-d8b4396f8a06,aaacc3a2-e67a-4acc-a6f0-6d62260466df,,35bf7883-f6ba-440d-9d6a-245cd0c9113a,Tushar,true,yearly,,,,,,,tax return
bc57cbd3-565a-4da6-a50d-173a3aeb97e9,544958e0-27dd-4393-a452-cdaeaff92f43,aaacc3a2-e67a-4acc-a6f0-6d62260466df,,35bf7883-f6ba-440d-9d6a-245cd0c9113a,Tushar,true,yearly,,,,,,,tax return
b1d7b36c-c205-4b5c-83a2-c47af5a16e44,1a49e7c5-41e9-4740-b1d8-7a0807259ca6,aaacc3a2-e67a-4acc-a6f0-6d62260466df,,35bf7883-f6ba-440d-9d6a-245cd0c9113a,Tushar,true,yearly,,,,,,,tax return
42efe402-ccc2-4d46-bee2-b42c5c5126c2,c96ff829-9de1-470b-8cad-a55c35b0203c,aaacc3a2-e67a-4acc-a6f0-6d62260466df,,35bf7883-f6ba-440d-9d6a-245cd0c9113a,Tushar,true,yearly,,,,,,,tax return
765d3caf-c7e3-47cb-8ba4-47e499323e68,e37f02fe-3132-411f-879f-69f772d0a194,aaacc3a2-e67a-4acc-a6f0-6d62260466df,,60e3c2e6-a2e5-4340-8d2c-b58ce02ab04d,Sam,true,yearly,,,,,,,tax return
006979c6-a48e-4bf1-b23a-4c0fa632983c,e37f02fe-3132-411f-879f-69f772d0a194,8356fec1-1b5b-45df-ab57-276899df5e6e,,60e3c2e6-a2e5-4340-8d2c-b58ce02ab04d,Sam,true,yearly,,,,,,,
873c1b18-d2f2-4f8b-aee3-54b1c9eae0bf,16d6d44c-7fc3-4195-906c-178069851d54,aaacc3a2-e67a-4acc-a6f0-6d62260466df,,60e3c2e6-a2e5-4340-8d2c-b58ce02ab04d,Sam,true,yearly,,,,,,,tax return
bbe3cf84-ad59-440b-a152-a98475eef9b5,16d6d44c-7fc3-4195-906c-178069851d54,8356fec1-1b5b-45df-ab57-276899df5e6e,,60e3c2e6-a2e5-4340-8d2c-b58ce02ab04d,Sam,true,yearly,,,,,,,
932ef151-2d67-4f02-9ec2-01ddc6811f59,04e74073-8ca9-40cc-9745-a7be7894c3e5,aaacc3a2-e67a-4acc-a6f0-6d62260466df,,60e3c2e6-a2e5-4340-8d2c-b58ce02ab04d,Sam,true,yearly,,,,,,,tax return
1557c8f1-f6cf-4d5d-821a-d4d4ec6de13e,04e74073-8ca9-40cc-9745-a7be7894c3e5,8356fec1-1b5b-45df-ab57-276899df5e6e,,60e3c2e6-a2e5-4340-8d2c-b58ce02ab04d,Sam,true,yearly,,,,,,,
db593c6f-3280-483f-a055-144f7e7b4f64,fe6625b3-62ea-4ceb-be01-626805189d77,aaacc3a2-e67a-4acc-a6f0-6d62260466df,,60e3c2e6-a2e5-4340-8d2c-b58ce02ab04d,Sam,true,yearly,,,,,,,tax return
0b355c23-c0b3-4f18-a2a9-77b06de465ef,fe6625b3-62ea-4ceb-be01-626805189d77,8356fec1-1b5b-45df-ab57-276899df5e6e,,60e3c2e6-a2e5-4340-8d2c-b58ce02ab04d,Sam,true,yearly,,,,,,,
7dde4115-5445-40a7-9645-e2ea10684ea5,b77bb7b7-2830-4653-b374-c53c621bb1f6,aaacc3a2-e67a-4acc-a6f0-6d62260466df,,35bf7883-f6ba-440d-9d6a-245cd0c9113a,Tushar,true,yearly,,,,,,,tax return
241a0e0e-d476-40cb-989f-eeccae67fd37,16fa9c49-9027-42b4-8213-069d04756c70,aaacc3a2-e67a-4acc-a6f0-6d62260466df,,35bf7883-f6ba-440d-9d6a-245cd0c9113a,Tushar,true,yearly,,,,,,,tax return
4ac015ad-0624-436e-b0a8-83b629c97aa7,3776d9f6-6db7-4d73-916e-39a735a6933b,aaacc3a2-e67a-4acc-a6f0-6d62260466df,,60e3c2e6-a2e5-4340-8d2c-b58ce02ab04d,Sam,true,yearly,,,,,,,tax return
c0ffee1a-039c-4a71-9c7c-982daacd77c5,3776d9f6-6db7-4d73-916e-39a735a6933b,8356fec1-1b5b-45df-ab57-276899df5e6e,,60e3c2e6-a2e5-4340-8d2c-b58ce02ab04d,Sam,true,monthly,,,,,,,
39f4b33f-bd6f-4e37-9387-1ab12973a62a,05847d3e-2cbd-4213-ac65-e64e620841a1,aaacc3a2-e67a-4acc-a6f0-6d62260466df,,60e3c2e6-a2e5-4340-8d2c-b58ce02ab04d,Sam,true,yearly,,,,,,,tax return
c5af0f1d-d70d-473a-98cd-37ee145246de,05847d3e-2cbd-4213-ac65-e64e620841a1,8356fec1-1b5b-45df-ab57-276899df5e6e,,60e3c2e6-a2e5-4340-8d2c-b58ce02ab04d,Sam,true,monthly,,,,,,,
a153ac48-a778-4624-ad7b-c06b9da23f37,734d14ae-ff1b-4d99-b4e0-e9a9e894cc6b,aaacc3a2-e67a-4acc-a6f0-6d62260466df,,35bf7883-f6ba-440d-9d6a-245cd0c9113a,Tushar,true,yearly,,,,,,,tax return
bdd6ed10-1d6c-4ace-a941-cfd06d10181e,faa73dad-ca63-4205-a69d-11241b7e7fbc,aaacc3a2-e67a-4acc-a6f0-6d62260466df,,35bf7883-f6ba-440d-9d6a-245cd0c9113a,Tushar,true,yearly,,,,,,,tax return
2a142288-c504-4caf-83ed-1105f0a9bc1d,cf4cbbce-df77-484a-8139-c9a4e9dfef4b,aaacc3a2-e67a-4acc-a6f0-6d62260466df,,60e3c2e6-a2e5-4340-8d2c-b58ce02ab04d,Sam,true,yearly,,,,,,,tax return
e8830597-1ed2-4647-b92a-5e83f35d6238,cf4cbbce-df77-484a-8139-c9a4e9dfef4b,8356fec1-1b5b-45df-ab57-276899df5e6e,,60e3c2e6-a2e5-4340-8d2c-b58ce02ab04d,Sam,true,quarterly,,,,,,,
a1aa7cde-e909-4533-a5ca-501a368fd178,770c47c4-ec17-479f-993d-5ada8e065c87,aaacc3a2-e67a-4acc-a6f0-6d62260466df,,35bf7883-f6ba-440d-9d6a-245cd0c9113a,Tushar,true,yearly,,,,,,,tax return
4d8cc34a-6630-4727-9a12-45c258c99b11,0b79afea-1152-40cb-8226-0313269157d8,aaacc3a2-e67a-4acc-a6f0-6d62260466df,,35bf7883-f6ba-440d-9d6a-245cd0c9113a,Tushar,true,yearly,,,,,,,tax return
9e46cba1-7f43-4a04-a215-85817f5e4c64,822dec95-e991-4c9f-a205-3131b5ca0ea9,aaacc3a2-e67a-4acc-a6f0-6d62260466df,,60e3c2e6-a2e5-4340-8d2c-b58ce02ab04d,Sam,true,yearly,,,,,,,tax return
2be7d8b9-556d-48e0-b24c-f9303f59740d,822dec95-e991-4c9f-a205-3131b5ca0ea9,8356fec1-1b5b-45df-ab57-276899df5e6e,,60e3c2e6-a2e5-4340-8d2c-b58ce02ab04d,Sam,true,monthly,,,,,,,
03512f16-32c6-4767-b35e-27cd5abcc927,5317b6f6-cc10-4661-b147-c53097b7637b,aaacc3a2-e67a-4acc-a6f0-6d62260466df,,60e3c2e6-a2e5-4340-8d2c-b58ce02ab04d,Sam,true,yearly,,,,,,,tax return
6594d34a-b72b-4a47-8b06-5087a919ed05,5317b6f6-cc10-4661-b147-c53097b7637b,8356fec1-1b5b-45df-ab57-276899df5e6e,,60e3c2e6-a2e5-4340-8d2c-b58ce02ab04d,Sam,true,monthly,,,,,,,
38b846bc-427d-4d7b-b9e0-79fa5ff9200e,1cdc3f92-8094-4ea9-9297-d153cae4200d,aaacc3a2-e67a-4acc-a6f0-6d62260466df,,35bf7883-f6ba-440d-9d6a-245cd0c9113a,Tushar,true,yearly,,,,,,,tax return
143631dd-fad9-4a77-9775-12022777d400,894738dc-b771-4284-a59a-c09b3ed21c2e,aaacc3a2-e67a-4acc-a6f0-6d62260466df,,60e3c2e6-a2e5-4340-8d2c-b58ce02ab04d,Sam,true,yearly,,,,,,,tax return
e5c8b175-1052-436f-9e15-c98e3579773f,894738dc-b771-4284-a59a-c09b3ed21c2e,8356fec1-1b5b-45df-ab57-276899df5e6e,,60e3c2e6-a2e5-4340-8d2c-b58ce02ab04d,Sam,true,yearly,,,,,,,
f63aef4e-adb2-452c-b3a1-4b78e36dbe55,7d2a0652-15ce-4322-acf9-e0ca57f27066,aaacc3a2-e67a-4acc-a6f0-6d62260466df,,35bf7883-f6ba-440d-9d6a-245cd0c9113a,Tushar,true,yearly,,,,,,,tax return
7c074d97-953a-41db-9329-c19bc8536c77,9c5a9b78-2677-48cf-8959-af49c372ec66,aaacc3a2-e67a-4acc-a6f0-6d62260466df,,35bf7883-f6ba-440d-9d6a-245cd0c9113a,Tushar,true,yearly,,,,,,,tax return
b36f4098-0f98-4107-8059-3f8648ef65d7,9c3e3e5a-bde6-4f17-a259-e4376b922ba4,aaacc3a2-e67a-4acc-a6f0-6d62260466df,,35bf7883-f6ba-440d-9d6a-245cd0c9113a,Tushar,true,yearly,,,,,,,tax return
d57962b4-d4c2-4f69-afe8-ab8265963e17,71e54fae-694d-4c1d-ab20-7cc1a68c1002,aaacc3a2-e67a-4acc-a6f0-6d62260466df,,35bf7883-f6ba-440d-9d6a-245cd0c9113a,Tushar,true,yearly,,,,,,,tax return
eaf135db-2e13-47ed-b074-760e18c93e2f,ac371fdd-0d1f-4595-9f22-ab2f05a28a51,aaacc3a2-e67a-4acc-a6f0-6d62260466df,,35bf7883-f6ba-440d-9d6a-245cd0c9113a,Tushar,true,yearly,,,,,,,tax return
1a614417-743d-4bac-a11a-1653ca445bce,478b0a31-ea66-4e72-bc63-33407bc7f854,aaacc3a2-e67a-4acc-a6f0-6d62260466df,,35bf7883-f6ba-440d-9d6a-245cd0c9113a,Tushar,true,yearly,,,,,,,tax return
cca6f1f3-913b-4d87-9b6d-da34ab7b0c53,7667b9ef-ee6a-479c-9b76-38c427b44dd5,aaacc3a2-e67a-4acc-a6f0-6d62260466df,,35bf7883-f6ba-440d-9d6a-245cd0c9113a,Tushar,true,yearly,,,,,,,tax return
f03ad5af-5541-41f7-8bb3-f9c24ed6670c,28c6e540-ed2f-4b01-bd2d-a1282f7e24c3,aaacc3a2-e67a-4acc-a6f0-6d62260466df,,35bf7883-f6ba-440d-9d6a-245cd0c9113a,Tushar,true,yearly,,,,,,,tax return
2e7ab281-abc4-42b6-8130-350650251a1a,f33319b1-7d1a-4d62-8066-6fb6faddd3e1,aaacc3a2-e67a-4acc-a6f0-6d62260466df,,35bf7883-f6ba-440d-9d6a-245cd0c9113a,Tushar,true,yearly,,,,,,,tax return
d4d6f506-ab5e-4074-a061-dc0c3169b335,a44749bf-20a7-4bb2-848f-b707882e98b1,aaacc3a2-e67a-4acc-a6f0-6d62260466df,,35bf7883-f6ba-440d-9d6a-245cd0c9113a,Tushar,true,yearly,,,,,,,tax return
7d79b8a5-6b78-4f01-a339-e6201919029c,14b64e08-dbef-45f0-80fc-7de73ee67932,aaacc3a2-e67a-4acc-a6f0-6d62260466df,,35bf7883-f6ba-440d-9d6a-245cd0c9113a,Tushar,true,yearly,,,,,,,tax return
fcf8411b-c5c6-43b5-8d5f-4e5bd308a4e0,b18e7e14-692c-4b59-99eb-6fc081967100,aaacc3a2-e67a-4acc-a6f0-6d62260466df,,60e3c2e6-a2e5-4340-8d2c-b58ce02ab04d,Sam,true,yearly,,,,,,,tax return
8be26fbf-d59f-493f-ae31-7f2f1eda5be7,b18e7e14-692c-4b59-99eb-6fc081967100,8356fec1-1b5b-45df-ab57-276899df5e6e,,60e3c2e6-a2e5-4340-8d2c-b58ce02ab04d,Sam,true,monthly,,,,,,,
3aa49806-0861-445d-9c42-56c87f36fb1f,4b682710-08a2-428e-9b41-2a58cf5d96dc,aaacc3a2-e67a-4acc-a6f0-6d62260466df,,35bf7883-f6ba-440d-9d6a-245cd0c9113a,Tushar,true,yearly,,,,,,,tax return
bdc195b7-2850-4412-a0fc-7c6046988ab5,58418b44-d66c-47d1-83fb-2af6f61c57b9,aaacc3a2-e67a-4acc-a6f0-6d62260466df,,35bf7883-f6ba-440d-9d6a-245cd0c9113a,Tushar,true,yearly,,,,,,,tax return
efb8768c-2e8f-41d4-ba96-0658cd69a741,9fa0ef63-0f2c-4a80-aefa-2a3205c215b9,aaacc3a2-e67a-4acc-a6f0-6d62260466df,,35bf7883-f6ba-440d-9d6a-245cd0c9113a,Tushar,true,yearly,,,,,,,tax return
f0aae615-36e9-4244-8434-9812d3146854,21fbcac8-bb3c-4c3c-8853-54e0446f040d,aaacc3a2-e67a-4acc-a6f0-6d62260466df,,4ab9b6f4-1b9e-4823-bbb0-898a421fadc3,Sanket,true,yearly,,,,,,,tax return
c3b6268e-b3b5-484e-ad74-d27f8bfb59d1,21fbcac8-bb3c-4c3c-8853-54e0446f040d,8356fec1-1b5b-45df-ab57-276899df5e6e,,4ab9b6f4-1b9e-4823-bbb0-898a421fadc3,Sanket,true,monthly,,,,,,,
97094652-fc47-45ba-83db-d667b1d280c1,a1999ae3-c260-40da-b0bb-d7e20ff926c6,aaacc3a2-e67a-4acc-a6f0-6d62260466df,,35bf7883-f6ba-440d-9d6a-245cd0c9113a,Tushar,true,yearly,,,,,,,tax return
d250f936-f9f8-4b01-bbf6-0cc15e929ed5,124a2e8a-c9fc-4850-b1c8-8cfccb82276a,aaacc3a2-e67a-4acc-a6f0-6d62260466df,,35bf7883-f6ba-440d-9d6a-245cd0c9113a,Tushar,true,yearly,,,,,,,tax return
e7102c4c-479c-4ca3-be8a-a1a721d28520,1ea3af2a-cce1-47bc-8ac8-049fe958f1c0,aaacc3a2-e67a-4acc-a6f0-6d62260466df,,35bf7883-f6ba-440d-9d6a-245cd0c9113a,Tushar,true,yearly,,,,,,,tax return
e504ff09-d52f-428e-a84c-fdacb9849652,080909ef-4519-4896-8c38-d232c29a4b95,aaacc3a2-e67a-4acc-a6f0-6d62260466df,,35bf7883-f6ba-440d-9d6a-245cd0c9113a,Tushar,true,yearly,,,,,,,tax return
ef26ee6b-d655-4dcc-a8ba-08557210b10f,13b2ea41-a5aa-4b79-9317-ba4c428e50a4,aaacc3a2-e67a-4acc-a6f0-6d62260466df,,35bf7883-f6ba-440d-9d6a-245cd0c9113a,Tushar,true,yearly,,,,,,,tax return
c5ae7deb-7fd7-4a7c-83a6-ed5fa49af6e0,de7c3184-2ba2-453c-8fb4-bbb9943dac5c,aaacc3a2-e67a-4acc-a6f0-6d62260466df,,60e3c2e6-a2e5-4340-8d2c-b58ce02ab04d,Sam,true,yearly,,,,,,,tax return
a379fc2b-f102-4493-a595-7d8603e95950,de7c3184-2ba2-453c-8fb4-bbb9943dac5c,8356fec1-1b5b-45df-ab57-276899df5e6e,,60e3c2e6-a2e5-4340-8d2c-b58ce02ab04d,Sam,true,monthly,,,,,,,
22d3f83f-0f60-4626-82dd-36ca2476c0ff,08a17c56-cded-4cbb-b780-dfe88da9e249,aaacc3a2-e67a-4acc-a6f0-6d62260466df,,35bf7883-f6ba-440d-9d6a-245cd0c9113a,Tushar,true,yearly,,,,,,,tax return
03f1aa02-b615-408d-99fa-ef713e54cfd1,8f0dfe96-8d8c-424a-b80e-53b85f5bf450,aaacc3a2-e67a-4acc-a6f0-6d62260466df,,35bf7883-f6ba-440d-9d6a-245cd0c9113a,Tushar,true,yearly,,,,,,,tax return
053a76f0-c543-460f-81ff-2cdf6cc3013e,06d6b0a2-de3e-4561-9047-144d6beffc8a,aaacc3a2-e67a-4acc-a6f0-6d62260466df,,35bf7883-f6ba-440d-9d6a-245cd0c9113a,Tushar,true,yearly,,,,,,,tax return
c9e0fbd6-6a7b-4794-927f-8a888336bcb0,57a3d329-5ebd-4f5a-9b26-09dc4f879afe,aaacc3a2-e67a-4acc-a6f0-6d62260466df,,35bf7883-f6ba-440d-9d6a-245cd0c9113a,Tushar,true,yearly,,,,,,,tax return
a42c3a96-d247-46d3-9e40-4be8ba14df18,76f2bc6c-59d1-4f75-9834-b4ccbfbbcb1d,aaacc3a2-e67a-4acc-a6f0-6d62260466df,,35bf7883-f6ba-440d-9d6a-245cd0c9113a,Tushar,true,yearly,,,,,,,tax return
806b242a-7958-46d6-a07b-e45289afbd1c,76f2bc6c-59d1-4f75-9834-b4ccbfbbcb1d,8356fec1-1b5b-45df-ab57-276899df5e6e,,35bf7883-f6ba-440d-9d6a-245cd0c9113a,Tushar,true,monthly,,,,,,,
911b0d17-0de2-445e-8bb9-6f29ef2e4b28,813528c3-34db-4868-9817-4d1bb425d075,aaacc3a2-e67a-4acc-a6f0-6d62260466df,,35bf7883-f6ba-440d-9d6a-245cd0c9113a,Tushar,true,yearly,,,,,,,tax return
ea83b718-3984-469f-8a0d-de4958cd4014,bc8db357-04ed-4426-a0b1-879881b22c2f,aaacc3a2-e67a-4acc-a6f0-6d62260466df,,35bf7883-f6ba-440d-9d6a-245cd0c9113a,Tushar,true,yearly,,,,,,,tax return
4f7883c1-c69d-43ce-8f41-d64d989e5e14,59da32a7-7760-4dac-a03a-940f74fc07d6,aaacc3a2-e67a-4acc-a6f0-6d62260466df,,35bf7883-f6ba-440d-9d6a-245cd0c9113a,Tushar,true,yearly,,,,,,,tax return
9958528a-4324-4b7b-baee-bbb5a7e6bccd,f2193fa0-f4eb-4cfb-8c32-d360056c6fa7,aaacc3a2-e67a-4acc-a6f0-6d62260466df,,60e3c2e6-a2e5-4340-8d2c-b58ce02ab04d,Sam,true,yearly,,,,,,,tax return
7e853bdf-4efb-45eb-ac33-2e5e8094d2a1,f2193fa0-f4eb-4cfb-8c32-d360056c6fa7,8356fec1-1b5b-45df-ab57-276899df5e6e,,60e3c2e6-a2e5-4340-8d2c-b58ce02ab04d,Sam,true,yearly,,,,,,,
612806ea-6e31-489e-a10a-67f60471287d,78d68a08-59b6-49b3-84b0-71b43ac94bc8,aaacc3a2-e67a-4acc-a6f0-6d62260466df,,60e3c2e6-a2e5-4340-8d2c-b58ce02ab04d,Sam,true,yearly,,,,,,,tax return
3e821b0e-ddf5-4a1f-91f1-90b3083d3c75,78d68a08-59b6-49b3-84b0-71b43ac94bc8,8356fec1-1b5b-45df-ab57-276899df5e6e,,60e3c2e6-a2e5-4340-8d2c-b58ce02ab04d,Sam,true,yearly,,,,,,,
6bd96909-41d4-4213-9d44-ef12549c7b66,33a3a1d6-a23e-43c9-908e-a7aa9d119dcd,aaacc3a2-e67a-4acc-a6f0-6d62260466df,,60e3c2e6-a2e5-4340-8d2c-b58ce02ab04d,Sam,true,yearly,,,,,,,tax return
447d009c-9d8f-449f-8c7d-d3c7835ced87,33a3a1d6-a23e-43c9-908e-a7aa9d119dcd,8356fec1-1b5b-45df-ab57-276899df5e6e,,60e3c2e6-a2e5-4340-8d2c-b58ce02ab04d,Sam,true,monthly,,,,,,,
4dd49db0-7c74-4569-aa38-e58f5e009aad,dea0f89d-48f1-4651-807f-64c2807d349f,aaacc3a2-e67a-4acc-a6f0-6d62260466df,,60e3c2e6-a2e5-4340-8d2c-b58ce02ab04d,Sam,true,yearly,,,,,,,tax return
e85bea00-d55e-476a-bcc0-49171d9175a5,dea0f89d-48f1-4651-807f-64c2807d349f,8356fec1-1b5b-45df-ab57-276899df5e6e,,60e3c2e6-a2e5-4340-8d2c-b58ce02ab04d,Sam,true,monthly,,,,,,,
8583af60-3c7d-4741-a6da-2c0d72532870,7535936f-4268-4e82-8f78-9b97b1852b84,aaacc3a2-e67a-4acc-a6f0-6d62260466df,,35bf7883-f6ba-440d-9d6a-245cd0c9113a,Tushar,true,yearly,,,,,,,tax return
02c1ff37-ebc3-4904-94ea-3b43d3496368,e52c4b29-b194-477f-b8d5-ba18128d1f71,aaacc3a2-e67a-4acc-a6f0-6d62260466df,,60e3c2e6-a2e5-4340-8d2c-b58ce02ab04d,Sam,true,yearly,,,,,,,tax return
5231ddc2-8038-4ade-9772-3d00cf6bdbd1,e52c4b29-b194-477f-b8d5-ba18128d1f71,8356fec1-1b5b-45df-ab57-276899df5e6e,,60e3c2e6-a2e5-4340-8d2c-b58ce02ab04d,Sam,true,monthly,,,,,,,
4493b6c7-dadd-4d02-af53-e94a8e268e4a,b33cbb05-8c1c-4568-b7c5-1c222ebc22b6,aaacc3a2-e67a-4acc-a6f0-6d62260466df,,60e3c2e6-a2e5-4340-8d2c-b58ce02ab04d,Sam,true,yearly,,,,,,,tax return
f4ce5139-0533-4a06-92e4-053d3feefc95,b33cbb05-8c1c-4568-b7c5-1c222ebc22b6,8356fec1-1b5b-45df-ab57-276899df5e6e,,60e3c2e6-a2e5-4340-8d2c-b58ce02ab04d,Sam,true,monthly,,,,,,,
20bcaa5a-1bac-4220-ab58-60a6d56fe10a,da19483c-c577-4b8e-b6f5-f3f87e952d81,aaacc3a2-e67a-4acc-a6f0-6d62260466df,,35bf7883-f6ba-440d-9d6a-245cd0c9113a,Tushar,true,yearly,,,,,,,tax return
c152eb2e-db9a-48ba-b727-fce83e4bb642,2f905f17-3bfc-41c0-ad48-50f12e16f10f,aaacc3a2-e67a-4acc-a6f0-6d62260466df,,35bf7883-f6ba-440d-9d6a-245cd0c9113a,Tushar,true,yearly,,,,,,,tax return
07d343b0-796e-4d28-8950-dcf5da2a435a,19d1de2d-9572-475e-9c38-af9ba5e5be5a,aaacc3a2-e67a-4acc-a6f0-6d62260466df,,60e3c2e6-a2e5-4340-8d2c-b58ce02ab04d,Sam,true,yearly,,,,,,,tax return
bfc7000d-6efd-4b03-a3f4-4817ddc35bdf,19d1de2d-9572-475e-9c38-af9ba5e5be5a,8356fec1-1b5b-45df-ab57-276899df5e6e,,60e3c2e6-a2e5-4340-8d2c-b58ce02ab04d,Sam,true,monthly,,,,,,,
7b067c62-0133-4daa-bd66-5d2c25a276b2,4a9a97c3-7d29-47e9-a244-af8474fd0ac1,aaacc3a2-e67a-4acc-a6f0-6d62260466df,,35bf7883-f6ba-440d-9d6a-245cd0c9113a,Tushar,true,yearly,,,,,,,tax return
697edbbb-67a6-4c50-85dc-76ed8df777a3,cca1eefa-0d95-4e03-bf8d-6fcb91e0aba7,aaacc3a2-e67a-4acc-a6f0-6d62260466df,,35bf7883-f6ba-440d-9d6a-245cd0c9113a,Tushar,true,yearly,,,,,,,tax return
88d09574-47f7-47ce-b83d-48d2fe5ba0b1,5590cd36-35e9-4430-af97-4204a34fc2f6,aaacc3a2-e67a-4acc-a6f0-6d62260466df,,35bf7883-f6ba-440d-9d6a-245cd0c9113a,Tushar,true,yearly,,,,,,,tax return
6c0981e6-1aff-456d-aebf-25c9ffc69508,712c8b18-fda3-44d4-ab05-105e37d91d52,aaacc3a2-e67a-4acc-a6f0-6d62260466df,,60e3c2e6-a2e5-4340-8d2c-b58ce02ab04d,Sam,true,yearly,,,,,,,tax return
cc379788-e3b3-4108-8eee-d17563b481da,712c8b18-fda3-44d4-ab05-105e37d91d52,8356fec1-1b5b-45df-ab57-276899df5e6e,,60e3c2e6-a2e5-4340-8d2c-b58ce02ab04d,Sam,true,monthly,,,,,,,
91a49903-c3d9-4b40-9241-15292a61e706,11558c3e-7053-4390-ae8f-d4e93d047ad9,aaacc3a2-e67a-4acc-a6f0-6d62260466df,,60e3c2e6-a2e5-4340-8d2c-b58ce02ab04d,Sam,true,yearly,,,,,,,tax return
ecd92b66-bcd1-4efd-aa6c-847ca9c388fa,11558c3e-7053-4390-ae8f-d4e93d047ad9,8356fec1-1b5b-45df-ab57-276899df5e6e,,60e3c2e6-a2e5-4340-8d2c-b58ce02ab04d,Sam,true,monthly,,,,,,,
64404430-d13b-4243-b918-917b4597a4d6,962bc4f0-c653-4f34-84ec-00353d99183e,aaacc3a2-e67a-4acc-a6f0-6d62260466df,,35bf7883-f6ba-440d-9d6a-245cd0c9113a,Tushar,true,yearly,,,,,,,tax return
06f1ff76-d4dd-4ce1-976e-7a132dbc2e86,72de646d-d85a-4ca2-bbf3-d62df22d70ec,aaacc3a2-e67a-4acc-a6f0-6d62260466df,,35bf7883-f6ba-440d-9d6a-245cd0c9113a,Tushar,true,yearly,,,,,,,tax return
97129603-e2a9-4a48-8775-0d94706b3bcf,1a064fa0-0dc1-48c9-92f8-6435f1bf81c0,aaacc3a2-e67a-4acc-a6f0-6d62260466df,,e96697dc-439a-4ee7-b793-c539c25bfe47,Amruta,true,yearly,,,,,,,tax return
d3e94e3a-3049-4be8-9208-786dce95a39e,1a064fa0-0dc1-48c9-92f8-6435f1bf81c0,8356fec1-1b5b-45df-ab57-276899df5e6e,,e96697dc-439a-4ee7-b793-c539c25bfe47,Amruta,true,monthly,,,,,,,
32b136c7-feb4-4002-b9e2-606a5b117229,78d729d4-ad96-475b-bd1a-04f39cc923ff,aaacc3a2-e67a-4acc-a6f0-6d62260466df,,35bf7883-f6ba-440d-9d6a-245cd0c9113a,Tushar,true,yearly,,,,,,,tax return
c193b09f-d9e7-468e-91a6-f2f2135143bd,3fefc29c-30b0-4817-90c6-b4f03bfd24cc,aaacc3a2-e67a-4acc-a6f0-6d62260466df,,4ab9b6f4-1b9e-4823-bbb0-898a421fadc3,Sanket,true,yearly,,,,,,,tax return
a82b9ad0-3a29-4482-bc3c-1b808e348b3c,3fefc29c-30b0-4817-90c6-b4f03bfd24cc,8356fec1-1b5b-45df-ab57-276899df5e6e,,4ab9b6f4-1b9e-4823-bbb0-898a421fadc3,Sanket,true,monthly,,,,,,,
392dc882-3824-4757-a31f-36e8e2ebfff9,32db3087-d2e6-4bca-a312-7f947ea68563,aaacc3a2-e67a-4acc-a6f0-6d62260466df,,35bf7883-f6ba-440d-9d6a-245cd0c9113a,Tushar,true,yearly,,,,,,,tax return
3549496c-1664-42ce-a5f2-645b552d8ecd,95308afa-cf40-483f-a477-60f7f6f475e4,aaacc3a2-e67a-4acc-a6f0-6d62260466df,,35bf7883-f6ba-440d-9d6a-245cd0c9113a,Tushar,true,yearly,,,,,,,tax return
2b07fc49-2d28-4ebf-883a-7b88186b66b2,2495fc3e-7adc-4e2c-a47f-4b5a9241f385,aaacc3a2-e67a-4acc-a6f0-6d62260466df,,35bf7883-f6ba-440d-9d6a-245cd0c9113a,Tushar,true,yearly,,,,,,,tax return
fdf0c3fb-c61f-4e48-ad64-560f3ff232b7,5cbb7bc1-40a2-4d8d-a8f5-a2009a225c65,aaacc3a2-e67a-4acc-a6f0-6d62260466df,,35bf7883-f6ba-440d-9d6a-245cd0c9113a,Tushar,true,yearly,,,,,,,tax return
6a99a4ce-5494-41ae-8a8c-4abbf587e500,213b2495-889b-4cf2-83bf-257e5aa93e95,aaacc3a2-e67a-4acc-a6f0-6d62260466df,,e96697dc-439a-4ee7-b793-c539c25bfe47,Amruta,true,yearly,,,,,,,tax return
bd2cc762-6258-4707-9986-6ef29cc50b20,213b2495-889b-4cf2-83bf-257e5aa93e95,8356fec1-1b5b-45df-ab57-276899df5e6e,,e96697dc-439a-4ee7-b793-c539c25bfe47,Amruta,true,monthly,,,,,,,
55ad0dbd-dee0-496c-b5db-9587a637e10f,42d33e42-487d-4ff5-9504-374111f92a98,aaacc3a2-e67a-4acc-a6f0-6d62260466df,,e96697dc-439a-4ee7-b793-c539c25bfe47,Amruta,true,yearly,,,,,,,tax return
a9c0753f-5b77-4be9-877a-46ff6176985d,42d33e42-487d-4ff5-9504-374111f92a98,8356fec1-1b5b-45df-ab57-276899df5e6e,,e96697dc-439a-4ee7-b793-c539c25bfe47,Amruta,true,monthly,,,,,,,
4634a03c-4603-4f74-8c00-9712ea250f9f,fd4ffcc5-2f9e-40b0-80e9-101ad4aa63f5,aaacc3a2-e67a-4acc-a6f0-6d62260466df,,60e3c2e6-a2e5-4340-8d2c-b58ce02ab04d,Sam,true,yearly,,,,,,,tax return
7626e416-89e7-446c-a26c-a803ce816fb4,fd4ffcc5-2f9e-40b0-80e9-101ad4aa63f5,8356fec1-1b5b-45df-ab57-276899df5e6e,,60e3c2e6-a2e5-4340-8d2c-b58ce02ab04d,Sam,true,monthly,,,,,,,
fd67a7c8-b6ef-45f9-92dc-152856703b7e,bb68501a-2eeb-45a9-b717-47e07908fd7c,aaacc3a2-e67a-4acc-a6f0-6d62260466df,,35bf7883-f6ba-440d-9d6a-245cd0c9113a,Tushar,true,yearly,,,,,,,tax return
25dc8fd7-7c75-4cd1-951a-7e1e88bf8137,65e9171a-b78c-4ba8-97fc-58d4c05fda46,aaacc3a2-e67a-4acc-a6f0-6d62260466df,,35bf7883-f6ba-440d-9d6a-245cd0c9113a,Tushar,true,yearly,,,,,,,tax return
f7a06d6d-7614-48fd-bc23-8d4832e044b4,93cc4d7b-e236-4375-a8ac-6d41ae7aaf88,aaacc3a2-e67a-4acc-a6f0-6d62260466df,,e96697dc-439a-4ee7-b793-c539c25bfe47,Amruta,true,yearly,,,,,,,tax return
d604d330-f395-4ade-b721-1accbae1a9b9,93cc4d7b-e236-4375-a8ac-6d41ae7aaf88,8356fec1-1b5b-45df-ab57-276899df5e6e,,e96697dc-439a-4ee7-b793-c539c25bfe47,Amruta,true,monthly,,,,,,,
389553f2-0dc1-434f-b8e2-637d35e7ed02,63db6478-8d83-40e0-becd-2409a5b0cca5,aaacc3a2-e67a-4acc-a6f0-6d62260466df,,35bf7883-f6ba-440d-9d6a-245cd0c9113a,Tushar,true,yearly,,,,,,,tax return
64a715c4-86a4-470b-ae68-770597f2f44b,9d8471e7-a5b6-4357-9c58-c1c109ec7ac6,aaacc3a2-e67a-4acc-a6f0-6d62260466df,,35bf7883-f6ba-440d-9d6a-245cd0c9113a,Tushar,true,yearly,,,,,,,tax return
60e5b0b9-1cd7-4f55-bdce-f599954ea2dd,868255d9-6b19-4578-865d-aadf842fe1d5,aaacc3a2-e67a-4acc-a6f0-6d62260466df,,35bf7883-f6ba-440d-9d6a-245cd0c9113a,Tushar,true,yearly,,,,,,,tax return
a7d05c9a-0daa-4c5a-807d-f3b4815500f8,7256013c-a70a-4fae-bcd3-ebd72f88d012,aaacc3a2-e67a-4acc-a6f0-6d62260466df,,35bf7883-f6ba-440d-9d6a-245cd0c9113a,Tushar,true,yearly,,,,,,,tax return
30eb0209-87c7-4837-8e26-b48c54c7591a,7e83eee1-d7a4-4562-bacc-01f7e3930394,aaacc3a2-e67a-4acc-a6f0-6d62260466df,,60e3c2e6-a2e5-4340-8d2c-b58ce02ab04d,Sam,true,yearly,,,,,,,tax return
bf90923a-6ccb-4d6d-9825-15220fc031eb,7e83eee1-d7a4-4562-bacc-01f7e3930394,8356fec1-1b5b-45df-ab57-276899df5e6e,,60e3c2e6-a2e5-4340-8d2c-b58ce02ab04d,Sam,true,monthly,,,,,,,
26afd4d6-948a-4f8f-91e0-4ac21a69113b,129bfb08-626d-4745-bbd0-b0b6f06be291,aaacc3a2-e67a-4acc-a6f0-6d62260466df,,35bf7883-f6ba-440d-9d6a-245cd0c9113a,Tushar,true,yearly,,,,,,,tax return
d89d9d58-b295-49b4-be4e-9f88895365d6,083d3068-bddf-491e-9aa4-4b26cda60c84,aaacc3a2-e67a-4acc-a6f0-6d62260466df,,e96697dc-439a-4ee7-b793-c539c25bfe47,Amruta,true,yearly,,,,,,,tax return
7ddbb18c-8c53-40cf-aa51-2bf1ab9dad36,083d3068-bddf-491e-9aa4-4b26cda60c84,8356fec1-1b5b-45df-ab57-276899df5e6e,,e96697dc-439a-4ee7-b793-c539c25bfe47,Amruta,true,monthly,,,,,,,
0b5ac80a-4006-4f02-a990-32b83940df1f,88e5d6e4-8177-4269-9a0f-f4df1edfd5c1,aaacc3a2-e67a-4acc-a6f0-6d62260466df,,35bf7883-f6ba-440d-9d6a-245cd0c9113a,Tushar,true,yearly,,,,,,,tax return
dcc8b666-0b20-4474-86e9-ab40d608d6fd,817149da-d3c6-4938-8a41-bb843008b05e,aaacc3a2-e67a-4acc-a6f0-6d62260466df,,35bf7883-f6ba-440d-9d6a-245cd0c9113a,Tushar,true,yearly,,,,,,,tax return
05e384d0-97c9-4be8-87ed-7a52504aeeb7,b402bdfa-f785-4cef-8b00-dbcb75de3684,aaacc3a2-e67a-4acc-a6f0-6d62260466df,,60e3c2e6-a2e5-4340-8d2c-b58ce02ab04d,Sam,true,yearly,,,,,,,tax return
522ff87f-29a0-4d76-9890-85b2282d1a5d,b402bdfa-f785-4cef-8b00-dbcb75de3684,8356fec1-1b5b-45df-ab57-276899df5e6e,,60e3c2e6-a2e5-4340-8d2c-b58ce02ab04d,Sam,true,monthly,,,,,,,
0affd7b3-06e9-44cd-a862-a5f7ddd96239,8c71acef-705b-48ef-84c9-6ac647b9703e,aaacc3a2-e67a-4acc-a6f0-6d62260466df,,60e3c2e6-a2e5-4340-8d2c-b58ce02ab04d,Sam,true,yearly,,,,,,,tax return
4a13d990-869e-4b08-845d-259e75698fb4,8c71acef-705b-48ef-84c9-6ac647b9703e,8356fec1-1b5b-45df-ab57-276899df5e6e,,60e3c2e6-a2e5-4340-8d2c-b58ce02ab04d,Sam,true,yearly,,,,,,,
a55c0e59-a460-4393-b2fc-1866b9d39b40,888fae96-e0bc-4afd-b8f5-6acc71594ea3,aaacc3a2-e67a-4acc-a6f0-6d62260466df,,35bf7883-f6ba-440d-9d6a-245cd0c9113a,Tushar,true,yearly,,,,,,,tax return
28ac7109-1258-4273-bd38-5cc0fc47a7ed,0842bbf6-26bb-4ad5-a3c7-2783503b126f,aaacc3a2-e67a-4acc-a6f0-6d62260466df,,35bf7883-f6ba-440d-9d6a-245cd0c9113a,Tushar,true,yearly,,,,,,,tax return
eb43901b-f2c1-4087-94ef-5d2147b2cca9,d901765a-86e2-49e4-b4ce-68a0957c1eb5,aaacc3a2-e67a-4acc-a6f0-6d62260466df,,35bf7883-f6ba-440d-9d6a-245cd0c9113a,Tushar,true,yearly,,,,,,,tax return
8ff73bd6-dbbb-4cef-9dcb-55b90cc5bf6f,7a6a1e8e-b3f5-4916-b96c-75750b4d9368,aaacc3a2-e67a-4acc-a6f0-6d62260466df,,35bf7883-f6ba-440d-9d6a-245cd0c9113a,Tushar,true,yearly,,,,,,,tax return
cb62f0c3-9fa5-49a0-84f0-31dafcf471ef,9a2c5d6f-2941-40e4-974b-780d39b4b1ce,aaacc3a2-e67a-4acc-a6f0-6d62260466df,,35bf7883-f6ba-440d-9d6a-245cd0c9113a,Tushar,true,yearly,,,,,,,tax return
c98b24a9-d884-427c-b8d3-e11e9a2b3ef7,a522ff91-b1d5-476f-8561-c0c899933b00,aaacc3a2-e67a-4acc-a6f0-6d62260466df,,35bf7883-f6ba-440d-9d6a-245cd0c9113a,Tushar,true,yearly,,,,,,,tax return
50d66746-ef47-4a5f-bc2e-577bb5adbe4a,2ded2da8-ea93-4f91-be3b-bb61df815fb6,aaacc3a2-e67a-4acc-a6f0-6d62260466df,,35bf7883-f6ba-440d-9d6a-245cd0c9113a,Tushar,true,yearly,,,,,,,tax return
0119884d-9cbb-4f4f-8a4e-befc5b3199e6,5aee8105-d86c-48be-83e4-972e4e674bda,aaacc3a2-e67a-4acc-a6f0-6d62260466df,,35bf7883-f6ba-440d-9d6a-245cd0c9113a,Tushar,true,yearly,,,,,,,tax return
a0a757d6-03b6-4b1f-a0b9-be3c5813ab42,de838779-cada-4cdd-84f9-6975ff4b7b62,aaacc3a2-e67a-4acc-a6f0-6d62260466df,,60e3c2e6-a2e5-4340-8d2c-b58ce02ab04d,Sam,true,yearly,,,,,,,tax return
787991aa-f075-4fbb-8d77-d3eed7e84426,de838779-cada-4cdd-84f9-6975ff4b7b62,8356fec1-1b5b-45df-ab57-276899df5e6e,,60e3c2e6-a2e5-4340-8d2c-b58ce02ab04d,Sam,true,yearly,,,,,,,
07862411-4397-4833-b1d3-9cbc56e0b765,563c48fe-4b9c-4d85-984e-8ad1dee1a135,aaacc3a2-e67a-4acc-a6f0-6d62260466df,,35bf7883-f6ba-440d-9d6a-245cd0c9113a,Tushar,true,yearly,,,,,,,tax return
b7476259-ffe8-4dc0-8420-1bb58cd2dec1,c55074fb-7fa3-4267-a950-8528e46f18d0,aaacc3a2-e67a-4acc-a6f0-6d62260466df,,35bf7883-f6ba-440d-9d6a-245cd0c9113a,Tushar,true,yearly,,,,,,,tax return
bcb2c068-6b6d-4354-b5ec-17a69dc397d6,b3b2e3a2-1458-4c46-b930-4639010c54ef,aaacc3a2-e67a-4acc-a6f0-6d62260466df,,35bf7883-f6ba-440d-9d6a-245cd0c9113a,Tushar,true,yearly,,,,,,,tax return
5eaf0a43-0c7d-4bca-84cf-45c907637ae0,64a4702e-eb5e-4a61-a3fd-334225db9023,aaacc3a2-e67a-4acc-a6f0-6d62260466df,,35bf7883-f6ba-440d-9d6a-245cd0c9113a,Tushar,true,yearly,,,,,,,tax return
0010746b-1a01-415c-b739-fc71a46c32b9,a9648bfe-d043-4201-83e0-2b90985d3fcf,aaacc3a2-e67a-4acc-a6f0-6d62260466df,,35bf7883-f6ba-440d-9d6a-245cd0c9113a,Tushar,true,yearly,,,,,,,tax return
ac0f6ba1-ed2d-4562-8613-f0fb001c2562,a57e87b5-b1a8-4454-aec9-be78b1ce33ab,aaacc3a2-e67a-4acc-a6f0-6d62260466df,,35bf7883-f6ba-440d-9d6a-245cd0c9113a,Tushar,true,yearly,,,,,,,tax return
8a476b46-e57a-47bc-9b01-3b39dc3cd809,78aba3b2-44fc-48f8-99a0-8c34f68de928,aaacc3a2-e67a-4acc-a6f0-6d62260466df,,35bf7883-f6ba-440d-9d6a-245cd0c9113a,Tushar,true,yearly,,,,,,,tax return
359e41df-cbc8-4998-be17-2fa463b04271,4f37c269-d51f-4eea-b89d-5ca5dba5fe30,aaacc3a2-e67a-4acc-a6f0-6d62260466df,,35bf7883-f6ba-440d-9d6a-245cd0c9113a,Tushar,true,yearly,,,,,,,tax return
aad9ae96-b4f6-404e-9693-609dba9acbdb,70a18f7a-7d85-4162-8a44-5e7c8a7b7d98,aaacc3a2-e67a-4acc-a6f0-6d62260466df,,e96697dc-439a-4ee7-b793-c539c25bfe47,Amruta,true,yearly,,,,,,,tax return
aa533bfc-1ce6-4e2e-a9da-8d38c93ff855,70a18f7a-7d85-4162-8a44-5e7c8a7b7d98,8356fec1-1b5b-45df-ab57-276899df5e6e,,e96697dc-439a-4ee7-b793-c539c25bfe47,Amruta,true,monthly,,,,,,,
ba1707b0-2cfe-467c-9d53-2396dc3e8abe,835bbf0f-e78c-45ce-8f17-afa85bd4edeb,aaacc3a2-e67a-4acc-a6f0-6d62260466df,,35bf7883-f6ba-440d-9d6a-245cd0c9113a,Tushar,true,yearly,,,,,,,tax return
013b29e3-7bef-436d-9ec3-860da682b2dd,05d29cf8-a505-4811-af0a-5afbbe585cee,aaacc3a2-e67a-4acc-a6f0-6d62260466df,,60e3c2e6-a2e5-4340-8d2c-b58ce02ab04d,Sam,true,yearly,,,,,,,tax return
c890fe75-df85-4687-97e3-afabe29c1115,05d29cf8-a505-4811-af0a-5afbbe585cee,8356fec1-1b5b-45df-ab57-276899df5e6e,,60e3c2e6-a2e5-4340-8d2c-b58ce02ab04d,Sam,true,monthly,,,,,,,
f71b759d-5f73-40ce-b914-bbe9c2988eef,714b650a-0409-4ae9-8e76-b25c2c951219,aaacc3a2-e67a-4acc-a6f0-6d62260466df,,60e3c2e6-a2e5-4340-8d2c-b58ce02ab04d,Sam,true,yearly,,,,,,,tax return
5fbd8e83-93f1-47e3-9cbe-5115ae4d8ea2,714b650a-0409-4ae9-8e76-b25c2c951219,8356fec1-1b5b-45df-ab57-276899df5e6e,,60e3c2e6-a2e5-4340-8d2c-b58ce02ab04d,Sam,true,monthly,,,,,,,
4ff3d0e9-cf3a-4fc2-9233-65831e02c727,e6cd2908-91f3-4991-b284-54c603ce31cb,aaacc3a2-e67a-4acc-a6f0-6d62260466df,,35bf7883-f6ba-440d-9d6a-245cd0c9113a,Tushar,true,yearly,,,,,,,tax return
052a52de-7f02-4b53-a45e-a414ea4ac931,044160ba-05e4-42d6-8dfc-63e4455b003a,aaacc3a2-e67a-4acc-a6f0-6d62260466df,,35bf7883-f6ba-440d-9d6a-245cd0c9113a,Tushar,true,yearly,,,,,,,tax return
7434c550-c689-4eaf-a89c-a493bd919bc7,442df7f5-93a1-43c4-8be6-bd937a0d1a91,aaacc3a2-e67a-4acc-a6f0-6d62260466df,,35bf7883-f6ba-440d-9d6a-245cd0c9113a,Tushar,true,yearly,,,,,,,tax return
8d077095-40b9-4626-8717-c6d079556e08,8337e7a1-583b-49a6-8f27-720e9b69d46d,aaacc3a2-e67a-4acc-a6f0-6d62260466df,,35bf7883-f6ba-440d-9d6a-245cd0c9113a,Tushar,true,yearly,,,,,,,tax return
497143b6-b210-4b06-986d-7d3df1ab3784,858d8a2b-e9db-4699-9b9d-81ef634538dd,aaacc3a2-e67a-4acc-a6f0-6d62260466df,,35bf7883-f6ba-440d-9d6a-245cd0c9113a,Tushar,true,yearly,,,,,,,tax return
7a2b6bb2-ed08-4557-9dc6-e5d8abaade0d,6485de74-3106-4dfa-a977-f4e4a54270aa,aaacc3a2-e67a-4acc-a6f0-6d62260466df,,4ab9b6f4-1b9e-4823-bbb0-898a421fadc3,Sanket,true,yearly,,,,,,,tax return
af3e272d-9f6f-4b75-be48-bfd9b536f518,6485de74-3106-4dfa-a977-f4e4a54270aa,8356fec1-1b5b-45df-ab57-276899df5e6e,,4ab9b6f4-1b9e-4823-bbb0-898a421fadc3,Sanket,true,monthly,,,,,,,
d1a7e2a0-285a-4407-a819-50e4f62ea54d,aa65572b-32ca-4483-ae6e-945087f4ae91,aaacc3a2-e67a-4acc-a6f0-6d62260466df,,4ab9b6f4-1b9e-4823-bbb0-898a421fadc3,Sanket,true,yearly,,,,,,,tax return
671dedaa-658d-47bc-b749-f6124d3672b3,aa65572b-32ca-4483-ae6e-945087f4ae91,8356fec1-1b5b-45df-ab57-276899df5e6e,,4ab9b6f4-1b9e-4823-bbb0-898a421fadc3,Sanket,true,monthly,,,,,,,
e944fb25-8e27-499c-85c2-68a5b82e6083,6aab62c7-905a-4d33-9cc0-2517675330cc,aaacc3a2-e67a-4acc-a6f0-6d62260466df,,35bf7883-f6ba-440d-9d6a-245cd0c9113a,Tushar,true,yearly,,,,,,,tax return
a01b1a8b-cf2c-49ba-b6b9-4e0186a36209,b06ca262-11ec-44e5-8c0e-1eb947639634,aaacc3a2-e67a-4acc-a6f0-6d62260466df,,60e3c2e6-a2e5-4340-8d2c-b58ce02ab04d,Sam,true,yearly,,,,,,,tax return
dc6d09b1-f400-4106-8344-e7a556db1725,b06ca262-11ec-44e5-8c0e-1eb947639634,8356fec1-1b5b-45df-ab57-276899df5e6e,,60e3c2e6-a2e5-4340-8d2c-b58ce02ab04d,Sam,true,monthly,,,,,,,
18ab179b-9493-4976-a383-5e206378f285,351f5fc8-82ba-4bd4-b38d-3a38468551d9,aaacc3a2-e67a-4acc-a6f0-6d62260466df,,35bf7883-f6ba-440d-9d6a-245cd0c9113a,Tushar,true,yearly,,,,,,,tax return
4ded7c16-ac7d-47cd-a65c-b610b4456982,779d19c5-1dc7-4d89-9ad9-801a554b3b20,aaacc3a2-e67a-4acc-a6f0-6d62260466df,,35bf7883-f6ba-440d-9d6a-245cd0c9113a,Tushar,true,yearly,,,,,,,tax return
1896efca-a591-413a-a583-77659b0a3e0d,0ed899d3-ead8-4304-a17f-dbc0edb161af,aaacc3a2-e67a-4acc-a6f0-6d62260466df,,35bf7883-f6ba-440d-9d6a-245cd0c9113a,Tushar,true,yearly,,,,,,,tax return
3f22333e-3391-4788-837c-d7153226f8ad,c4b0fac1-a952-4d85-914f-5168affe52d0,aaacc3a2-e67a-4acc-a6f0-6d62260466df,,35bf7883-f6ba-440d-9d6a-245cd0c9113a,Tushar,true,yearly,,,,,,,tax return
8a907190-23bb-4889-b1bb-ab100a1362c4,0e731662-b2fc-4ca2-a0f8-82272350ec75,aaacc3a2-e67a-4acc-a6f0-6d62260466df,,60e3c2e6-a2e5-4340-8d2c-b58ce02ab04d,Sam,true,yearly,,,,,,,tax return
2df5c2ed-5ba2-47db-a84e-1c98056c9262,0e731662-b2fc-4ca2-a0f8-82272350ec75,8356fec1-1b5b-45df-ab57-276899df5e6e,,60e3c2e6-a2e5-4340-8d2c-b58ce02ab04d,Sam,true,monthly,,,,,,,
15c154b9-71a8-4145-8731-3006bd9db36b,2f3e4bfa-5a2d-49cf-b79f-c3c87cd213e1,aaacc3a2-e67a-4acc-a6f0-6d62260466df,,35bf7883-f6ba-440d-9d6a-245cd0c9113a,Tushar,true,yearly,,,,,,,tax return
16a0cc75-a4d9-446f-9097-e836fe3a2250,f3d81ff7-174f-4fb8-91de-5d4fb5b7d022,aaacc3a2-e67a-4acc-a6f0-6d62260466df,,60e3c2e6-a2e5-4340-8d2c-b58ce02ab04d,Sam,true,yearly,,,,,,,tax return
aa52796b-4465-45eb-8699-2211fbd162ca,f3d81ff7-174f-4fb8-91de-5d4fb5b7d022,8356fec1-1b5b-45df-ab57-276899df5e6e,,60e3c2e6-a2e5-4340-8d2c-b58ce02ab04d,Sam,true,yearly,,,,,,,
bceb2866-2204-48b9-8d9e-fc97a37190b3,da6932cb-4b62-4300-bf3f-7c2dfa9a4f0d,aaacc3a2-e67a-4acc-a6f0-6d62260466df,,35bf7883-f6ba-440d-9d6a-245cd0c9113a,Tushar,true,yearly,,,,,,,tax return
914fbd97-91f6-47ce-bacb-dc306fea2f21,b85effd5-d2ae-45ad-8fa3-21534d6386b2,aaacc3a2-e67a-4acc-a6f0-6d62260466df,,60e3c2e6-a2e5-4340-8d2c-b58ce02ab04d,Sam,true,yearly,,,,,,,tax return
734d10d3-2820-410c-be69-72f8b676dbe5,b85effd5-d2ae-45ad-8fa3-21534d6386b2,8356fec1-1b5b-45df-ab57-276899df5e6e,,60e3c2e6-a2e5-4340-8d2c-b58ce02ab04d,Sam,true,yearly,,,,,,,
a3fece33-b366-4c1b-9454-a6797e13f91c,b13c7c5d-2f8c-4191-ada5-fcdfb54f9fe2,aaacc3a2-e67a-4acc-a6f0-6d62260466df,,35bf7883-f6ba-440d-9d6a-245cd0c9113a,Tushar,true,yearly,,,,,,,tax return
51e90ffe-2e15-486b-a4c2-0970350b0e4a,00028e64-19b9-412e-a761-5f94109d8fda,aaacc3a2-e67a-4acc-a6f0-6d62260466df,,60e3c2e6-a2e5-4340-8d2c-b58ce02ab04d,Sam,true,yearly,,,,,,,tax return
4fbba944-e1c8-458e-95fe-234e6dcc0c2e,00028e64-19b9-412e-a761-5f94109d8fda,8356fec1-1b5b-45df-ab57-276899df5e6e,,60e3c2e6-a2e5-4340-8d2c-b58ce02ab04d,Sam,true,monthly,,,,,,,
53986a8f-7bb4-4cc4-ade5-174e88a3ddae,7350b336-6cc7-46be-8d94-f223a5109b3d,aaacc3a2-e67a-4acc-a6f0-6d62260466df,,35bf7883-f6ba-440d-9d6a-245cd0c9113a,Tushar,true,yearly,,,,,,,tax return
2d6a3b66-0f11-4515-be13-7d5bf278b69c,dbde0018-2a29-4665-a499-71cb996969d7,aaacc3a2-e67a-4acc-a6f0-6d62260466df,,60e3c2e6-a2e5-4340-8d2c-b58ce02ab04d,Sam,true,yearly,,,,,,,tax return
77f5f1f9-1e3b-4bc2-8e4e-697faa8e1032,dbde0018-2a29-4665-a499-71cb996969d7,8356fec1-1b5b-45df-ab57-276899df5e6e,,60e3c2e6-a2e5-4340-8d2c-b58ce02ab04d,Sam,true,monthly,,,,,,,
4cfe9b9b-7fe8-4d71-a098-11ebb58760f6,94886338-ff8e-40ab-a32f-969d48ae49d6,aaacc3a2-e67a-4acc-a6f0-6d62260466df,,60e3c2e6-a2e5-4340-8d2c-b58ce02ab04d,Sam,true,yearly,,,,,,,tax return
e02bc312-0b87-4371-baa3-6749230ed031,94886338-ff8e-40ab-a32f-969d48ae49d6,8356fec1-1b5b-45df-ab57-276899df5e6e,,60e3c2e6-a2e5-4340-8d2c-b58ce02ab04d,Sam,true,monthly,,,,,,,
9f8e105a-1906-4b86-b004-78bf73262e57,053a5f6d-3248-4383-b15d-bdf0baed0d1a,aaacc3a2-e67a-4acc-a6f0-6d62260466df,,35bf7883-f6ba-440d-9d6a-245cd0c9113a,Tushar,true,yearly,,,,,,,tax return
a0a005f7-820f-4aa7-bef6-9af27b0df474,ee3ff9e2-40d2-4d21-b7b0-50c4a69a6cdf,aaacc3a2-e67a-4acc-a6f0-6d62260466df,,4ab9b6f4-1b9e-4823-bbb0-898a421fadc3,Sanket,true,yearly,,,,,,,tax return
a43c9c60-45f3-4e48-99db-2c52e7f53180,ee3ff9e2-40d2-4d21-b7b0-50c4a69a6cdf,8356fec1-1b5b-45df-ab57-276899df5e6e,,4ab9b6f4-1b9e-4823-bbb0-898a421fadc3,Sanket,true,monthly,,,,,,,
3f4df0db-870c-4816-8cff-72d86fa17ab5,4b41e6a8-2a3c-4cd7-9742-f240e9b7d6ff,aaacc3a2-e67a-4acc-a6f0-6d62260466df,,35bf7883-f6ba-440d-9d6a-245cd0c9113a,Tushar,true,yearly,,,,,,,tax return
bbdfda50-0176-4ba3-8f28-f98e32721bcf,4b059fda-2627-4937-a7ba-44fc2ca2ebcd,aaacc3a2-e67a-4acc-a6f0-6d62260466df,,60e3c2e6-a2e5-4340-8d2c-b58ce02ab04d,Sam,true,yearly,,,,,,,tax return
415ea10e-e5ec-40a2-ac55-e35be102958c,4b059fda-2627-4937-a7ba-44fc2ca2ebcd,8356fec1-1b5b-45df-ab57-276899df5e6e,,60e3c2e6-a2e5-4340-8d2c-b58ce02ab04d,Sam,true,yearly,,,,,,,
f88b8476-fd4a-4da4-b6e9-c550e1d41228,9f27f8e3-cd44-49ea-a511-373b09d59257,aaacc3a2-e67a-4acc-a6f0-6d62260466df,,60e3c2e6-a2e5-4340-8d2c-b58ce02ab04d,Sam,true,yearly,,,,,,,tax return
a93fd12b-a285-4fac-884b-a2e28a87c086,9f27f8e3-cd44-49ea-a511-373b09d59257,8356fec1-1b5b-45df-ab57-276899df5e6e,,60e3c2e6-a2e5-4340-8d2c-b58ce02ab04d,Sam,true,yearly,,,,,,,
0b7d902c-9e3c-4fe0-9ddf-204b0f4c0202,abce7fa9-ed74-4f49-9524-d2eb59f14ab9,aaacc3a2-e67a-4acc-a6f0-6d62260466df,,e96697dc-439a-4ee7-b793-c539c25bfe47,Amruta,true,yearly,,,,,,,tax return
00db89ff-6260-42b6-8e43-cc190edc3ea0,abce7fa9-ed74-4f49-9524-d2eb59f14ab9,8356fec1-1b5b-45df-ab57-276899df5e6e,,e96697dc-439a-4ee7-b793-c539c25bfe47,Amruta,true,monthly,,,,,,,
d82c15b9-90da-4957-adbc-c9c809ebac7d,d3aef8d9-db4f-4f53-be06-b13bc1626481,aaacc3a2-e67a-4acc-a6f0-6d62260466df,,e96697dc-439a-4ee7-b793-c539c25bfe47,Amruta,true,yearly,,,,,,,tax return
302477ee-028f-4aec-803c-b6ecba6dccf8,d3aef8d9-db4f-4f53-be06-b13bc1626481,8356fec1-1b5b-45df-ab57-276899df5e6e,,e96697dc-439a-4ee7-b793-c539c25bfe47,Amruta,true,monthly,,,,,,,
47812863-d3e4-4852-96c0-e1d9c3705211,248d0871-40e6-4808-a00f-d488b54fec4b,aaacc3a2-e67a-4acc-a6f0-6d62260466df,,e96697dc-439a-4ee7-b793-c539c25bfe47,Amruta,true,yearly,,,,,,,tax return
1c1cd4b8-9551-4de6-903f-2f51eadd6e7f,248d0871-40e6-4808-a00f-d488b54fec4b,8356fec1-1b5b-45df-ab57-276899df5e6e,,e96697dc-439a-4ee7-b793-c539c25bfe47,Amruta,true,monthly,,,,,,,
153fa60c-3eb7-460f-97a3-56b88eb3d466,e71b8cbd-b49f-448f-9556-dffb008a5d9c,aaacc3a2-e67a-4acc-a6f0-6d62260466df,,60e3c2e6-a2e5-4340-8d2c-b58ce02ab04d,Sam,true,yearly,,,,,,,tax return
9e38aab8-d967-4be8-9206-d349a063eaaf,e71b8cbd-b49f-448f-9556-dffb008a5d9c,8356fec1-1b5b-45df-ab57-276899df5e6e,,60e3c2e6-a2e5-4340-8d2c-b58ce02ab04d,Sam,true,yearly,,,,,,,
72e500bc-cb73-48fb-a510-400e594e96f9,3c99abc4-e3cb-4a47-9158-26d5659badb8,aaacc3a2-e67a-4acc-a6f0-6d62260466df,,e96697dc-439a-4ee7-b793-c539c25bfe47,Amruta,true,yearly,,,,,,,tax return
7e94ee82-2ce6-4e53-9e81-5ae489005e26,3c99abc4-e3cb-4a47-9158-26d5659badb8,8356fec1-1b5b-45df-ab57-276899df5e6e,,e96697dc-439a-4ee7-b793-c539c25bfe47,Amruta,true,monthly,,,,,,,
385bcb91-4bfd-4ab6-99ac-89d3a8e51a2b,171e77ae-7d0f-4430-9f60-12d3dbd74225,aaacc3a2-e67a-4acc-a6f0-6d62260466df,,35bf7883-f6ba-440d-9d6a-245cd0c9113a,Tushar,true,yearly,,,,,,,tax return
81f7092f-2799-4afa-9b43-47c2cd0a2a66,295f964d-ded5-47dd-a0bf-7c6fc9189ed1,aaacc3a2-e67a-4acc-a6f0-6d62260466df,,35bf7883-f6ba-440d-9d6a-245cd0c9113a,Tushar,true,yearly,,,,,,,tax return
5962420b-6ece-45fe-8b60-a717cc15d500,3d02ffab-547a-4b0b-92ec-66639f19b48a,aaacc3a2-e67a-4acc-a6f0-6d62260466df,,35bf7883-f6ba-440d-9d6a-245cd0c9113a,Tushar,true,yearly,,,,,,,tax return
48d0eed6-97a5-4230-9993-67312165067c,339bef2c-d1f6-4faf-bf65-01b3d3c3f29a,aaacc3a2-e67a-4acc-a6f0-6d62260466df,,35bf7883-f6ba-440d-9d6a-245cd0c9113a,Tushar,true,yearly,,,,,,,tax return
282d9432-573f-42d4-92da-4856fff19ce9,339bef2c-d1f6-4faf-bf65-01b3d3c3f29a,85d61aa2-c377-467c-836d-ae193122ced2,,35bf7883-f6ba-440d-9d6a-245cd0c9113a,Tushar,true,,,,,,,,
a2c8e64c-92a6-4863-aca6-9b945c93021b,339bef2c-d1f6-4faf-bf65-01b3d3c3f29a,2d705b55-89e4-4224-810b-e911a2ac451c,,35bf7883-f6ba-440d-9d6a-245cd0c9113a,Tushar,true,,,,7,,,,
b2a5e3ba-aa85-4758-8ee0-1f0cd34d1428,c9853193-5c3b-4963-9b11-0b241fca42ef,aaacc3a2-e67a-4acc-a6f0-6d62260466df,,35bf7883-f6ba-440d-9d6a-245cd0c9113a,Tushar,true,yearly,,,,,,,tax return
63a6d20e-32fd-4950-b986-5f8d2620b9ce,00a8d064-bb0e-4a47-a123-71e61a0503c1,aaacc3a2-e67a-4acc-a6f0-6d62260466df,,35bf7883-f6ba-440d-9d6a-245cd0c9113a,Tushar,true,yearly,,,,,,,tax return
568331af-8a34-4c3a-86e7-fd242883f1d6,61fb9e58-960d-4c74-a9ba-ed6b59a47429,aaacc3a2-e67a-4acc-a6f0-6d62260466df,,653d18c7-ff9c-42a4-b2ab-b254294d25af,Lizette,true,yearly,,,,,,,tax return
f3b3ce93-bf00-49aa-be19-a0d18f5f9a00,61fb9e58-960d-4c74-a9ba-ed6b59a47429,8356fec1-1b5b-45df-ab57-276899df5e6e,,653d18c7-ff9c-42a4-b2ab-b254294d25af,Lizette,true,monthly,,,,,,,
2d3b374f-6b61-4267-b6c1-fad784f3ce10,61fb9e58-960d-4c74-a9ba-ed6b59a47429,85d61aa2-c377-467c-836d-ae193122ced2,,653d18c7-ff9c-42a4-b2ab-b254294d25af,Lizette,true,,,,,,,,
58b06ff7-b22f-4916-bdfb-c20f97c0c456,61fb9e58-960d-4c74-a9ba-ed6b59a47429,2d705b55-89e4-4224-810b-e911a2ac451c,,653d18c7-ff9c-42a4-b2ab-b254294d25af,Lizette,true,,,,8,,,,
1473be9a-c457-41be-8c8b-c1d56c295d12,cb9d006c-0381-42c4-93e1-c16d2743cdae,aaacc3a2-e67a-4acc-a6f0-6d62260466df,,35bf7883-f6ba-440d-9d6a-245cd0c9113a,Tushar,true,yearly,,,,,,,tax return
e9e6501f-c713-471b-9dae-b7e560d24b79,f7bde3ed-e3b8-4da0-a471-fc25ab9f36d4,aaacc3a2-e67a-4acc-a6f0-6d62260466df,,35bf7883-f6ba-440d-9d6a-245cd0c9113a,Tushar,true,yearly,,,,,,,tax return
b7f38032-d178-4ba9-9073-03e3ceb8ea1b,168cd423-6b8a-4839-a4f0-5f00db1f34b0,aaacc3a2-e67a-4acc-a6f0-6d62260466df,,60e3c2e6-a2e5-4340-8d2c-b58ce02ab04d,Sam,true,yearly,,,,,,,tax return
a6a21389-55b5-41a5-93c4-71afa36d3ff6,168cd423-6b8a-4839-a4f0-5f00db1f34b0,8356fec1-1b5b-45df-ab57-276899df5e6e,,60e3c2e6-a2e5-4340-8d2c-b58ce02ab04d,Sam,true,yearly,,,,,,,
23c2b77b-f7f7-440f-be16-1290c06a6bc8,026b8e37-b269-448d-9157-cb9a18032edd,aaacc3a2-e67a-4acc-a6f0-6d62260466df,,35bf7883-f6ba-440d-9d6a-245cd0c9113a,Tushar,true,yearly,,,,,,,tax return
8e63a305-3088-4e97-8634-d754428afdf4,a7b88fb3-0f8a-487d-97be-5ee813a20798,aaacc3a2-e67a-4acc-a6f0-6d62260466df,,35bf7883-f6ba-440d-9d6a-245cd0c9113a,Tushar,true,yearly,,,,,,,tax return
8b03efe2-fa23-4529-a9c8-235c31e9f330,42b25bfd-4945-43e8-b86d-a4ac3576da31,aaacc3a2-e67a-4acc-a6f0-6d62260466df,,35bf7883-f6ba-440d-9d6a-245cd0c9113a,Tushar,true,yearly,,,,,,,tax return
daef6eef-8c3f-43f6-8646-5acb5f47ffed,d3754683-c487-4261-8ef0-2a574fb181a6,aaacc3a2-e67a-4acc-a6f0-6d62260466df,,35bf7883-f6ba-440d-9d6a-245cd0c9113a,Tushar,true,yearly,,,,,,,tax return
1d567280-c69c-4481-a536-73a6b389626b,c55461ba-7113-46cf-8eb4-a1297f19dcca,aaacc3a2-e67a-4acc-a6f0-6d62260466df,,35bf7883-f6ba-440d-9d6a-245cd0c9113a,Tushar,true,yearly,,,,,,,tax return
3be1142d-8a46-4906-87d1-d029294356bc,3e34c4eb-019a-4e44-9c3f-5faaabe2a9b4,aaacc3a2-e67a-4acc-a6f0-6d62260466df,,35bf7883-f6ba-440d-9d6a-245cd0c9113a,Tushar,true,yearly,,,,,,,tax return
2cc4490f-7830-4d8d-b39b-bed803f67450,4efb49f0-581a-4efa-89d6-d86c6f537424,aaacc3a2-e67a-4acc-a6f0-6d62260466df,,35bf7883-f6ba-440d-9d6a-245cd0c9113a,Tushar,true,yearly,,,,,,,tax return
c05f7edb-1fba-425f-82e2-0c1efbc7affc,e4f3eda4-850c-4a86-9aac-81d9526b03e4,aaacc3a2-e67a-4acc-a6f0-6d62260466df,,35bf7883-f6ba-440d-9d6a-245cd0c9113a,Tushar,true,yearly,,,,,,,tax return
ed7e1bf2-56aa-47c2-bd43-e6d7c89ed43d,ada917cc-f761-47b9-9313-2fb3273de6ae,aaacc3a2-e67a-4acc-a6f0-6d62260466df,,e96697dc-439a-4ee7-b793-c539c25bfe47,Amruta,true,yearly,,,,,,,tax return
a09b7114-e0a5-49e7-b336-30202bb7a4ed,ada917cc-f761-47b9-9313-2fb3273de6ae,8356fec1-1b5b-45df-ab57-276899df5e6e,,e96697dc-439a-4ee7-b793-c539c25bfe47,Amruta,true,monthly,,,,,,,
52c039f8-fb37-47cf-ac6d-e8ebd29fdcf3,c27dbfb2-1b08-4c4b-bc75-0b96b5e529e3,aaacc3a2-e67a-4acc-a6f0-6d62260466df,,35bf7883-f6ba-440d-9d6a-245cd0c9113a,Tushar,true,yearly,,,,,,,tax return
fd05d484-e58d-426d-bdf6-fefae8d76fc4,1096b3dd-d284-4cf2-acad-e65077d5a436,aaacc3a2-e67a-4acc-a6f0-6d62260466df,,4ab9b6f4-1b9e-4823-bbb0-898a421fadc3,Sanket,true,yearly,,,,,,,tax return
078e8985-5486-4fc8-94fd-e19b46d23f75,1096b3dd-d284-4cf2-acad-e65077d5a436,8356fec1-1b5b-45df-ab57-276899df5e6e,,4ab9b6f4-1b9e-4823-bbb0-898a421fadc3,Sanket,true,monthly,,,,,,,
dabae995-b008-452a-892f-1a3295190635,dadb5577-f252-4756-be28-5f3ec72ddd14,aaacc3a2-e67a-4acc-a6f0-6d62260466df,,35bf7883-f6ba-440d-9d6a-245cd0c9113a,Tushar,true,yearly,,,,,,,tax return
62cc1907-abb7-4470-a1b3-e3b323026126,5ea4dae3-06d1-4670-a06b-89e6ea90284e,aaacc3a2-e67a-4acc-a6f0-6d62260466df,,35bf7883-f6ba-440d-9d6a-245cd0c9113a,Tushar,true,yearly,,,,,,,tax return
f791b686-3d0e-4a3b-a9b3-f3a380f9ef3e,0a82012c-f07b-4dd9-9a11-c2b384385335,aaacc3a2-e67a-4acc-a6f0-6d62260466df,,e96697dc-439a-4ee7-b793-c539c25bfe47,Amruta,true,yearly,,,,,,,tax return
97f73a5f-6656-4f31-b2c7-067a91ae1563,0a82012c-f07b-4dd9-9a11-c2b384385335,8356fec1-1b5b-45df-ab57-276899df5e6e,,e96697dc-439a-4ee7-b793-c539c25bfe47,Amruta,true,monthly,,,,,,,
9cf0de3f-897d-4a94-ac1d-e4c037433db4,37cb6476-8d5b-46fe-8388-d613d5433de0,aaacc3a2-e67a-4acc-a6f0-6d62260466df,,e96697dc-439a-4ee7-b793-c539c25bfe47,Amruta,true,yearly,,,,,,,tax return
480f3809-07c5-4ecd-a77f-1b579eb1a5fd,37cb6476-8d5b-46fe-8388-d613d5433de0,8356fec1-1b5b-45df-ab57-276899df5e6e,,e96697dc-439a-4ee7-b793-c539c25bfe47,Amruta,true,monthly,,,,,,,
a83b3e49-1987-4939-bbde-6aba1d5e603a,1819fd5f-293e-4f76-82f1-e147c51c2591,aaacc3a2-e67a-4acc-a6f0-6d62260466df,,35bf7883-f6ba-440d-9d6a-245cd0c9113a,Tushar,true,yearly,,,,,,,tax return
284532a2-e35c-4850-b12b-7dfa267323df,f6f35b55-e9b2-4832-8427-a2165edc37e4,aaacc3a2-e67a-4acc-a6f0-6d62260466df,,35bf7883-f6ba-440d-9d6a-245cd0c9113a,Tushar,true,yearly,,,,,,,tax return
3001c725-5dec-4ceb-9791-0b5c4b7474be,24bdf2e4-f3d1-45de-b6f0-3aaca6b6926b,aaacc3a2-e67a-4acc-a6f0-6d62260466df,,35bf7883-f6ba-440d-9d6a-245cd0c9113a,Tushar,true,yearly,,,,,,,tax return
ad0ba4fc-9f4e-40bb-82d1-c5d8a96ded24,dfe1bf6e-884f-49ad-ac1b-afd356d740ef,aaacc3a2-e67a-4acc-a6f0-6d62260466df,,60e3c2e6-a2e5-4340-8d2c-b58ce02ab04d,Sam,true,yearly,,,,,,,tax return
aa22f659-fe31-4a14-97eb-3efb0b40843f,dfe1bf6e-884f-49ad-ac1b-afd356d740ef,8356fec1-1b5b-45df-ab57-276899df5e6e,,60e3c2e6-a2e5-4340-8d2c-b58ce02ab04d,Sam,true,monthly,,,,,,,
1114a1c8-a6a0-45c5-85bf-1cb00d367d5f,093cf343-5c60-47c9-9d24-f37b7d0708bc,aaacc3a2-e67a-4acc-a6f0-6d62260466df,,35bf7883-f6ba-440d-9d6a-245cd0c9113a,Tushar,true,yearly,,,,,,,tax return
d59fd646-e23a-44b5-a10a-85b4ad3fa92d,84855961-3402-4a0f-94d3-7129a794a22a,aaacc3a2-e67a-4acc-a6f0-6d62260466df,,35bf7883-f6ba-440d-9d6a-245cd0c9113a,Tushar,true,yearly,,,,,,,tax return
f4ac6ea7-d0fa-441f-a7dd-ba985808349b,891d9d2f-0912-426f-b241-f3bb42d1d8fa,aaacc3a2-e67a-4acc-a6f0-6d62260466df,,35bf7883-f6ba-440d-9d6a-245cd0c9113a,Tushar,true,yearly,,,,,,,tax return
3b3f2c54-8c40-442d-879e-0f5d267a81e2,3ad38692-51a8-447e-81a6-0acf8cd7eca0,aaacc3a2-e67a-4acc-a6f0-6d62260466df,,60e3c2e6-a2e5-4340-8d2c-b58ce02ab04d,Sam,true,yearly,,,,,,,tax return
b8fa455e-990a-4200-8f1d-e14b4044f90b,3ad38692-51a8-447e-81a6-0acf8cd7eca0,8356fec1-1b5b-45df-ab57-276899df5e6e,,60e3c2e6-a2e5-4340-8d2c-b58ce02ab04d,Sam,true,yearly,,,,,,,
bb9fbfb1-559f-4f98-ad7e-a5d61013ee90,c1bd7d40-0d11-4b4c-9242-8b2b32e5df0b,aaacc3a2-e67a-4acc-a6f0-6d62260466df,,60e3c2e6-a2e5-4340-8d2c-b58ce02ab04d,Sam,true,yearly,,,,,,,tax return
7ebe8f97-998e-43d3-b1ad-9508c1109dab,c1bd7d40-0d11-4b4c-9242-8b2b32e5df0b,8356fec1-1b5b-45df-ab57-276899df5e6e,,60e3c2e6-a2e5-4340-8d2c-b58ce02ab04d,Sam,true,yearly,,,,,,,
9f0e1e4f-47a4-4c01-ade4-f09c795f063b,eee2a3cd-ce09-4b2a-baf8-2716dd989914,aaacc3a2-e67a-4acc-a6f0-6d62260466df,,35bf7883-f6ba-440d-9d6a-245cd0c9113a,Tushar,true,yearly,,,,,,,tax return
a973334c-1194-44d4-b145-5bbf9a7091a6,7bb09bac-325a-416e-a5b3-725476ab76cd,aaacc3a2-e67a-4acc-a6f0-6d62260466df,,35bf7883-f6ba-440d-9d6a-245cd0c9113a,Tushar,true,yearly,,,,,,,tax return
7c766912-98fe-448e-8847-abdb643083c3,363efd9f-d9b4-4d29-baa4-d48010794710,aaacc3a2-e67a-4acc-a6f0-6d62260466df,,35bf7883-f6ba-440d-9d6a-245cd0c9113a,Tushar,true,yearly,,,,,,,tax return
8bef5e4d-1328-47eb-9937-3c0c73eae275,7789a338-3fcb-4707-9eb5-adf9231cd89e,aaacc3a2-e67a-4acc-a6f0-6d62260466df,,35bf7883-f6ba-440d-9d6a-245cd0c9113a,Tushar,true,yearly,,,,,,,tax return
e712e84d-442c-44f4-9932-2698fb769150,9dd04da7-7410-4169-a82b-053682b30bcf,aaacc3a2-e67a-4acc-a6f0-6d62260466df,,35bf7883-f6ba-440d-9d6a-245cd0c9113a,Tushar,true,yearly,,,,,,,tax return
4e25c742-34ac-4354-be5c-9b8ad1ce54a6,86051828-0f18-48bb-965a-5a4296555d6b,aaacc3a2-e67a-4acc-a6f0-6d62260466df,,35bf7883-f6ba-440d-9d6a-245cd0c9113a,Tushar,true,yearly,,,,,,,tax return
4334763f-047e-4952-9137-c27deeaf3e8b,8e39de73-583d-4c1b-8fda-bfd6c8f85bae,aaacc3a2-e67a-4acc-a6f0-6d62260466df,,35bf7883-f6ba-440d-9d6a-245cd0c9113a,Tushar,true,yearly,,,,,,,tax return
bb239ef3-4fe1-4b6b-adbd-1987ffe05f8d,70ee7a3e-8dcb-41bc-a9f9-804ef6d5830b,aaacc3a2-e67a-4acc-a6f0-6d62260466df,,35bf7883-f6ba-440d-9d6a-245cd0c9113a,Tushar,true,yearly,,,,,,,tax return
a4a3c20c-daaa-4f16-b39e-3eef1dd4b062,05bfb829-9322-46c9-99c0-284b07df54ee,aaacc3a2-e67a-4acc-a6f0-6d62260466df,,35bf7883-f6ba-440d-9d6a-245cd0c9113a,Tushar,true,yearly,,,,,,,tax return
8f0be81f-cb98-49c4-b067-5cc85c614e09,cd2d6684-26c9-4630-9373-0b4ce28fea24,aaacc3a2-e67a-4acc-a6f0-6d62260466df,,35bf7883-f6ba-440d-9d6a-245cd0c9113a,Tushar,true,yearly,,,,,,,tax return
c3d0adc3-9a97-4fad-ae8d-e57e264b2678,eabbbd04-2fe8-4f10-9430-9f8ff21a31d8,aaacc3a2-e67a-4acc-a6f0-6d62260466df,,35bf7883-f6ba-440d-9d6a-245cd0c9113a,Tushar,true,yearly,,,,,,,tax return
30b06d2f-a3cc-4538-83da-efac5722cac9,ab578c0f-75cc-41ea-90f5-d98e37da9132,aaacc3a2-e67a-4acc-a6f0-6d62260466df,,4ab9b6f4-1b9e-4823-bbb0-898a421fadc3,Sanket,true,yearly,,,,,,,tax return
1a32d766-d083-4138-a48c-8298325e45e6,ab578c0f-75cc-41ea-90f5-d98e37da9132,8356fec1-1b5b-45df-ab57-276899df5e6e,,4ab9b6f4-1b9e-4823-bbb0-898a421fadc3,Sanket,true,monthly,,,,,,,
cf5cab6d-b66c-459e-80b8-22b4903f441f,9a81bf34-3630-41ed-afe3-fe5ff603886e,aaacc3a2-e67a-4acc-a6f0-6d62260466df,,35bf7883-f6ba-440d-9d6a-245cd0c9113a,Tushar,true,yearly,,,,,,,tax return
f205a82e-339f-4f75-8f26-391c8a45666a,2d9c27bc-5a88-45a0-b0c0-762867d4a7ab,aaacc3a2-e67a-4acc-a6f0-6d62260466df,,35bf7883-f6ba-440d-9d6a-245cd0c9113a,Tushar,true,yearly,,,,,,,tax return
3fa83c25-0539-4835-b626-7f68945d46a4,1b11d41b-97db-429d-a53a-e8aedc9a9a49,aaacc3a2-e67a-4acc-a6f0-6d62260466df,,60e3c2e6-a2e5-4340-8d2c-b58ce02ab04d,Sam,true,yearly,,,,,,,tax return
ecfcd9ae-5875-450d-ba12-2280f4fc4e16,1b11d41b-97db-429d-a53a-e8aedc9a9a49,8356fec1-1b5b-45df-ab57-276899df5e6e,,60e3c2e6-a2e5-4340-8d2c-b58ce02ab04d,Sam,true,yearly,,,,,,,
bd3af2c1-3c6f-44a7-b668-98063e80c600,9e3be72b-9415-4787-bcf5-19b5c5bc42c8,aaacc3a2-e67a-4acc-a6f0-6d62260466df,,60e3c2e6-a2e5-4340-8d2c-b58ce02ab04d,Sam,true,yearly,,,,,,,tax return
1208ff68-9327-4e77-af7b-b3b54ee6611a,9e3be72b-9415-4787-bcf5-19b5c5bc42c8,8356fec1-1b5b-45df-ab57-276899df5e6e,,60e3c2e6-a2e5-4340-8d2c-b58ce02ab04d,Sam,true,monthly,,,,,,,
768c6f3e-7346-45b7-a303-bc1d592f8781,03c463e4-c6c0-4aa3-84a9-2372196a0e54,aaacc3a2-e67a-4acc-a6f0-6d62260466df,,35bf7883-f6ba-440d-9d6a-245cd0c9113a,Tushar,true,yearly,,,,,,,tax return
d4cec1b2-2697-46ed-bb19-f469622232f8,d70ef273-81a8-4738-af87-93c3c0d98622,aaacc3a2-e67a-4acc-a6f0-6d62260466df,,35bf7883-f6ba-440d-9d6a-245cd0c9113a,Tushar,true,yearly,,,,,,,tax return
5b00477a-4c51-4201-b9c7-41dd60959f27,9b7c0bbc-e706-410b-ab6e-b222de3fdef6,aaacc3a2-e67a-4acc-a6f0-6d62260466df,,60e3c2e6-a2e5-4340-8d2c-b58ce02ab04d,Sam,true,yearly,,,,,,,tax return
074f9a36-bd34-4715-bfea-5fece3b646c3,9b7c0bbc-e706-410b-ab6e-b222de3fdef6,8356fec1-1b5b-45df-ab57-276899df5e6e,,60e3c2e6-a2e5-4340-8d2c-b58ce02ab04d,Sam,true,monthly,,,,,,,
0b74be10-b5ad-4154-96a0-2012b82c7d8f,e54d19e4-3cfc-4088-9e9a-799d3d9c1e7c,aaacc3a2-e67a-4acc-a6f0-6d62260466df,,35bf7883-f6ba-440d-9d6a-245cd0c9113a,Tushar,true,yearly,,,,,,,tax return
87abf543-49fa-4bb3-bbd7-3af847800bdd,7f3f9e81-91b1-4472-b0c8-3fd2099a7f73,aaacc3a2-e67a-4acc-a6f0-6d62260466df,,60e3c2e6-a2e5-4340-8d2c-b58ce02ab04d,Sam,true,yearly,,,,,,,tax return
5acca29e-975e-4636-8639-b7be4f6ee039,7f3f9e81-91b1-4472-b0c8-3fd2099a7f73,8356fec1-1b5b-45df-ab57-276899df5e6e,,60e3c2e6-a2e5-4340-8d2c-b58ce02ab04d,Sam,true,monthly,,,,,,,
a9128fdc-b377-4e07-9e1c-6294b65c9142,a19fface-0ef6-4db2-a04a-535b118c4fac,aaacc3a2-e67a-4acc-a6f0-6d62260466df,,35bf7883-f6ba-440d-9d6a-245cd0c9113a,Tushar,true,yearly,,,,,,,tax return
54833c50-65a3-4961-981a-8b5d4c78b5d1,8a723a95-488e-499e-a52e-e91c47f045fa,aaacc3a2-e67a-4acc-a6f0-6d62260466df,,35bf7883-f6ba-440d-9d6a-245cd0c9113a,Tushar,true,yearly,,,,,,,tax return
a01fe927-c4a9-47e0-8b9a-c0271c66290c,9cde8b9a-efab-4eda-b7b7-165450a30ade,aaacc3a2-e67a-4acc-a6f0-6d62260466df,,35bf7883-f6ba-440d-9d6a-245cd0c9113a,Tushar,true,yearly,,,,,,,tax return
89b5ff9b-2868-4760-9d95-b1ced7df3e22,42ebfddd-d249-4708-b6c6-c75f65894adc,aaacc3a2-e67a-4acc-a6f0-6d62260466df,,35bf7883-f6ba-440d-9d6a-245cd0c9113a,Tushar,true,yearly,,,,,,,tax return
1d4abb6d-3e0d-490b-8eb6-9cce2e2fd8a4,2650e320-5fc6-40d4-a815-a08bba46eafb,aaacc3a2-e67a-4acc-a6f0-6d62260466df,,35bf7883-f6ba-440d-9d6a-245cd0c9113a,Tushar,true,yearly,,,,,,,tax return
e936f349-dd5c-4fef-98dd-4914b4f7100d,eb5bf840-7371-4c06-8012-7dbff4a6c0b2,aaacc3a2-e67a-4acc-a6f0-6d62260466df,,35bf7883-f6ba-440d-9d6a-245cd0c9113a,Tushar,true,yearly,,,,,,,tax return
44b18a04-79b7-4674-b1f9-bc0b1837c647,6e41346f-16ed-4dcf-99cb-5fbba3470d0f,aaacc3a2-e67a-4acc-a6f0-6d62260466df,,35bf7883-f6ba-440d-9d6a-245cd0c9113a,Tushar,true,yearly,,,,,,,tax return
765f0bcc-405e-475e-ba4d-11faa8fd4926,4aa39f9c-998e-460d-b867-68f1d818e098,aaacc3a2-e67a-4acc-a6f0-6d62260466df,,4ab9b6f4-1b9e-4823-bbb0-898a421fadc3,Sanket,true,yearly,,,,,,,tax return
ff57e149-e95f-47c2-9e19-537bafb22c7d,4aa39f9c-998e-460d-b867-68f1d818e098,8356fec1-1b5b-45df-ab57-276899df5e6e,,4ab9b6f4-1b9e-4823-bbb0-898a421fadc3,Sanket,true,quarterly,,,,,,,
c8ed35a2-ee23-46cd-8fc2-cee44689f868,ab2510f0-2425-42b9-83fc-8ca83d431c58,aaacc3a2-e67a-4acc-a6f0-6d62260466df,,4ab9b6f4-1b9e-4823-bbb0-898a421fadc3,Sanket,true,yearly,,,,,,,tax return
9e67a533-acb5-42d8-a506-54e712c358d4,ab2510f0-2425-42b9-83fc-8ca83d431c58,8356fec1-1b5b-45df-ab57-276899df5e6e,,4ab9b6f4-1b9e-4823-bbb0-898a421fadc3,Sanket,true,monthly,,,,,,,
74a943f1-ba41-47f9-b957-6a45e5770371,8332622f-7f1f-4ad0-b644-549ee3e7961d,aaacc3a2-e67a-4acc-a6f0-6d62260466df,,653d18c7-ff9c-42a4-b2ab-b254294d25af,Lizette,true,yearly,,,,,,,tax return
85f96a74-4314-4289-85db-96fd9524a7f5,8332622f-7f1f-4ad0-b644-549ee3e7961d,8356fec1-1b5b-45df-ab57-276899df5e6e,,653d18c7-ff9c-42a4-b2ab-b254294d25af,Lizette,true,quarterly,,,,,,,
17aca63a-bf58-4b62-bbef-c2ca11846274,cc43e002-0520-4513-9d33-6f7ce6ac1a5a,aaacc3a2-e67a-4acc-a6f0-6d62260466df,,e96697dc-439a-4ee7-b793-c539c25bfe47,Amruta,true,yearly,,,,,,,tax return
d818f194-81b4-4499-a292-eb6c3d5b3d81,cc43e002-0520-4513-9d33-6f7ce6ac1a5a,8356fec1-1b5b-45df-ab57-276899df5e6e,,e96697dc-439a-4ee7-b793-c539c25bfe47,Amruta,true,monthly,,,,,,,
6c7675e3-9bed-4bac-80b9-0f2a0da59e85,5070cb3f-f6e1-46b6-9a77-7079d9a3a2d6,aaacc3a2-e67a-4acc-a6f0-6d62260466df,,35bf7883-f6ba-440d-9d6a-245cd0c9113a,Tushar,true,yearly,,,,,,,tax return
b9784c91-20b9-46c6-b961-9cd80d0b6888,b3c697c0-d48a-447d-af3e-1b332cd8e751,aaacc3a2-e67a-4acc-a6f0-6d62260466df,,35bf7883-f6ba-440d-9d6a-245cd0c9113a,Tushar,true,yearly,,,,,,,tax return
27db42f3-ea41-4ff4-93a5-1fff15bc279c,30f8f694-3d52-4179-a3d1-64199878453d,aaacc3a2-e67a-4acc-a6f0-6d62260466df,,60e3c2e6-a2e5-4340-8d2c-b58ce02ab04d,Sam,true,yearly,,,,,,,tax return
c631b119-415d-43da-a5cd-98a154dc1691,30f8f694-3d52-4179-a3d1-64199878453d,8356fec1-1b5b-45df-ab57-276899df5e6e,,60e3c2e6-a2e5-4340-8d2c-b58ce02ab04d,Sam,true,monthly,,,,,,,
ed33f12a-84b6-4fbc-a500-7df00077d6b2,e60fefc5-9872-4844-9ec5-57cffe1757c9,aaacc3a2-e67a-4acc-a6f0-6d62260466df,,4ab9b6f4-1b9e-4823-bbb0-898a421fadc3,Sanket,true,yearly,,,,,,,tax return
679d0bc2-5821-45af-becf-6eb868dad56f,e60fefc5-9872-4844-9ec5-57cffe1757c9,8356fec1-1b5b-45df-ab57-276899df5e6e,,4ab9b6f4-1b9e-4823-bbb0-898a421fadc3,Sanket,true,monthly,,,,,,,
8b07b0e5-b1ee-486d-9d4b-8bd4e4533abe,005b970d-f63f-40bc-90be-85a87e4b78b4,aaacc3a2-e67a-4acc-a6f0-6d62260466df,,35bf7883-f6ba-440d-9d6a-245cd0c9113a,Tushar,true,yearly,,,,,,,tax return
1dea94db-3b48-453d-9fa9-e25be96ac451,fbe36bec-2e10-4346-a6d2-a53cdc9dee08,aaacc3a2-e67a-4acc-a6f0-6d62260466df,,35bf7883-f6ba-440d-9d6a-245cd0c9113a,Tushar,true,yearly,,,,,,,tax return
8e27e1e9-4cae-46ae-bf54-054fd90d557a,a01bc00a-c33e-4c79-bfe3-7f0ef59343e4,aaacc3a2-e67a-4acc-a6f0-6d62260466df,,4ab9b6f4-1b9e-4823-bbb0-898a421fadc3,Sanket,true,yearly,,,,,,,tax return
df3dee72-45f2-4ac9-a270-8e388657013b,a01bc00a-c33e-4c79-bfe3-7f0ef59343e4,8356fec1-1b5b-45df-ab57-276899df5e6e,,4ab9b6f4-1b9e-4823-bbb0-898a421fadc3,Sanket,true,monthly,,,,,,,
c9f4ae8c-06e8-4f74-888b-f019818d916e,1b3296e3-10a3-44f0-ac0a-52a47e802d67,aaacc3a2-e67a-4acc-a6f0-6d62260466df,,35bf7883-f6ba-440d-9d6a-245cd0c9113a,Tushar,true,yearly,,,,,,,tax return
2319ff0f-33b6-4b14-89ba-7cef49c57e92,11204297-638b-456a-a1ef-dd322dae9b07,aaacc3a2-e67a-4acc-a6f0-6d62260466df,,e96697dc-439a-4ee7-b793-c539c25bfe47,Amruta,true,yearly,,,,,,,tax return
07c17c36-8a0f-43a0-be21-caca8860b299,11204297-638b-456a-a1ef-dd322dae9b07,8356fec1-1b5b-45df-ab57-276899df5e6e,,e96697dc-439a-4ee7-b793-c539c25bfe47,Amruta,true,monthly,,,,,,,
fded67a8-f296-41e1-a3e5-c3a1b0ab9a9f,209a9a72-db0a-4452-ad1e-6355ec4cf8fa,aaacc3a2-e67a-4acc-a6f0-6d62260466df,,35bf7883-f6ba-440d-9d6a-245cd0c9113a,Tushar,true,yearly,,,,,,,tax return
84bda626-1e09-4aa3-84e8-2ed2c180b8a5,209a9a72-db0a-4452-ad1e-6355ec4cf8fa,85d61aa2-c377-467c-836d-ae193122ced2,,35bf7883-f6ba-440d-9d6a-245cd0c9113a,Tushar,true,,,,,,,,
a2cbe377-21ed-4719-9f31-b4b9edbdd944,209a9a72-db0a-4452-ad1e-6355ec4cf8fa,2d705b55-89e4-4224-810b-e911a2ac451c,,35bf7883-f6ba-440d-9d6a-245cd0c9113a,Tushar,true,,,,4,,,,
6f3a02fb-abfa-44ac-8074-192eb23cbad8,df676489-e018-4568-8583-174c952e2be1,aaacc3a2-e67a-4acc-a6f0-6d62260466df,,35bf7883-f6ba-440d-9d6a-245cd0c9113a,Tushar,true,yearly,,,,,,,tax return
79f972ed-a20e-4cca-b610-4492af29c8fd,1913175e-e5f7-4785-84f8-a51bf423df4f,aaacc3a2-e67a-4acc-a6f0-6d62260466df,,60e3c2e6-a2e5-4340-8d2c-b58ce02ab04d,Sam,true,yearly,,,,,,,tax return
73800ca0-5cd1-4cd2-8919-3fec8167ac18,1913175e-e5f7-4785-84f8-a51bf423df4f,8356fec1-1b5b-45df-ab57-276899df5e6e,,60e3c2e6-a2e5-4340-8d2c-b58ce02ab04d,Sam,true,monthly,,,,,,,
58b287f9-591a-4f24-8f42-c88740853014,c465a5bb-3214-41a2-8fac-fcf81515156d,aaacc3a2-e67a-4acc-a6f0-6d62260466df,,60e3c2e6-a2e5-4340-8d2c-b58ce02ab04d,Sam,true,yearly,,,,,,,tax return
03e90410-d99c-4e93-b601-eae90b4b61a3,c465a5bb-3214-41a2-8fac-fcf81515156d,8356fec1-1b5b-45df-ab57-276899df5e6e,,60e3c2e6-a2e5-4340-8d2c-b58ce02ab04d,Sam,true,monthly,,,,,,,
4c327b85-7791-4b10-a40d-9d7890bbc49b,87bf5da4-c8b8-48ea-8081-341e745ec88c,aaacc3a2-e67a-4acc-a6f0-6d62260466df,,60e3c2e6-a2e5-4340-8d2c-b58ce02ab04d,Sam,true,yearly,,,,,,,tax return
09a22a97-73de-497f-aa78-3d51e22bb1c8,87bf5da4-c8b8-48ea-8081-341e745ec88c,8356fec1-1b5b-45df-ab57-276899df5e6e,,60e3c2e6-a2e5-4340-8d2c-b58ce02ab04d,Sam,true,yearly,,,,,,,
2e7bc5f8-125b-4297-a44f-48a1ec5afcd0,98d86e91-0ecb-462b-810e-c63390207578,aaacc3a2-e67a-4acc-a6f0-6d62260466df,,35bf7883-f6ba-440d-9d6a-245cd0c9113a,Tushar,true,yearly,,,,,,,tax return
17e47704-cd51-48c6-8384-218f8e433e03,ab481db6-b199-4798-b934-d1db6061fb93,aaacc3a2-e67a-4acc-a6f0-6d62260466df,,35bf7883-f6ba-440d-9d6a-245cd0c9113a,Tushar,true,yearly,,,,,,,tax return
443b053a-073a-455d-9cc6-ef9311a797e1,6c65b130-a0ae-40b8-a021-029046f9fdc5,aaacc3a2-e67a-4acc-a6f0-6d62260466df,,35bf7883-f6ba-440d-9d6a-245cd0c9113a,Tushar,true,yearly,,,,,,,tax return
8dae47ea-5eaf-438e-936c-ac786901ab45,fb836dd2-b87d-4961-b187-1f1f46a545c4,aaacc3a2-e67a-4acc-a6f0-6d62260466df,,35bf7883-f6ba-440d-9d6a-245cd0c9113a,Tushar,true,yearly,,,,,,,tax return
98ce3d90-5666-4a8e-982d-64e52b88aaa1,439d94fd-0be9-4163-a131-c1b84e32bd41,aaacc3a2-e67a-4acc-a6f0-6d62260466df,,60e3c2e6-a2e5-4340-8d2c-b58ce02ab04d,Sam,true,yearly,,,,,,,tax return
dd3f12f0-27b9-4a45-aa8c-871a2f1a56df,439d94fd-0be9-4163-a131-c1b84e32bd41,8356fec1-1b5b-45df-ab57-276899df5e6e,,60e3c2e6-a2e5-4340-8d2c-b58ce02ab04d,Sam,true,monthly,,,,,,,
ff671996-8d2b-44c2-bf0c-4ec5068d83a2,60b29c20-e688-47a2-ba41-b2e674cf1ab6,aaacc3a2-e67a-4acc-a6f0-6d62260466df,,35bf7883-f6ba-440d-9d6a-245cd0c9113a,Tushar,true,yearly,,,,,,,tax return
8e1028ec-4fd9-4ee1-a4a9-38f143788a27,8b65f9e8-5d47-4f73-a8d4-424ab32e0e04,aaacc3a2-e67a-4acc-a6f0-6d62260466df,,60e3c2e6-a2e5-4340-8d2c-b58ce02ab04d,Sam,true,yearly,,,,,,,tax return
a5abf4be-ae74-4d6e-ab45-363061e71446,8b65f9e8-5d47-4f73-a8d4-424ab32e0e04,8356fec1-1b5b-45df-ab57-276899df5e6e,,60e3c2e6-a2e5-4340-8d2c-b58ce02ab04d,Sam,true,monthly,,,,,,,
b061826f-294a-414a-b424-e61add9f6214,e3deaca8-c404-4d4d-b31c-608aa14693a8,aaacc3a2-e67a-4acc-a6f0-6d62260466df,,35bf7883-f6ba-440d-9d6a-245cd0c9113a,Tushar,true,yearly,,,,,,,tax return
b167ab1e-0f9c-479c-adc5-0e3637b86d14,533dceb3-ef6a-4295-8197-8e30c65b2ac6,aaacc3a2-e67a-4acc-a6f0-6d62260466df,,35bf7883-f6ba-440d-9d6a-245cd0c9113a,Tushar,true,yearly,,,,,,,tax return
69d598d1-fbfa-425c-8764-b59f857ad5ac,c41d97c6-359f-44fd-b724-34be996c99e5,aaacc3a2-e67a-4acc-a6f0-6d62260466df,,35bf7883-f6ba-440d-9d6a-245cd0c9113a,Tushar,true,yearly,,,,,,,tax return
c3902309-d4ce-41ed-bc4e-c9e718e2191f,0f43de7c-9ba2-48bf-9f3b-3f4a238aa577,aaacc3a2-e67a-4acc-a6f0-6d62260466df,,35bf7883-f6ba-440d-9d6a-245cd0c9113a,Tushar,true,yearly,,,,,,,tax return
ad7ddf00-6483-4fb8-a02f-c64ac6c1396d,9ef3f57a-f525-4014-973f-8d2535386f53,aaacc3a2-e67a-4acc-a6f0-6d62260466df,,35bf7883-f6ba-440d-9d6a-245cd0c9113a,Tushar,true,yearly,,,,,,,tax return
96afc2b8-b8e7-4dea-a4b1-390cf4262c35,ecb20f10-3c03-4435-8811-fd67d4281ffd,aaacc3a2-e67a-4acc-a6f0-6d62260466df,,35bf7883-f6ba-440d-9d6a-245cd0c9113a,Tushar,true,yearly,,,,,,,tax return
462bfa4c-6250-4734-a3b5-792a304595a4,801c83af-0e7f-4569-b004-d06716ea4771,aaacc3a2-e67a-4acc-a6f0-6d62260466df,,35bf7883-f6ba-440d-9d6a-245cd0c9113a,Tushar,true,yearly,,,,,,,tax return
5f2c2a6d-efe6-4e91-83b7-5c8a0e78a49e,f0518a6d-44af-4184-b5f7-5192faca1023,aaacc3a2-e67a-4acc-a6f0-6d62260466df,,35bf7883-f6ba-440d-9d6a-245cd0c9113a,Tushar,true,yearly,,,,,,,tax return
d2644009-64c2-4582-8e01-478bc1a4084a,a8b6129d-23a8-4d01-b4ee-a6163658d43b,aaacc3a2-e67a-4acc-a6f0-6d62260466df,,35bf7883-f6ba-440d-9d6a-245cd0c9113a,Tushar,true,yearly,,,,,,,tax return
faa6b674-5d1e-4e99-a16e-e99dc7a65923,233c11f6-48d9-4f0c-9850-e2f10ca0350c,aaacc3a2-e67a-4acc-a6f0-6d62260466df,,60e3c2e6-a2e5-4340-8d2c-b58ce02ab04d,Sam,true,yearly,,,,,,,tax return
3f35c236-00d1-4fd9-8758-52305b2fa012,233c11f6-48d9-4f0c-9850-e2f10ca0350c,8356fec1-1b5b-45df-ab57-276899df5e6e,,60e3c2e6-a2e5-4340-8d2c-b58ce02ab04d,Sam,true,yearly,,,,,,,
5cabd49c-316d-4389-a59e-17c8f550c619,9c2133ec-e531-4002-8ac6-c2aa7e399f0e,aaacc3a2-e67a-4acc-a6f0-6d62260466df,,35bf7883-f6ba-440d-9d6a-245cd0c9113a,Tushar,true,yearly,,,,,,,tax return
ffe66712-ff17-497b-bab3-85a996f14975,eae173be-0210-4cc2-a361-a3c8a8daaa06,aaacc3a2-e67a-4acc-a6f0-6d62260466df,,35bf7883-f6ba-440d-9d6a-245cd0c9113a,Tushar,true,yearly,,,,,,,tax return
ac8f1c42-c215-4ff2-b2a9-36b8d4beb115,751b059a-a0ee-4827-b008-9c97607f63b1,aaacc3a2-e67a-4acc-a6f0-6d62260466df,,4ab9b6f4-1b9e-4823-bbb0-898a421fadc3,Sanket,true,yearly,,,,,,,tax return
7176f9c9-9e67-48bc-ab20-3bbb8bd27e90,751b059a-a0ee-4827-b008-9c97607f63b1,8356fec1-1b5b-45df-ab57-276899df5e6e,,4ab9b6f4-1b9e-4823-bbb0-898a421fadc3,Sanket,true,monthly,,,,,,,
32f4576d-f10d-452f-95bd-1e41725b1e5c,23512eca-34b3-4018-b30b-39b26f174589,aaacc3a2-e67a-4acc-a6f0-6d62260466df,,35bf7883-f6ba-440d-9d6a-245cd0c9113a,Tushar,true,yearly,,,,,,,tax return
444d134e-dbca-4771-8291-dd711a8555a5,206f3d2e-cdcc-4949-a3e1-56c1aedffa71,aaacc3a2-e67a-4acc-a6f0-6d62260466df,,35bf7883-f6ba-440d-9d6a-245cd0c9113a,Tushar,true,yearly,,,,,,,tax return
f6272bc0-f49c-4fe7-b01f-01422fb7b764,b7d51e4d-4288-4413-a455-649d9e4d1f06,aaacc3a2-e67a-4acc-a6f0-6d62260466df,,35bf7883-f6ba-440d-9d6a-245cd0c9113a,Tushar,true,yearly,,,,,,,tax return
c6344f4c-c1bc-4672-a722-8db81deec581,32bdfdc3-bb7e-41a1-b8ce-f8785f3c863c,aaacc3a2-e67a-4acc-a6f0-6d62260466df,,35bf7883-f6ba-440d-9d6a-245cd0c9113a,Tushar,true,yearly,,,,,,,tax return
3d7561ee-8212-4ca5-9609-997277d8c7bd,e2cec0da-cc2b-46a4-a603-4f49b36bdb00,aaacc3a2-e67a-4acc-a6f0-6d62260466df,,35bf7883-f6ba-440d-9d6a-245cd0c9113a,Tushar,true,yearly,,,,,,,tax return
6a77cd05-08b8-4a15-ae99-38f6f1c198eb,6e159a5e-3444-4f12-bb7f-1dac00fe2780,aaacc3a2-e67a-4acc-a6f0-6d62260466df,,35bf7883-f6ba-440d-9d6a-245cd0c9113a,Tushar,true,yearly,,,,,,,tax return
745dfae7-8120-4081-a282-615f7bd5b1a5,aef10a1d-6350-4ff5-b558-e2e9751b4f47,aaacc3a2-e67a-4acc-a6f0-6d62260466df,,35bf7883-f6ba-440d-9d6a-245cd0c9113a,Tushar,true,yearly,,,,,,,tax return
0f0b936e-eb1f-4437-8313-81041c4dfba6,fe2a4708-fb6f-4a48-b78d-acb10b9a0cc9,aaacc3a2-e67a-4acc-a6f0-6d62260466df,,60e3c2e6-a2e5-4340-8d2c-b58ce02ab04d,Sam,true,yearly,,,,,,,tax return
57f9c9f7-fc73-4171-a015-d86e4bd81e61,fe2a4708-fb6f-4a48-b78d-acb10b9a0cc9,8356fec1-1b5b-45df-ab57-276899df5e6e,,60e3c2e6-a2e5-4340-8d2c-b58ce02ab04d,Sam,true,monthly,,,,,,,
64d04db1-2686-47b9-b47a-695121853217,1094d722-b9ae-47c7-b3ea-bd063e419238,aaacc3a2-e67a-4acc-a6f0-6d62260466df,,35bf7883-f6ba-440d-9d6a-245cd0c9113a,Tushar,true,yearly,,,,,,,tax return
784a38c1-0c8e-4345-b722-1caed53ba3d1,3025dbdf-62de-45ab-8a76-177940e439bd,aaacc3a2-e67a-4acc-a6f0-6d62260466df,,60e3c2e6-a2e5-4340-8d2c-b58ce02ab04d,Sam,true,yearly,,,,,,,tax return
b151386d-adc5-48d7-ba09-79bdf439e67d,3025dbdf-62de-45ab-8a76-177940e439bd,8356fec1-1b5b-45df-ab57-276899df5e6e,,60e3c2e6-a2e5-4340-8d2c-b58ce02ab04d,Sam,true,yearly,,,,,,,
a5874cba-898d-418f-a277-426cdc096b05,558d0c02-99fb-428d-935a-42e831483ef8,aaacc3a2-e67a-4acc-a6f0-6d62260466df,,35bf7883-f6ba-440d-9d6a-245cd0c9113a,Tushar,true,yearly,,,,,,,tax return
f3c18386-8e50-49f6-bbbf-48bc9044a6c9,b96f96a7-b083-4571-85f5-903737760e69,aaacc3a2-e67a-4acc-a6f0-6d62260466df,,35bf7883-f6ba-440d-9d6a-245cd0c9113a,Tushar,true,yearly,,,,,,,tax return
df74a2ff-6c27-4d90-b6ec-ada161d4e9f6,105a0a49-3dd8-4983-b391-fa6fffc7fa75,aaacc3a2-e67a-4acc-a6f0-6d62260466df,,35bf7883-f6ba-440d-9d6a-245cd0c9113a,Tushar,true,yearly,,,,,,,tax return
9a61913d-bc96-4756-87ab-ba219982dd4a,ba23b949-cea6-485b-9194-20311d25dbe3,aaacc3a2-e67a-4acc-a6f0-6d62260466df,,35bf7883-f6ba-440d-9d6a-245cd0c9113a,Tushar,true,yearly,,,,,,,tax return
1c4d7d17-450d-4280-95a0-32e1477f8503,4ad7b087-fbc3-46f1-b320-3d60abacf7c6,aaacc3a2-e67a-4acc-a6f0-6d62260466df,,4ab9b6f4-1b9e-4823-bbb0-898a421fadc3,Sanket,true,yearly,,,,,,,tax return
d6ba68fb-19a9-4ed6-ab81-3a21e69236cd,4ad7b087-fbc3-46f1-b320-3d60abacf7c6,8356fec1-1b5b-45df-ab57-276899df5e6e,,4ab9b6f4-1b9e-4823-bbb0-898a421fadc3,Sanket,true,monthly,,,,,,,
49e4df88-6a5a-4a97-a93d-85e10d2d8182,e6789de1-d92a-4764-a31d-4c02c93488bb,aaacc3a2-e67a-4acc-a6f0-6d62260466df,,35bf7883-f6ba-440d-9d6a-245cd0c9113a,Tushar,true,yearly,,,,,,,tax return
c5a2e0e8-104a-4683-884c-d2bea0b4a17e,f79aac68-7fe8-4be2-bffb-838936134956,aaacc3a2-e67a-4acc-a6f0-6d62260466df,,35bf7883-f6ba-440d-9d6a-245cd0c9113a,Tushar,true,yearly,,,,,,,tax return
52d3e241-8d25-4dce-b4af-4645ee7a341a,605b76d7-5d68-4f5d-ab4e-d09e92e4feaf,aaacc3a2-e67a-4acc-a6f0-6d62260466df,,35bf7883-f6ba-440d-9d6a-245cd0c9113a,Tushar,true,yearly,,,,,,,tax return
a8be28d7-c7a7-4b6e-91ef-7df4e526ad36,5467b67e-e526-483b-87fb-56af440670a4,aaacc3a2-e67a-4acc-a6f0-6d62260466df,,35bf7883-f6ba-440d-9d6a-245cd0c9113a,Tushar,true,yearly,,,,,,,tax return
3387fd31-23ef-49cf-bf27-2e783d3928f1,11f9fb29-f6e0-4f18-9da6-91c8246d00dd,aaacc3a2-e67a-4acc-a6f0-6d62260466df,,e96697dc-439a-4ee7-b793-c539c25bfe47,Amruta,true,yearly,,,,,,,tax return
a88636cd-6403-4830-9d89-a16993c5a92b,11f9fb29-f6e0-4f18-9da6-91c8246d00dd,8356fec1-1b5b-45df-ab57-276899df5e6e,,e96697dc-439a-4ee7-b793-c539c25bfe47,Amruta,true,monthly,,,,,,,
eeb9af25-af6a-4dac-a71f-5b6ba3625b3c,e91c7529-2a72-4bac-a5aa-bea7347d8896,aaacc3a2-e67a-4acc-a6f0-6d62260466df,,35bf7883-f6ba-440d-9d6a-245cd0c9113a,Tushar,true,yearly,,,,,,,tax return
43afd1a6-96dc-4ed9-a3b4-d77e25f3765f,c5de06dc-34e9-40e6-bc8f-f404a779cb88,aaacc3a2-e67a-4acc-a6f0-6d62260466df,,35bf7883-f6ba-440d-9d6a-245cd0c9113a,Tushar,true,yearly,,,,,,,tax return
f932bc44-00f1-44f6-812d-2c63c214070c,2d7a2182-16b2-4ef3-84ae-085708e8f2af,aaacc3a2-e67a-4acc-a6f0-6d62260466df,,60e3c2e6-a2e5-4340-8d2c-b58ce02ab04d,Sam,true,yearly,,,,,,,tax return
cba9300e-70ef-49eb-b633-8310ee1e44a9,2d7a2182-16b2-4ef3-84ae-085708e8f2af,8356fec1-1b5b-45df-ab57-276899df5e6e,,60e3c2e6-a2e5-4340-8d2c-b58ce02ab04d,Sam,true,monthly,,,,,,,
304950a2-ea1c-49dd-80cb-2497e828033e,c19fec46-de7d-4bba-a223-4113ef883498,aaacc3a2-e67a-4acc-a6f0-6d62260466df,,35bf7883-f6ba-440d-9d6a-245cd0c9113a,Tushar,true,yearly,,,,,,,tax return
ef37793a-087b-4e6c-820a-538409ae8476,b82cbed0-4c1b-40e5-bb4b-b8c0d0d055b6,aaacc3a2-e67a-4acc-a6f0-6d62260466df,,35bf7883-f6ba-440d-9d6a-245cd0c9113a,Tushar,true,yearly,,,,,,,tax return
3e0cff76-ff6f-41b4-bc6c-0e71b7f423b7,2f1dc3d6-77ce-43b2-8262-5575ad7635a9,aaacc3a2-e67a-4acc-a6f0-6d62260466df,,35bf7883-f6ba-440d-9d6a-245cd0c9113a,Tushar,true,yearly,,,,,,,tax return
b26c4a9d-c7f7-46b3-998c-96dc9663d8d1,809aa395-aacb-40fb-92b0-0376defaf2da,aaacc3a2-e67a-4acc-a6f0-6d62260466df,,35bf7883-f6ba-440d-9d6a-245cd0c9113a,Tushar,true,yearly,,,,,,,tax return
42aeff4f-a0d1-4f81-bdbb-3ce36e942235,20c862ac-33b8-4860-bb54-0e7c6f89da5c,aaacc3a2-e67a-4acc-a6f0-6d62260466df,,60e3c2e6-a2e5-4340-8d2c-b58ce02ab04d,Sam,true,yearly,,,,,,,tax return
5b0fbaa8-1392-43ea-844e-95f9b367f924,20c862ac-33b8-4860-bb54-0e7c6f89da5c,8356fec1-1b5b-45df-ab57-276899df5e6e,,60e3c2e6-a2e5-4340-8d2c-b58ce02ab04d,Sam,true,monthly,,,,,,,
dbed8a21-d633-49eb-bf8b-8af10e7e558e,a61d1bc5-29da-4c3f-831d-1666bbcebc07,aaacc3a2-e67a-4acc-a6f0-6d62260466df,,35bf7883-f6ba-440d-9d6a-245cd0c9113a,Tushar,true,yearly,,,,,,,tax return
c7348393-2dc1-4d23-ab47-eecfb309e06e,c30208d3-6c18-41e6-bd0a-514b21d85872,aaacc3a2-e67a-4acc-a6f0-6d62260466df,,35bf7883-f6ba-440d-9d6a-245cd0c9113a,Tushar,true,yearly,,,,,,,tax return
07b6a0c0-d648-405f-9c13-b8d8f7958315,d8457736-45fc-4767-825e-50e5c6649768,aaacc3a2-e67a-4acc-a6f0-6d62260466df,,e96697dc-439a-4ee7-b793-c539c25bfe47,Amruta,true,yearly,,,,,,,tax return
577ee6af-0031-4311-84c2-8ac96f8075cc,d8457736-45fc-4767-825e-50e5c6649768,8356fec1-1b5b-45df-ab57-276899df5e6e,,e96697dc-439a-4ee7-b793-c539c25bfe47,Amruta,true,monthly,,,,,,,
17a165e1-eb3d-486e-a646-d8958c48be90,91a3b857-9007-4aa4-90eb-30737acedd67,aaacc3a2-e67a-4acc-a6f0-6d62260466df,,35bf7883-f6ba-440d-9d6a-245cd0c9113a,Tushar,true,yearly,,,,,,,tax return
2336cc17-cfff-4ce9-85cc-21487746a932,ce925eb6-d420-4edf-9084-d0973cf1f651,aaacc3a2-e67a-4acc-a6f0-6d62260466df,,35bf7883-f6ba-440d-9d6a-245cd0c9113a,Tushar,true,yearly,,,,,,,tax return
abd595cf-e742-4f92-b519-f556895feb78,b1a971fb-9f87-4db9-9a86-d1b083529e83,aaacc3a2-e67a-4acc-a6f0-6d62260466df,,35bf7883-f6ba-440d-9d6a-245cd0c9113a,Tushar,true,yearly,,,,,,,tax return
c1ba8731-e393-4f0e-a013-f4ad082b2a46,724d3080-ecbc-418c-ba2a-aad14c1883cb,aaacc3a2-e67a-4acc-a6f0-6d62260466df,,60e3c2e6-a2e5-4340-8d2c-b58ce02ab04d,Sam,true,yearly,,,,,,,tax return
689a1aeb-1b50-465e-b537-13e5a89ef045,724d3080-ecbc-418c-ba2a-aad14c1883cb,8356fec1-1b5b-45df-ab57-276899df5e6e,,60e3c2e6-a2e5-4340-8d2c-b58ce02ab04d,Sam,true,monthly,,,,,,,
3e630f8e-6073-487e-a1f8-9c236afed931,243c64fe-7cd4-490d-b86d-a7b5617d589a,aaacc3a2-e67a-4acc-a6f0-6d62260466df,,60e3c2e6-a2e5-4340-8d2c-b58ce02ab04d,Sam,true,yearly,,,,,,,tax return
c1d4e498-af4f-480c-83f9-4936c50a6e6d,243c64fe-7cd4-490d-b86d-a7b5617d589a,8356fec1-1b5b-45df-ab57-276899df5e6e,,60e3c2e6-a2e5-4340-8d2c-b58ce02ab04d,Sam,true,monthly,,,,,,,
cdd32803-890d-4b56-9917-2a182b20e668,73286a94-3e03-4aa7-9a6f-fba96ca03160,aaacc3a2-e67a-4acc-a6f0-6d62260466df,,35bf7883-f6ba-440d-9d6a-245cd0c9113a,Tushar,true,yearly,,,,,,,tax return
3b6fe6a2-be17-428a-807c-eecbf67fde49,350fdd6e-e9c7-4d6c-9b01-5aede7b0b0c3,aaacc3a2-e67a-4acc-a6f0-6d62260466df,,35bf7883-f6ba-440d-9d6a-245cd0c9113a,Tushar,true,yearly,,,,,,,tax return
f74e6a4c-054d-4dad-8b61-8f21a2616f89,f5026ac2-eaa3-433a-a72e-90ef62a88556,aaacc3a2-e67a-4acc-a6f0-6d62260466df,,35bf7883-f6ba-440d-9d6a-245cd0c9113a,Tushar,true,yearly,,,,,,,tax return
3405b867-12b6-4519-b4ed-69522aefe6fd,ad84436b-7fcf-443b-89f2-2aec536708c1,aaacc3a2-e67a-4acc-a6f0-6d62260466df,,35bf7883-f6ba-440d-9d6a-245cd0c9113a,Tushar,true,yearly,,,,,,,tax return
5ba6b5d6-7ee3-4496-9599-6f8ab2fb543a,4b8718d1-71cc-4323-8f2e-2e4d86f8b8cd,aaacc3a2-e67a-4acc-a6f0-6d62260466df,,35bf7883-f6ba-440d-9d6a-245cd0c9113a,Tushar,true,yearly,,,,,,,tax return
296e141a-382a-4176-9186-95af8d3ba1e6,96355690-1f7c-497f-b7a7-e41dedd0c49f,aaacc3a2-e67a-4acc-a6f0-6d62260466df,,e96697dc-439a-4ee7-b793-c539c25bfe47,Amruta,true,yearly,,,,,,,tax return
5fa0c5fa-4167-4676-adb7-a9a1ebd55421,96355690-1f7c-497f-b7a7-e41dedd0c49f,8356fec1-1b5b-45df-ab57-276899df5e6e,,e96697dc-439a-4ee7-b793-c539c25bfe47,Amruta,true,monthly,,,,,,,
cca2a573-8a77-4a54-af5c-2e72300f881f,2aefbee3-9209-43ac-b611-9ace846ab47e,aaacc3a2-e67a-4acc-a6f0-6d62260466df,,35bf7883-f6ba-440d-9d6a-245cd0c9113a,Tushar,true,yearly,,,,,,,tax return
5c066d7e-8b18-48ea-afc5-b0d80d3f1045,79f6d0a3-1932-48e4-894c-e1296c9a0e02,aaacc3a2-e67a-4acc-a6f0-6d62260466df,,35bf7883-f6ba-440d-9d6a-245cd0c9113a,Tushar,true,yearly,,,,,,,tax return
d4278588-b941-438b-822e-92f7618d782a,18f33030-7dc0-4265-9c13-0208d4449fb5,aaacc3a2-e67a-4acc-a6f0-6d62260466df,,35bf7883-f6ba-440d-9d6a-245cd0c9113a,Tushar,true,yearly,,,,,,,tax return
e253ec16-c493-4790-bb55-bbbd30d0cd96,910e8319-27ff-4ad8-af6a-a02a2efd1256,aaacc3a2-e67a-4acc-a6f0-6d62260466df,,35bf7883-f6ba-440d-9d6a-245cd0c9113a,Tushar,true,yearly,,,,,,,tax return
5f114074-c920-42fb-94b7-f5772a41ec8f,0bf57390-18ae-492a-a4e8-2c3c03b30478,aaacc3a2-e67a-4acc-a6f0-6d62260466df,,e96697dc-439a-4ee7-b793-c539c25bfe47,Amruta,true,yearly,,,,,,,tax return
b4f19a50-9a72-44e2-a5b4-5893ce71a247,0bf57390-18ae-492a-a4e8-2c3c03b30478,8356fec1-1b5b-45df-ab57-276899df5e6e,,e96697dc-439a-4ee7-b793-c539c25bfe47,Amruta,true,monthly,,,,,,,
b862a9bc-1297-48fa-85e0-7c58eb19e2c8,b8a86713-f0a6-4ecd-83ca-cbee78d2796b,aaacc3a2-e67a-4acc-a6f0-6d62260466df,,60e3c2e6-a2e5-4340-8d2c-b58ce02ab04d,Sam,true,yearly,,,,,,,tax return
cb9a2463-f478-4f5a-abea-4829b2248c12,b8a86713-f0a6-4ecd-83ca-cbee78d2796b,8356fec1-1b5b-45df-ab57-276899df5e6e,,60e3c2e6-a2e5-4340-8d2c-b58ce02ab04d,Sam,true,yearly,,,,,,,
a40bf7ce-974e-4329-a358-2617983172fb,44796ddf-8dc5-48d8-ab1d-c2f18712da13,aaacc3a2-e67a-4acc-a6f0-6d62260466df,,4ab9b6f4-1b9e-4823-bbb0-898a421fadc3,Sanket,true,yearly,,,,,,,tax return
66cc1cda-e8b2-43dd-a6e5-242bc4aaa594,44796ddf-8dc5-48d8-ab1d-c2f18712da13,8356fec1-1b5b-45df-ab57-276899df5e6e,,4ab9b6f4-1b9e-4823-bbb0-898a421fadc3,Sanket,true,monthly,,,,,,,
3ab61328-961e-4127-8783-cafd91829ca5,5a725f28-0375-4e2f-8c8d-c31949e87512,aaacc3a2-e67a-4acc-a6f0-6d62260466df,,35bf7883-f6ba-440d-9d6a-245cd0c9113a,Tushar,true,yearly,,,,,,,tax return
0bb67477-fdcd-4972-954c-ed605f4b2713,902d7556-c93b-4d7a-b1be-5bf1c0e90e41,aaacc3a2-e67a-4acc-a6f0-6d62260466df,,35bf7883-f6ba-440d-9d6a-245cd0c9113a,Tushar,true,yearly,,,,,,,tax return
a38da2e5-7a8d-4751-97b5-c221cc3d9871,bad3127d-b1ad-41a3-bfa6-28410d20d507,aaacc3a2-e67a-4acc-a6f0-6d62260466df,,35bf7883-f6ba-440d-9d6a-245cd0c9113a,Tushar,true,yearly,,,,,,,tax return
32941215-35e0-40b8-bfe0-3b4e3e4a509e,0b2f8aa2-9dd2-41b1-b066-2488b8b49b2c,aaacc3a2-e67a-4acc-a6f0-6d62260466df,,35bf7883-f6ba-440d-9d6a-245cd0c9113a,Tushar,true,yearly,,,,,,,tax return
5abcd3cb-783b-46fa-a852-adf271048ad6,25a4cdbc-252a-4efa-b712-2d52516fe7e1,aaacc3a2-e67a-4acc-a6f0-6d62260466df,,e96697dc-439a-4ee7-b793-c539c25bfe47,Amruta,true,yearly,,,,,,,tax return
4960a478-cacc-4bd5-a6b4-aa17710dae41,25a4cdbc-252a-4efa-b712-2d52516fe7e1,8356fec1-1b5b-45df-ab57-276899df5e6e,,e96697dc-439a-4ee7-b793-c539c25bfe47,Amruta,true,monthly,,,,,,,
865b8bce-1a7d-4b3b-8cdd-430a557427f5,68b9eda2-110d-4f48-a4c8-2df914a1929b,aaacc3a2-e67a-4acc-a6f0-6d62260466df,,35bf7883-f6ba-440d-9d6a-245cd0c9113a,Tushar,true,yearly,,,,,,,tax return
63915e48-08b8-4e16-9ffd-e7598fba58bf,e52eef34-9f92-4dee-abaa-8b8a66184c3a,aaacc3a2-e67a-4acc-a6f0-6d62260466df,,35bf7883-f6ba-440d-9d6a-245cd0c9113a,Tushar,true,yearly,,,,,,,tax return
5cc5f714-edd8-4762-9e04-3c31d3e5da6b,259ac91d-68d7-4db8-bd47-bdfbc50340d9,aaacc3a2-e67a-4acc-a6f0-6d62260466df,,60e3c2e6-a2e5-4340-8d2c-b58ce02ab04d,Sam,true,yearly,,,,,,,tax return
12e76759-abc7-4681-90c5-930c04f77881,259ac91d-68d7-4db8-bd47-bdfbc50340d9,8356fec1-1b5b-45df-ab57-276899df5e6e,,60e3c2e6-a2e5-4340-8d2c-b58ce02ab04d,Sam,true,yearly,,,,,,,
659f44fb-e65a-4853-9ef9-f6c6a1b240d7,f010e3c6-2dec-4a83-a07f-00dcc53211c8,aaacc3a2-e67a-4acc-a6f0-6d62260466df,,35bf7883-f6ba-440d-9d6a-245cd0c9113a,Tushar,true,yearly,,,,,,,tax return
96e3a6e0-6a81-4422-ad85-dcb93c23c43e,12765484-c675-4f11-b701-60f2b95297b5,aaacc3a2-e67a-4acc-a6f0-6d62260466df,,35bf7883-f6ba-440d-9d6a-245cd0c9113a,Tushar,true,yearly,,,,,,,tax return
7cdd7f49-5d95-4fc4-82cc-c4acba313464,c571fe6e-c288-49ab-9d20-241247c36be9,aaacc3a2-e67a-4acc-a6f0-6d62260466df,,35bf7883-f6ba-440d-9d6a-245cd0c9113a,Tushar,true,yearly,,,,,,,tax return
8dc88d2a-243a-4395-be05-0faf0e653c7c,77e91b6c-1108-4bfa-ab31-2107baced231,aaacc3a2-e67a-4acc-a6f0-6d62260466df,,35bf7883-f6ba-440d-9d6a-245cd0c9113a,Tushar,true,yearly,,,,,,,tax return
7cc1d13f-840b-4b25-b05d-a70e26a1ea19,b07e1c99-c752-438f-9a43-cd589f9026eb,aaacc3a2-e67a-4acc-a6f0-6d62260466df,,60e3c2e6-a2e5-4340-8d2c-b58ce02ab04d,Sam,true,yearly,,,,,,,tax return
523da988-cca8-4cf7-8506-1052f765fb93,b07e1c99-c752-438f-9a43-cd589f9026eb,8356fec1-1b5b-45df-ab57-276899df5e6e,,60e3c2e6-a2e5-4340-8d2c-b58ce02ab04d,Sam,true,yearly,,,,,,,
fbd06e9e-70f4-4f73-8129-44993b1c4074,87bc279b-9fca-48f0-a6da-c3dc686ef7c8,aaacc3a2-e67a-4acc-a6f0-6d62260466df,,35bf7883-f6ba-440d-9d6a-245cd0c9113a,Tushar,true,yearly,,,,,,,tax return
ee45d2a8-fef4-439e-af51-46101374b797,94af6c0d-3e8f-45e3-81e7-f1ebb2572440,aaacc3a2-e67a-4acc-a6f0-6d62260466df,,35bf7883-f6ba-440d-9d6a-245cd0c9113a,Tushar,true,yearly,,,,,,,tax return
00a575d1-eb18-4cf8-a3fb-fe847206128d,2d8f1804-58f4-4944-ad3b-529f6883217d,aaacc3a2-e67a-4acc-a6f0-6d62260466df,,35bf7883-f6ba-440d-9d6a-245cd0c9113a,Tushar,true,yearly,,,,,,,tax return
7e100612-94e9-4b64-8c5a-fcf54b99c513,db7af049-557c-4195-b9d2-dab7731bd094,aaacc3a2-e67a-4acc-a6f0-6d62260466df,,35bf7883-f6ba-440d-9d6a-245cd0c9113a,Tushar,true,yearly,,,,,,,tax return
f16eb43b-c593-4c2e-91d3-86fd9e5c530a,24d7dc66-988d-4dc8-bf1d-083c7deb6e2f,aaacc3a2-e67a-4acc-a6f0-6d62260466df,,35bf7883-f6ba-440d-9d6a-245cd0c9113a,Tushar,true,yearly,,,,,,,tax return
07c43ad7-6c5c-4ec3-978b-2aa0accd83d9,50ce7556-3fce-4f1a-862c-2008717ed2a7,aaacc3a2-e67a-4acc-a6f0-6d62260466df,,35bf7883-f6ba-440d-9d6a-245cd0c9113a,Tushar,true,yearly,,,,,,,tax return
856daeca-a0c0-4b40-880d-858602f5f48f,4e5f33bd-413d-4de4-a4fb-7e7e3c5ffd30,aaacc3a2-e67a-4acc-a6f0-6d62260466df,,35bf7883-f6ba-440d-9d6a-245cd0c9113a,Tushar,true,yearly,,,,,,,tax return
ed116976-0baf-4762-be30-56136617a88e,8b81692f-c641-4101-a4d4-7555f92533b5,aaacc3a2-e67a-4acc-a6f0-6d62260466df,,35bf7883-f6ba-440d-9d6a-245cd0c9113a,Tushar,true,yearly,,,,,,,tax return
27fe70aa-7c57-4742-a9b3-1332ee6b9b27,f25cd346-9cd1-40fe-b055-4c6da0402e4f,aaacc3a2-e67a-4acc-a6f0-6d62260466df,,35bf7883-f6ba-440d-9d6a-245cd0c9113a,Tushar,true,yearly,,,,,,,tax return
389f2079-66eb-4191-98b3-07434ac36e98,a3008d7e-21c0-401b-a189-3eeade53680b,aaacc3a2-e67a-4acc-a6f0-6d62260466df,,35bf7883-f6ba-440d-9d6a-245cd0c9113a,Tushar,true,yearly,,,,,,,tax return
6f47658f-5943-4e23-8554-33ed2bc195ec,68fd69d7-91e8-4210-8b73-b55a8494c3d0,aaacc3a2-e67a-4acc-a6f0-6d62260466df,,60e3c2e6-a2e5-4340-8d2c-b58ce02ab04d,Sam,true,yearly,,,,,,,tax return
ed78fca8-3fd9-4361-b799-3fcb125b095b,68fd69d7-91e8-4210-8b73-b55a8494c3d0,8356fec1-1b5b-45df-ab57-276899df5e6e,,60e3c2e6-a2e5-4340-8d2c-b58ce02ab04d,Sam,true,yearly,,,,,,,
6cfec78b-8733-4a86-9389-d5f0a69f0358,40c30eb1-4171-4fc7-bbb1-70b44adc99b9,aaacc3a2-e67a-4acc-a6f0-6d62260466df,,e96697dc-439a-4ee7-b793-c539c25bfe47,Amruta,true,yearly,,,,,,,tax return
eaa12dee-96cb-437d-8291-71186761e5c4,40c30eb1-4171-4fc7-bbb1-70b44adc99b9,8356fec1-1b5b-45df-ab57-276899df5e6e,,e96697dc-439a-4ee7-b793-c539c25bfe47,Amruta,true,monthly,,,,,,,
ab7f61b9-cd29-4345-9dcd-87431d067c0d,c99a23e9-e205-4633-a83e-6b498b4dc30a,aaacc3a2-e67a-4acc-a6f0-6d62260466df,,60e3c2e6-a2e5-4340-8d2c-b58ce02ab04d,Sam,true,yearly,,,,,,,tax return
350fcbe1-465c-4b54-9453-a7442a2937fd,c99a23e9-e205-4633-a83e-6b498b4dc30a,8356fec1-1b5b-45df-ab57-276899df5e6e,,60e3c2e6-a2e5-4340-8d2c-b58ce02ab04d,Sam,true,monthly,,,,,,,
f89f683f-f456-4c04-bd76-8169b60b9bed,94333356-f334-4eed-af17-2bf06ee0147c,aaacc3a2-e67a-4acc-a6f0-6d62260466df,,35bf7883-f6ba-440d-9d6a-245cd0c9113a,Tushar,true,yearly,,,,,,,tax return
844fa4b2-a82e-49cb-87d3-b0b5aa5ea63f,31e51865-04f1-473e-99aa-b6fcc5ff2c7c,aaacc3a2-e67a-4acc-a6f0-6d62260466df,,35bf7883-f6ba-440d-9d6a-245cd0c9113a,Tushar,true,yearly,,,,,,,tax return
55d7948a-f8a1-4095-87fc-66973173b7c8,32527a37-d096-4c93-8c2f-5f6597ee512c,aaacc3a2-e67a-4acc-a6f0-6d62260466df,,35bf7883-f6ba-440d-9d6a-245cd0c9113a,Tushar,true,yearly,,,,,,,tax return
81f0c85d-e957-45c1-a965-bb6312a3df48,f0f23e0b-fb7c-416f-8015-898e2feea78c,aaacc3a2-e67a-4acc-a6f0-6d62260466df,,35bf7883-f6ba-440d-9d6a-245cd0c9113a,Tushar,true,yearly,,,,,,,tax return
9300b7d2-3e0c-41d4-9cdb-77d21c23cb0d,c926eb80-c3ee-4a91-94d6-eede0b63bafa,aaacc3a2-e67a-4acc-a6f0-6d62260466df,,60e3c2e6-a2e5-4340-8d2c-b58ce02ab04d,Sam,true,yearly,,,,,,,tax return
8c04f0fa-9856-4652-8ff2-992531ee32ca,c926eb80-c3ee-4a91-94d6-eede0b63bafa,8356fec1-1b5b-45df-ab57-276899df5e6e,,60e3c2e6-a2e5-4340-8d2c-b58ce02ab04d,Sam,true,monthly,,,,,,,
47187319-8a4d-40c6-9d29-c79428d74e12,d6e29813-338b-4085-b156-7f3d23d59318,aaacc3a2-e67a-4acc-a6f0-6d62260466df,,35bf7883-f6ba-440d-9d6a-245cd0c9113a,Tushar,true,yearly,,,,,,,tax return
15ea96af-6c57-4249-b74a-0d7de2c1b102,cd1fabc5-f666-492c-93d4-f909cac920dd,aaacc3a2-e67a-4acc-a6f0-6d62260466df,,35bf7883-f6ba-440d-9d6a-245cd0c9113a,Tushar,true,yearly,,,,,,,tax return
30512b11-398f-41e9-8873-418fa88521b2,c3a86ec5-e103-41e1-9637-b9acdf89e530,aaacc3a2-e67a-4acc-a6f0-6d62260466df,,35bf7883-f6ba-440d-9d6a-245cd0c9113a,Tushar,true,yearly,,,,,,,tax return
8beec82c-039a-4c18-833a-c914f6ff1d3e,1227bff1-efd9-4623-8c2f-b0a33a59bf10,aaacc3a2-e67a-4acc-a6f0-6d62260466df,,35bf7883-f6ba-440d-9d6a-245cd0c9113a,Tushar,true,yearly,,,,,,,tax return
86123f09-3e90-453f-81f9-ea6cdee48f03,9525fcaf-5eea-4fcf-b7fc-d73bb9daa124,aaacc3a2-e67a-4acc-a6f0-6d62260466df,,35bf7883-f6ba-440d-9d6a-245cd0c9113a,Tushar,true,yearly,,,,,,,tax return
1db2eb1d-2609-431e-b1ac-52e4fd60d136,48536b41-f64b-4b3f-8b90-e20bece883c1,aaacc3a2-e67a-4acc-a6f0-6d62260466df,,35bf7883-f6ba-440d-9d6a-245cd0c9113a,Tushar,true,yearly,,,,,,,tax return
e993fd8c-7fce-4dc3-b66f-6c783b0eaea2,4b8a66ef-936f-4c1a-9598-1afe5bf78356,aaacc3a2-e67a-4acc-a6f0-6d62260466df,,35bf7883-f6ba-440d-9d6a-245cd0c9113a,Tushar,true,yearly,,,,,,,tax return
f526f76a-bbcb-40a0-8d5b-36af45b5c918,331baef9-97bb-4e26-9c50-12ab409ee52d,aaacc3a2-e67a-4acc-a6f0-6d62260466df,,35bf7883-f6ba-440d-9d6a-245cd0c9113a,Tushar,true,yearly,,,,,,,tax return
229fc040-d995-4e59-a459-9039e3690c5b,bd04f835-ce52-4f23-a95c-27d93387f88d,aaacc3a2-e67a-4acc-a6f0-6d62260466df,,35bf7883-f6ba-440d-9d6a-245cd0c9113a,Tushar,true,yearly,,,,,,,tax return
e6f95092-1093-4a59-bd46-19db04f29a24,61fb4b6a-e84c-458d-8f91-59955a44117f,aaacc3a2-e67a-4acc-a6f0-6d62260466df,,35bf7883-f6ba-440d-9d6a-245cd0c9113a,Tushar,true,yearly,,,,,,,tax return
3440f000-ae3f-4b02-bcdd-fb71c5dd722b,3451022a-d38f-404c-86e7-d92f8a74a8a7,aaacc3a2-e67a-4acc-a6f0-6d62260466df,,60e3c2e6-a2e5-4340-8d2c-b58ce02ab04d,Sam,true,yearly,,,,,,,tax return
1b89c1ce-b066-440d-9e2a-e2a40ded7f41,3451022a-d38f-404c-86e7-d92f8a74a8a7,8356fec1-1b5b-45df-ab57-276899df5e6e,,60e3c2e6-a2e5-4340-8d2c-b58ce02ab04d,Sam,true,monthly,,,,,,,
4ba877e7-5e82-48f5-be86-fe1f414cac06,2d0c72b0-5726-4815-965c-337d2eeae8d3,aaacc3a2-e67a-4acc-a6f0-6d62260466df,,60e3c2e6-a2e5-4340-8d2c-b58ce02ab04d,Sam,true,yearly,,,,,,,tax return
2861492d-9c44-4622-bc25-2000e0896178,2d0c72b0-5726-4815-965c-337d2eeae8d3,8356fec1-1b5b-45df-ab57-276899df5e6e,,60e3c2e6-a2e5-4340-8d2c-b58ce02ab04d,Sam,true,monthly,,,,,,,
28bd4af9-300a-49b1-baa0-8c653125dcea,1b4622c7-9cf7-4dbf-82eb-65817753e2fe,aaacc3a2-e67a-4acc-a6f0-6d62260466df,,35bf7883-f6ba-440d-9d6a-245cd0c9113a,Tushar,true,yearly,,,,,,,tax return
1527f411-6397-4746-b946-07b7f84a203c,2709df46-6d18-4b05-b921-86ae44461168,aaacc3a2-e67a-4acc-a6f0-6d62260466df,,35bf7883-f6ba-440d-9d6a-245cd0c9113a,Tushar,true,yearly,,,,,,,tax return
ffeb844c-7c45-44cb-a4ef-f83d61a425e4,299fc247-0dba-4a49-aced-36b3b265695e,aaacc3a2-e67a-4acc-a6f0-6d62260466df,,35bf7883-f6ba-440d-9d6a-245cd0c9113a,Tushar,true,yearly,,,,,,,tax return
5d80a312-cb30-4dab-9237-a644d0fbde51,654bd123-4ecd-4b62-9901-dff56071ca04,aaacc3a2-e67a-4acc-a6f0-6d62260466df,,35bf7883-f6ba-440d-9d6a-245cd0c9113a,Tushar,true,yearly,,,,,,,tax return
44722bd4-40d6-44ba-8c11-de46563615cd,9597e836-3353-434c-a929-22a729af711c,aaacc3a2-e67a-4acc-a6f0-6d62260466df,,35bf7883-f6ba-440d-9d6a-245cd0c9113a,Tushar,true,yearly,,,,,,,tax return
2281bd35-e150-4de7-8ba5-54958c3bb9f9,4ad20b7a-7ca3-4348-a0d4-2e5a905b1f39,aaacc3a2-e67a-4acc-a6f0-6d62260466df,,35bf7883-f6ba-440d-9d6a-245cd0c9113a,Tushar,true,yearly,,,,,,,tax return
60fd91fc-d434-4d3b-95ce-fd0ba31b3971,991dbdd7-bc1a-42e5-b54d-ba4d4839cf70,aaacc3a2-e67a-4acc-a6f0-6d62260466df,,35bf7883-f6ba-440d-9d6a-245cd0c9113a,Tushar,true,yearly,,,,,,,tax return
4b520afc-de8f-445e-80b5-f982839b1d18,2ca96f62-8824-4bbd-ab1d-45c8507aa9f2,aaacc3a2-e67a-4acc-a6f0-6d62260466df,,35bf7883-f6ba-440d-9d6a-245cd0c9113a,Tushar,true,yearly,,,,,,,tax return
89762f08-6ff6-414c-af05-f544eba2e04c,e975b8d6-0319-4400-88f5-04108ca72cd5,aaacc3a2-e67a-4acc-a6f0-6d62260466df,,e96697dc-439a-4ee7-b793-c539c25bfe47,Amruta,true,yearly,,,,,,,tax return
a14cd930-ed0f-4ec3-b3ae-6f645966e3ca,e975b8d6-0319-4400-88f5-04108ca72cd5,8356fec1-1b5b-45df-ab57-276899df5e6e,,e96697dc-439a-4ee7-b793-c539c25bfe47,Amruta,true,monthly,,,,,,,
0759b63a-273f-4393-bda1-25fbbe73a89a,0fa06c9d-0c76-4755-847e-621b0bd06b10,aaacc3a2-e67a-4acc-a6f0-6d62260466df,,e96697dc-439a-4ee7-b793-c539c25bfe47,Amruta,true,yearly,,,,,,,tax return
73c12fd3-4a32-4cea-88e4-42cede5ab83b,0fa06c9d-0c76-4755-847e-621b0bd06b10,8356fec1-1b5b-45df-ab57-276899df5e6e,,e96697dc-439a-4ee7-b793-c539c25bfe47,Amruta,true,monthly,,,,,,,
607772ee-1d0a-42ab-807c-d205ade0011c,6af1556e-328a-4ece-b8ab-c655f77be212,aaacc3a2-e67a-4acc-a6f0-6d62260466df,,60e3c2e6-a2e5-4340-8d2c-b58ce02ab04d,Sam,true,yearly,,,,,,,tax return
0a655f26-152b-4b77-ac9e-362d8605d4ee,6af1556e-328a-4ece-b8ab-c655f77be212,8356fec1-1b5b-45df-ab57-276899df5e6e,,60e3c2e6-a2e5-4340-8d2c-b58ce02ab04d,Sam,true,yearly,,,,,,,
cd7e38bf-b8b4-48a0-8a00-4c19b97e8dc7,a9e9165a-6fc2-4945-a3cc-039a97d6c8ea,aaacc3a2-e67a-4acc-a6f0-6d62260466df,,35bf7883-f6ba-440d-9d6a-245cd0c9113a,Tushar,true,yearly,,,,,,,tax return
3b6a6b27-44de-4cbc-82d3-739a5d67f521,4d022052-07db-4b71-bf47-a1c1834431e6,aaacc3a2-e67a-4acc-a6f0-6d62260466df,,35bf7883-f6ba-440d-9d6a-245cd0c9113a,Tushar,true,yearly,,,,,,,tax return
ef8338c9-1818-45f6-806c-818edfbce7f4,35321e5a-1827-4f77-adbc-f4a8f17c039f,aaacc3a2-e67a-4acc-a6f0-6d62260466df,,35bf7883-f6ba-440d-9d6a-245cd0c9113a,Tushar,true,yearly,,,,,,,tax return
745f8256-6aa2-4e20-b6cb-4efa3c27f90d,69431a10-73d9-4478-b115-8a1682948dc2,aaacc3a2-e67a-4acc-a6f0-6d62260466df,,4ab9b6f4-1b9e-4823-bbb0-898a421fadc3,Sanket,true,yearly,,,,,,,tax return
581e5160-31f0-4dba-86d0-e32c282d5028,69431a10-73d9-4478-b115-8a1682948dc2,8356fec1-1b5b-45df-ab57-276899df5e6e,,4ab9b6f4-1b9e-4823-bbb0-898a421fadc3,Sanket,true,monthly,,,,,,,
963cc28a-baef-4919-b6a4-40677989929c,f8600ebb-140b-4867-88c1-4621e532d98e,aaacc3a2-e67a-4acc-a6f0-6d62260466df,,35bf7883-f6ba-440d-9d6a-245cd0c9113a,Tushar,true,yearly,,,,,,,tax return
ea3f2b84-3d8e-4350-91cc-5681dc5abee8,4eb809bc-8d5c-4d17-bac3-1e0dc5f3b8b7,aaacc3a2-e67a-4acc-a6f0-6d62260466df,,35bf7883-f6ba-440d-9d6a-245cd0c9113a,Tushar,true,yearly,,,,,,,tax return
c4e80454-e53f-422a-8f6e-ef767b21ac9d,3455b76f-5ae3-4c9d-9869-48ce34c5bb38,aaacc3a2-e67a-4acc-a6f0-6d62260466df,,60e3c2e6-a2e5-4340-8d2c-b58ce02ab04d,Sam,true,yearly,,,,,,,tax return
bbfd0d67-9465-4fa9-a6fd-48a6bed082bd,3455b76f-5ae3-4c9d-9869-48ce34c5bb38,8356fec1-1b5b-45df-ab57-276899df5e6e,,60e3c2e6-a2e5-4340-8d2c-b58ce02ab04d,Sam,true,yearly,,,,,,,
df7e33dd-1667-40b1-a896-a150650ffaef,380c96d1-6311-4921-9183-14acecf4fa67,aaacc3a2-e67a-4acc-a6f0-6d62260466df,,35bf7883-f6ba-440d-9d6a-245cd0c9113a,Tushar,true,yearly,,,,,,,tax return
e0a9aaa8-eca3-4025-b757-035645913e43,3f28a1c3-ab52-4fed-a345-e01911203bcf,aaacc3a2-e67a-4acc-a6f0-6d62260466df,,35bf7883-f6ba-440d-9d6a-245cd0c9113a,Tushar,true,yearly,,,,,,,tax return
607baab7-68a3-407b-8800-a7f4e6fb33b4,f16ae3a9-f779-4bc4-ba4c-e112da81d1cd,aaacc3a2-e67a-4acc-a6f0-6d62260466df,,e96697dc-439a-4ee7-b793-c539c25bfe47,Amruta,true,yearly,,,,,,,tax return
8b253ebf-3fba-46f2-869b-7cd296363266,f16ae3a9-f779-4bc4-ba4c-e112da81d1cd,8356fec1-1b5b-45df-ab57-276899df5e6e,,e96697dc-439a-4ee7-b793-c539c25bfe47,Amruta,true,monthly,,,,,,,
c985a351-cfdd-40bf-a979-a0d864fc5fa0,c542a5f8-9026-401e-9243-1732c5a76e29,aaacc3a2-e67a-4acc-a6f0-6d62260466df,,35bf7883-f6ba-440d-9d6a-245cd0c9113a,Tushar,true,yearly,,,,,,,tax return
6b5de52d-efdb-4b2b-a0cc-fd2a7837abbc,698e3a67-5b35-42cc-a1bb-7f5b23363bd5,aaacc3a2-e67a-4acc-a6f0-6d62260466df,,35bf7883-f6ba-440d-9d6a-245cd0c9113a,Tushar,true,yearly,,,,,,,tax return
46005bd0-09ae-4973-81c5-06ed93e9d81d,66092bff-2ead-474e-a9b8-70f86716cb76,aaacc3a2-e67a-4acc-a6f0-6d62260466df,,35bf7883-f6ba-440d-9d6a-245cd0c9113a,Tushar,true,yearly,,,,,,,tax return
0cd53c56-405b-4fd9-ab5a-29e6847d4a05,1ca36d12-1ca7-443a-afa8-87d5592ef5ee,aaacc3a2-e67a-4acc-a6f0-6d62260466df,,35bf7883-f6ba-440d-9d6a-245cd0c9113a,Tushar,true,yearly,,,,,,,tax return
d3b0d916-4dfd-41d1-a9f8-982f426536ea,5972c328-08da-4449-b2f8-ffd1d237144a,aaacc3a2-e67a-4acc-a6f0-6d62260466df,,653d18c7-ff9c-42a4-b2ab-b254294d25af,Lizette,true,yearly,,,,,,,tax return
12da4a49-f01c-45b0-b2ab-0697d5f65b85,5972c328-08da-4449-b2f8-ffd1d237144a,8356fec1-1b5b-45df-ab57-276899df5e6e,,653d18c7-ff9c-42a4-b2ab-b254294d25af,Lizette,true,monthly,,,,,,,
3e321057-f520-4110-855d-91f47228cf58,2aa7ecbf-8995-4e46-8ec1-cd7bf3971bb8,aaacc3a2-e67a-4acc-a6f0-6d62260466df,,35bf7883-f6ba-440d-9d6a-245cd0c9113a,Tushar,true,yearly,,,,,,,tax return
7781a4b6-52b2-4a57-96bd-5c6e3a3e66ad,c265a490-3bdb-421f-998f-017c7aa79b07,aaacc3a2-e67a-4acc-a6f0-6d62260466df,,35bf7883-f6ba-440d-9d6a-245cd0c9113a,Tushar,true,yearly,,,,,,,tax return
3396cfad-5936-4cad-9386-55927ac97ccc,61ebff51-50bf-4cb3-a9d2-1fbd0f2ebaa3,aaacc3a2-e67a-4acc-a6f0-6d62260466df,,35bf7883-f6ba-440d-9d6a-245cd0c9113a,Tushar,true,yearly,,,,,,,tax return
46a9c78a-64b7-4595-bbeb-96ffc51f7106,16650ba5-cf4e-4508-893e-4f8ce48f71bf,aaacc3a2-e67a-4acc-a6f0-6d62260466df,,653d18c7-ff9c-42a4-b2ab-b254294d25af,Lizette,true,yearly,,,,,,,tax return
90948c82-d370-4051-aaf3-2e2ecbb0d257,16650ba5-cf4e-4508-893e-4f8ce48f71bf,8356fec1-1b5b-45df-ab57-276899df5e6e,,653d18c7-ff9c-42a4-b2ab-b254294d25af,Lizette,true,monthly,,,,,,,
fa9b50d5-9a43-48e8-9bdc-97b7dbfd4744,83edc021-4971-4c7c-8fbd-52b07784d3a1,aaacc3a2-e67a-4acc-a6f0-6d62260466df,,35bf7883-f6ba-440d-9d6a-245cd0c9113a,Tushar,true,yearly,,,,,,,tax return
ecdbd329-7972-4bcf-9eab-e1244fe8d2e4,8db915a5-abac-479c-817b-7062c63ec6e8,aaacc3a2-e67a-4acc-a6f0-6d62260466df,,35bf7883-f6ba-440d-9d6a-245cd0c9113a,Tushar,true,yearly,,,,,,,tax return
8849794a-672b-42ee-bb13-4593e66f9e2a,a33f8f89-f55c-40e8-a208-7c20f8855082,aaacc3a2-e67a-4acc-a6f0-6d62260466df,,35bf7883-f6ba-440d-9d6a-245cd0c9113a,Tushar,true,yearly,,,,,,,tax return
c30e98a5-1187-4fc9-8c17-260048c70cee,1a2750ac-6ac3-42c1-98ab-94ea182466ef,aaacc3a2-e67a-4acc-a6f0-6d62260466df,,35bf7883-f6ba-440d-9d6a-245cd0c9113a,Tushar,true,yearly,,,,,,,tax return
aa5988dd-483a-4180-af0d-5cb234b02e00,d471d139-86df-4c6e-8238-3135f5bc77f3,aaacc3a2-e67a-4acc-a6f0-6d62260466df,,35bf7883-f6ba-440d-9d6a-245cd0c9113a,Tushar,true,yearly,,,,,,,tax return
8934121f-1b31-46f2-a083-e2a381018842,7ac9b485-1903-473d-9b53-da4384b0e06e,aaacc3a2-e67a-4acc-a6f0-6d62260466df,,35bf7883-f6ba-440d-9d6a-245cd0c9113a,Tushar,true,yearly,,,,,,,tax return
d96e8965-9e7a-487b-871c-97ce74deabb3,c9de244c-0ea8-418a-98b4-4012f6fbdf00,aaacc3a2-e67a-4acc-a6f0-6d62260466df,,35bf7883-f6ba-440d-9d6a-245cd0c9113a,Tushar,true,yearly,,,,,,,tax return
255487f5-bcb5-440f-8404-d18bc3224816,52c3eaa0-c65f-49ae-843e-584f3315dbc3,aaacc3a2-e67a-4acc-a6f0-6d62260466df,,35bf7883-f6ba-440d-9d6a-245cd0c9113a,Tushar,true,yearly,,,,,,,tax return
2169ee72-ee9c-4b0e-bf4b-ceab5f96d44d,43d72e51-1dde-401b-a9aa-9a888f830954,aaacc3a2-e67a-4acc-a6f0-6d62260466df,,35bf7883-f6ba-440d-9d6a-245cd0c9113a,Tushar,true,yearly,,,,,,,tax return
fb9fba4e-d7ae-4378-b473-c74e081088eb,681cba26-7d8b-4287-ab48-cb05de9233d9,aaacc3a2-e67a-4acc-a6f0-6d62260466df,,35bf7883-f6ba-440d-9d6a-245cd0c9113a,Tushar,true,yearly,,,,,,,tax return
9c513131-1050-45d4-9ae5-a57b6de7c7c3,6cc1c6be-32e9-4e49-bc23-674f8a82dce1,aaacc3a2-e67a-4acc-a6f0-6d62260466df,,35bf7883-f6ba-440d-9d6a-245cd0c9113a,Tushar,true,yearly,,,,,,,tax return
2921c714-344a-4780-b85b-34335c112bbc,b038e2bb-08b0-4cab-a080-8eed0f7243f8,aaacc3a2-e67a-4acc-a6f0-6d62260466df,,35bf7883-f6ba-440d-9d6a-245cd0c9113a,Tushar,true,yearly,,,,,,,tax return
7c86f4ff-6ac6-470b-9181-4ad454f33202,01261cdb-f251-4612-8834-08a1ef9bccba,aaacc3a2-e67a-4acc-a6f0-6d62260466df,,35bf7883-f6ba-440d-9d6a-245cd0c9113a,Tushar,true,yearly,,,,,,,tax return
6bbd05df-e85d-4dff-91c1-4b020bd21f23,80c51c49-81de-4109-8fef-938eb10aeae1,aaacc3a2-e67a-4acc-a6f0-6d62260466df,,35bf7883-f6ba-440d-9d6a-245cd0c9113a,Tushar,true,yearly,,,,,,,tax return
fd354ce4-e99e-4003-95fb-66e5c6826d89,392fa86b-7ab4-4978-9fec-7377248bf0f5,aaacc3a2-e67a-4acc-a6f0-6d62260466df,,653d18c7-ff9c-42a4-b2ab-b254294d25af,Lizette,true,yearly,,,,,,,tax return
6261e2ec-a29d-4d5a-9d77-c3f85aa8a1f0,392fa86b-7ab4-4978-9fec-7377248bf0f5,8356fec1-1b5b-45df-ab57-276899df5e6e,,653d18c7-ff9c-42a4-b2ab-b254294d25af,Lizette,true,monthly,,,,,,,
6ca7fdde-853e-4102-b6e0-4cfd79c3d15f,71109310-ff12-461e-80ce-619f6ddcfc48,aaacc3a2-e67a-4acc-a6f0-6d62260466df,,35bf7883-f6ba-440d-9d6a-245cd0c9113a,Tushar,true,yearly,,,,,,,tax return
955b9f28-1b84-418f-b13d-8da44f131d03,0cd2cb19-9de0-45fa-8ff2-81a7c46a5697,aaacc3a2-e67a-4acc-a6f0-6d62260466df,,35bf7883-f6ba-440d-9d6a-245cd0c9113a,Tushar,true,yearly,,,,,,,tax return
8bf9b366-7dc4-4e1c-9b90-b23a867e0572,cc35dbca-2793-4457-926d-395ef74bf4f9,aaacc3a2-e67a-4acc-a6f0-6d62260466df,,60e3c2e6-a2e5-4340-8d2c-b58ce02ab04d,Sam,true,yearly,,,,,,,tax return
1b6b34be-5dab-4ba5-8ef1-ec7ed97c362c,cc35dbca-2793-4457-926d-395ef74bf4f9,8356fec1-1b5b-45df-ab57-276899df5e6e,,60e3c2e6-a2e5-4340-8d2c-b58ce02ab04d,Sam,true,yearly,,,,,,,
828f9aec-1ebb-45b1-a666-53e49829881b,eb250f70-2616-462e-83f9-595fc04e1a28,aaacc3a2-e67a-4acc-a6f0-6d62260466df,,35bf7883-f6ba-440d-9d6a-245cd0c9113a,Tushar,true,yearly,,,,,,,tax return
920479c1-8694-4753-9215-3683abc4c91c,e6d86384-0053-4cf3-91d4-88155400d835,aaacc3a2-e67a-4acc-a6f0-6d62260466df,,35bf7883-f6ba-440d-9d6a-245cd0c9113a,Tushar,true,yearly,,,,,,,tax return
888b8d46-c121-42d6-8b87-d3e83f49ebe9,f23ccf2d-febf-4ad2-b612-1a56b5daec09,aaacc3a2-e67a-4acc-a6f0-6d62260466df,,35bf7883-f6ba-440d-9d6a-245cd0c9113a,Tushar,true,yearly,,,,,,,tax return
cdaf5e7c-ae5b-421f-a662-be8d124460b0,736609f5-4834-41e5-b3bb-3e4026f264ec,aaacc3a2-e67a-4acc-a6f0-6d62260466df,,35bf7883-f6ba-440d-9d6a-245cd0c9113a,Tushar,true,yearly,,,,,,,tax return
f6c09f09-6bfc-4faf-8460-110aaacfe8bb,f1832cbf-60c4-4845-8f21-6a380ff79f0a,aaacc3a2-e67a-4acc-a6f0-6d62260466df,,60e3c2e6-a2e5-4340-8d2c-b58ce02ab04d,Sam,true,yearly,,,,,,,tax return
1286c880-a049-4f04-96bb-69febe98c8cd,f1832cbf-60c4-4845-8f21-6a380ff79f0a,8356fec1-1b5b-45df-ab57-276899df5e6e,,60e3c2e6-a2e5-4340-8d2c-b58ce02ab04d,Sam,true,yearly,,,,,,,
66be244c-36c1-4d4d-8b91-c080c468566d,d54af5e7-e0b1-4982-99e6-42cbe11173c1,aaacc3a2-e67a-4acc-a6f0-6d62260466df,,35bf7883-f6ba-440d-9d6a-245cd0c9113a,Tushar,true,yearly,,,,,,,tax return
73fb7400-9220-4143-9283-e502d2f41021,fce9c454-64a2-4126-9d6f-2cb0f9f3ccfb,aaacc3a2-e67a-4acc-a6f0-6d62260466df,,35bf7883-f6ba-440d-9d6a-245cd0c9113a,Tushar,true,yearly,,,,,,,tax return
317a5b5b-2ea0-4e07-948e-eb96bbf5dc49,ae725e7f-4d3c-4921-a2ab-4eb8f01cb212,aaacc3a2-e67a-4acc-a6f0-6d62260466df,,,,true,yearly,,,,,,,tax return
693263d0-1068-4ee7-bf5c-8cccc043f8df,2dd1892e-7298-498c-b8f4-bc2c14281ef2,aaacc3a2-e67a-4acc-a6f0-6d62260466df,,,,true,yearly,,,,,,,tax return
86a1aaac-2675-43d8-9c30-64184ece90ca,1f33d2b8-45ce-400b-a673-6349cb60f0fb,aaacc3a2-e67a-4acc-a6f0-6d62260466df,,,,true,yearly,,,,,,,tax return
1908565f-f1cf-46e1-bfc8-7ef7ea804fc6,0bc50596-15a0-492d-8d24-3db6bfacdb0d,aaacc3a2-e67a-4acc-a6f0-6d62260466df,,,,true,yearly,,,,,,,tax return
e4f863c6-c2c8-4697-8fd5-c76f2ff81810,c9ce2e14-550b-4e75-8b94-9ee9efc8b76e,aaacc3a2-e67a-4acc-a6f0-6d62260466df,,,,true,yearly,,,,,,,tax return
ff34e52e-03d0-4719-8ea1-afe0f4fad21f,6c12abeb-54eb-4c2e-8bc9-f5df169c0746,aaacc3a2-e67a-4acc-a6f0-6d62260466df,,,,true,yearly,,,,,,,tax return
93142a35-6ce9-44d8-9c5a-c2973131bc9f,b551163b-3e50-4234-b3f5-d1d7a75de415,aaacc3a2-e67a-4acc-a6f0-6d62260466df,,,,true,yearly,,,,,,,tax return
3902f148-5456-418b-ad1c-0e7b9b8b8315,99d5110a-dfe5-4edc-8b8a-9e6c35c71605,aaacc3a2-e67a-4acc-a6f0-6d62260466df,,,,true,yearly,,,,,,,tax return
8c8d26e1-94ea-46c1-9438-0e620d4ad599,f4438529-0655-42f0-a265-a8457c5e94f0,aaacc3a2-e67a-4acc-a6f0-6d62260466df,,,,true,yearly,,,,,,,tax return
ade87edd-52e7-419d-9aa1-fa18bbf312c9,78996226-eaf0-42d7-bde8-68767a564394,aaacc3a2-e67a-4acc-a6f0-6d62260466df,,,,true,yearly,,,,,,,tax return
d9226193-332c-46b9-8742-11a7475611c8,a708f350-2f55-4cb4-aa21-5a92be8224eb,aaacc3a2-e67a-4acc-a6f0-6d62260466df,,,,true,yearly,,,,,,,tax return
8721be19-8ab6-4bb6-a896-93b9bc8c21e2,39eb71ab-e965-4b95-a8d6-9767f8d1ca38,aaacc3a2-e67a-4acc-a6f0-6d62260466df,,,,true,yearly,,,,,,,tax return
91a3c8ee-a6ac-4129-864c-f012544961db,381ccefc-da8f-498a-b281-32548bee92d0,aaacc3a2-e67a-4acc-a6f0-6d62260466df,,,,true,yearly,,,,,,,tax return
1a4a2098-ca5d-49d1-a3b6-231dc4da0493,ae0c9374-c236-4ad2-a008-0fcfd6a01010,aaacc3a2-e67a-4acc-a6f0-6d62260466df,,,,true,yearly,,,,,,,tax return
059605f8-c0c0-4c2e-bbcf-632a0b6cbf61,f16e92e8-494c-464a-8312-f610a3a9429c,aaacc3a2-e67a-4acc-a6f0-6d62260466df,,,,true,yearly,,,,,,,tax return
cace3961-02fa-4a1b-939e-2825d8420cf6,b86b1daa-4f63-4b54-bbc9-786b6e18681c,aaacc3a2-e67a-4acc-a6f0-6d62260466df,,,,true,yearly,,,,,,,tax return
627143c8-6fc4-458a-a152-5f534264915b,65c732c8-e2a2-420f-94a4-8c698cd95062,aaacc3a2-e67a-4acc-a6f0-6d62260466df,,,,true,yearly,,,,,,,tax return
34ea9ec5-398d-47e8-8461-d311c9542af6,506596b6-2057-45be-a66e-b3cf86bb2ceb,aaacc3a2-e67a-4acc-a6f0-6d62260466df,,,,true,yearly,,,,,,,tax return
d74ef051-f025-414d-b7df-0c4f1e0ad3b3,6bea7631-f86b-446e-b010-f7b1b72e5ddb,aaacc3a2-e67a-4acc-a6f0-6d62260466df,,,,true,yearly,,,,,,,tax return
cea3342a-6b90-406e-befd-34d967b2a12c,7d77bbdd-ee9b-4d13-b292-5e174aed7663,aaacc3a2-e67a-4acc-a6f0-6d62260466df,,,,true,yearly,,,,,,,tax return
c4aa1e61-e68c-4527-b7f9-2a128fdd7c6f,5d3fcf5a-dbad-40c0-89d5-fdad4fc43770,aaacc3a2-e67a-4acc-a6f0-6d62260466df,,,,true,yearly,,,,,,,tax return
b040cbd6-5efd-45ce-99c7-25ea6e443c92,a7487ccc-1b0d-4c9e-8ad3-12d14e4b05e7,aaacc3a2-e67a-4acc-a6f0-6d62260466df,,,,true,yearly,,,,,,,tax return
11ff4ed3-f60e-432e-b577-adc294f9ffb9,e9faa4c0-4ab4-4713-adf5-46ccb9a0ab17,aaacc3a2-e67a-4acc-a6f0-6d62260466df,,,,true,yearly,,,,,,,tax return
a71e3a0d-3416-4e1f-a88c-70ef534f7a1e,eca7f9f7-fef0-4f79-8a7d-6f8099ff3e50,aaacc3a2-e67a-4acc-a6f0-6d62260466df,,,,true,yearly,,,,,,,tax return
a1f5eded-da13-4354-883b-13e2779fe3af,3e18cd58-e7b5-4e2f-8ba0-3d19bd23aa51,aaacc3a2-e67a-4acc-a6f0-6d62260466df,,,,true,yearly,,,,,,,tax return
69835ac0-c084-479a-bc17-f0b55e0c29e6,267838e3-b5eb-4878-8ac7-7eee78944acf,aaacc3a2-e67a-4acc-a6f0-6d62260466df,,,,true,yearly,,,,,,,tax return
0ccf7199-744c-4f1a-b3de-d18fd2e5c538,0421268b-a37d-42a7-bfff-5849f4bceb87,aaacc3a2-e67a-4acc-a6f0-6d62260466df,,,,true,yearly,,,,,,,tax return
c63bfa71-e330-4d5e-917b-74330549329f,82fb7c19-af54-42cf-8e52-ddbfe76940d0,aaacc3a2-e67a-4acc-a6f0-6d62260466df,,,,true,yearly,,,,,,,tax return
cb48346a-8843-4abd-8710-6c4f02cb091f,a2ebf86c-0b66-4a03-a1d6-32573b092554,aaacc3a2-e67a-4acc-a6f0-6d62260466df,,,,true,yearly,,,,,,,tax return
52191799-480f-4bf3-a2ec-2504ebcb91d0,85a8e073-8653-4064-9189-618209096f52,aaacc3a2-e67a-4acc-a6f0-6d62260466df,,,,true,yearly,,,,,,,tax return
e5bdede2-ee1d-4bb3-9372-664926dd52bf,a6b6982b-fba3-452e-aed3-ce909a3786f2,aaacc3a2-e67a-4acc-a6f0-6d62260466df,,,,true,yearly,,,,,,,tax return
0bfbc49a-d337-445f-9d32-8d90e916ddd5,24fe2944-3e46-41a6-b205-7295b849f0c3,aaacc3a2-e67a-4acc-a6f0-6d62260466df,,,,true,yearly,,,,,,,tax return
5490761d-18c3-4430-816d-5991de797cd1,94b84a4b-3c71-44b6-a0e9-43a8b344795d,aaacc3a2-e67a-4acc-a6f0-6d62260466df,,,,true,yearly,,,,,,,tax return
3d7a1adb-f52b-486f-8a6d-75c9f9e1af5a,30a2adf1-f22a-4f30-a8b8-e2f3827b45a7,aaacc3a2-e67a-4acc-a6f0-6d62260466df,,,,true,yearly,,,,,,,tax return
7d553f38-6beb-44e2-85e7-a95dccf7dea0,08342480-1a12-4734-ae13-984dd0466aed,aaacc3a2-e67a-4acc-a6f0-6d62260466df,,,,true,yearly,,,,,,,tax return
acaf2e4a-0e32-42b3-9f5e-0a0ed0d1fe17,9101cc4c-74e6-4173-9e22-d97567d0d12d,aaacc3a2-e67a-4acc-a6f0-6d62260466df,,,,true,yearly,,,,,,,tax return
b55dddad-ffa3-4fa4-a408-78629187c210,26806b15-907d-48a3-add8-eaf00dad407f,aaacc3a2-e67a-4acc-a6f0-6d62260466df,,,,true,yearly,,,,,,,tax return
36b2ccf0-4a80-42f4-83e3-7e867a04037f,ddb8fa85-1c35-413b-bc6e-72f79465488e,aaacc3a2-e67a-4acc-a6f0-6d62260466df,,,,true,yearly,,,,,,,tax return
2118011c-cdf8-463c-8dea-6c239d027c11,2232815f-febe-4f44-a4e3-e5abae128eaa,aaacc3a2-e67a-4acc-a6f0-6d62260466df,,,,true,yearly,,,,,,,tax return
95d1f09c-a180-49ee-b5b9-4135bfe6f7ef,720718c0-25d5-4b27-8a59-bdb850f06413,aaacc3a2-e67a-4acc-a6f0-6d62260466df,,,,true,yearly,,,,,,,tax return
7a7aea10-fd14-482c-8bd7-34769edc0468,5aa6ebc1-24aa-4f09-8b69-bbf7c8c32b49,aaacc3a2-e67a-4acc-a6f0-6d62260466df,,,,true,yearly,,,,,,,tax return
c5feac3b-5ba7-4589-8ba9-a0f8e0cb679f,94d8e54e-d4d4-4359-a976-a28ff8263869,aaacc3a2-e67a-4acc-a6f0-6d62260466df,,,,true,yearly,,,,,,,tax return
9f81232e-cc10-4f8c-9171-10318a1e271b,e5d09460-b166-4182-9ebb-58e64899cdeb,aaacc3a2-e67a-4acc-a6f0-6d62260466df,,,,true,yearly,,,,,,,tax return
cf4b5b67-928c-4ff7-aa83-4bdbb1b03f37,65c410de-bf53-4180-b908-127fbaf7aba4,aaacc3a2-e67a-4acc-a6f0-6d62260466df,,,,true,yearly,,,,,,,tax return
4949f432-b4ce-4d32-b8d0-57f3c4979b02,dcf75d08-3a2b-4588-a0ae-6b6837d8878e,aaacc3a2-e67a-4acc-a6f0-6d62260466df,,,,true,yearly,,,,,,,tax return
64a7cc1c-34d2-4c8d-a05f-289d010f4e24,96c9f211-933d-475c-be83-ee3725a36431,aaacc3a2-e67a-4acc-a6f0-6d62260466df,,,,true,yearly,,,,,,,tax return
3e07e9c2-bb42-4e3b-bd53-c192146b28d5,0aa0a34d-44ed-4319-a3f0-d26892aad462,aaacc3a2-e67a-4acc-a6f0-6d62260466df,,,,true,yearly,,,,,,,tax return
9faf3611-ed29-4eef-ba44-366958e370fc,3e04417b-4466-456b-9e85-5782d8cbc45d,aaacc3a2-e67a-4acc-a6f0-6d62260466df,,,,true,yearly,,,,,,,tax return
b1c45016-80c9-4b00-a6cb-24d5f542e803,bce6d613-65d6-4bca-830c-c6182c17095d,aaacc3a2-e67a-4acc-a6f0-6d62260466df,,,,true,yearly,,,,,,,tax return
44c658af-953b-4271-8fdf-5cf8c8f649e0,97055717-ae89-4c0f-bfae-0338a7da79bb,aaacc3a2-e67a-4acc-a6f0-6d62260466df,,,,true,yearly,,,,,,,tax return
6191da50-f970-462c-86e3-ea887d0292d1,e6ad9e40-847e-40a2-bdf7-ca65a0c8a9d6,aaacc3a2-e67a-4acc-a6f0-6d62260466df,,,,true,yearly,,,,,,,tax return
792f3a99-bc06-4de8-a2d7-aee15516819b,9dcc3ab0-6452-4550-b9b8-464bd1bb2464,aaacc3a2-e67a-4acc-a6f0-6d62260466df,,,,true,yearly,,,,,,,tax return
a24eac35-d8b9-4978-89f8-0423de3d7178,7a849b7e-2ba3-4495-9089-664a71ea03ea,aaacc3a2-e67a-4acc-a6f0-6d62260466df,,,,true,yearly,,,,,,,tax return
73987f89-eb5c-4b59-91da-7a62ed37be82,4be1dd87-da6e-40e9-8256-e3277b92308b,aaacc3a2-e67a-4acc-a6f0-6d62260466df,,,,true,yearly,,,,,,,tax return
d0716a02-40f3-42cc-9e6c-937b1c57cf7c,7858ed62-2c3c-42ee-971d-19a6ccb0dc3f,aaacc3a2-e67a-4acc-a6f0-6d62260466df,,,,true,yearly,,,,,,,tax return
ce5974c9-12c3-49ad-8a86-38db58961924,f28b4f85-9eb7-4f0e-8f47-6285b7f60d71,aaacc3a2-e67a-4acc-a6f0-6d62260466df,,,,true,yearly,,,,,,,tax return
7f3da3f9-70be-4326-bfd5-9a53f61d19af,97e35903-4151-48ce-a267-695f398ea23b,aaacc3a2-e67a-4acc-a6f0-6d62260466df,,,,true,yearly,,,,,,,tax return
7de2be67-8cb3-4e1d-bb79-0858964a6bb0,ffc46c1d-7b64-49ec-b129-101765ba07be,aaacc3a2-e67a-4acc-a6f0-6d62260466df,,,,true,yearly,,,,,,,tax return
588e0fa2-14a0-4366-9efd-738139943b47,35e4c717-c43f-4ed9-8871-e313252aef9c,aaacc3a2-e67a-4acc-a6f0-6d62260466df,,,,true,yearly,,,,,,,tax return
8740c157-4368-469a-bafc-97870ca367af,dc846252-2652-4390-9c03-887a21c33b07,aaacc3a2-e67a-4acc-a6f0-6d62260466df,,,,true,yearly,,,,,,,tax return
689d1e1a-890e-4311-b749-7b7f8747a042,f3728203-d3df-4718-9590-cd353f8c8ad9,aaacc3a2-e67a-4acc-a6f0-6d62260466df,,,,true,yearly,,,,,,,tax return
ba94824e-d7f6-4c88-81df-269a1b00507d,92e3b12c-888b-400c-991c-75d4a50a6da6,aaacc3a2-e67a-4acc-a6f0-6d62260466df,,,,true,yearly,,,,,,,tax return
bbf1b63f-b9f1-4144-82c6-dc417af8b4d6,8fef1433-7f1c-4f08-bd1a-45738d3efd40,aaacc3a2-e67a-4acc-a6f0-6d62260466df,,,,true,yearly,,,,,,,tax return
0fa07f79-bd77-4753-a3af-3191aeeb31e0,8d8a18ae-3107-467f-a96e-4f6ea6348105,aaacc3a2-e67a-4acc-a6f0-6d62260466df,,,,true,yearly,,,,,,,tax return
f7653ea1-bbda-4609-be1c-67293e9243c9,de63e438-423d-4a07-8f7c-d44b7f1ed6e3,aaacc3a2-e67a-4acc-a6f0-6d62260466df,,,,true,yearly,,,,,,,tax return
2a36c760-dcb5-42b8-997c-14eb12767dff,f5a7eca1-b559-42b6-82b9-819fd7c13cd6,aaacc3a2-e67a-4acc-a6f0-6d62260466df,,,,true,yearly,,,,,,,tax return
d2a99243-6c91-4405-a6a9-a103565391ee,5f6a14f8-cfcc-4043-baee-ff2fba0f32d1,aaacc3a2-e67a-4acc-a6f0-6d62260466df,,,,true,yearly,,,,,,,tax return
eede5ad3-3bbe-47f8-87bf-8368a0e81de2,4fc76ca8-7b22-4693-b23a-b2f65aa1bf7b,aaacc3a2-e67a-4acc-a6f0-6d62260466df,,,,true,yearly,,,,,,,tax return
cef28110-13f9-4068-bbc5-c0e93e43c094,56264471-f044-49e2-abe1-d8845d93f967,aaacc3a2-e67a-4acc-a6f0-6d62260466df,,,,true,yearly,,,,,,,tax return
74c4d1cb-0346-4ba5-a396-e762098eb0f1,7e14be8c-fc12-4ef3-bdaf-d72b56f385ab,aaacc3a2-e67a-4acc-a6f0-6d62260466df,,,,true,yearly,,,,,,,tax return
419f03f1-78e8-4b0d-b666-e6f6e38657d6,a1fd3b85-1a1e-4277-a4ab-b570f8f9ae22,aaacc3a2-e67a-4acc-a6f0-6d62260466df,,,,true,yearly,,,,,,,tax return
e63304c5-8871-45d4-9b16-96dd618ef256,a8fd3cab-1800-4218-899e-94013b243c35,aaacc3a2-e67a-4acc-a6f0-6d62260466df,,,,true,yearly,,,,,,,tax return
030df5d3-ef1e-4802-9fc0-03d19b18f237,7dc87d0f-9bd1-4793-b176-a81aa5c0c019,aaacc3a2-e67a-4acc-a6f0-6d62260466df,,,,true,yearly,,,,,,,tax return
acf35588-a059-4cd7-8187-7a9947b121a0,678bbf51-2913-4f18-87b9-5bf4037cda98,aaacc3a2-e67a-4acc-a6f0-6d62260466df,,,,true,yearly,,,,,,,tax return
da33c20f-c53e-409d-a992-ee122ea4ddba,0cf2725e-a4d0-4cec-a2cd-c12cf2e00ee8,aaacc3a2-e67a-4acc-a6f0-6d62260466df,,,,true,yearly,,,,,,,tax return
e0f351c7-4869-4966-86d7-f754a97d338f,340c4901-4a78-4312-98a4-d9240a0ba844,aaacc3a2-e67a-4acc-a6f0-6d62260466df,,,,true,yearly,,,,,,,tax return
18dfc070-0a29-44ad-bfcb-28bdbe5d8604,75b80195-4a4a-4240-8b17-c5b34d595c7d,aaacc3a2-e67a-4acc-a6f0-6d62260466df,,,,true,yearly,,,,,,,tax return
3c0d7f30-eb4c-4947-9efd-fbc5899aaa26,610a0b63-9b16-43c5-8752-bab0bbc8bfea,aaacc3a2-e67a-4acc-a6f0-6d62260466df,,,,true,yearly,,,,,,,tax return
0af85d62-34d5-4929-bec9-887be95af079,34cd56fc-942e-451c-ab7d-535f86e11512,aaacc3a2-e67a-4acc-a6f0-6d62260466df,,,,true,yearly,,,,,,,tax return
2767722e-302c-4238-91f3-e2d4af0b8f10,99c454da-a387-457d-af07-795edb0ac29a,aaacc3a2-e67a-4acc-a6f0-6d62260466df,,,,true,yearly,,,,,,,tax return
f4cbe879-e5dd-453e-b0b9-0bac8220b418,ab2e61bd-4d16-4c1f-a6d4-7014b6ce52e2,aaacc3a2-e67a-4acc-a6f0-6d62260466df,,,,true,yearly,,,,,,,tax return
798d9775-8945-4321-ad94-36c49592acee,a0463e1c-b11b-4a49-833d-e1aa5339dc95,aaacc3a2-e67a-4acc-a6f0-6d62260466df,,,,true,yearly,,,,,,,tax return
79b4be85-007b-4e13-8f91-060a575d8daa,5c6ca04e-688f-41b9-80c2-f3574a1c6888,aaacc3a2-e67a-4acc-a6f0-6d62260466df,,,,true,yearly,,,,,,,tax return
c2f82e65-5bc7-4324-bf12-4d3b6273b27f,9dd00046-ec43-4634-a851-cac9baccac8b,aaacc3a2-e67a-4acc-a6f0-6d62260466df,,,,true,yearly,,,,,,,tax return
beaada44-1e70-4358-92e0-2c06a729d900,56c368b6-c179-4ae6-9171-4b6c78b8fed1,aaacc3a2-e67a-4acc-a6f0-6d62260466df,,,,true,yearly,,,,,,,tax return
4be97dd5-b1a6-4081-b94f-05339e12b485,3000d5bc-0926-4eb3-b9d4-c8e873547572,aaacc3a2-e67a-4acc-a6f0-6d62260466df,,,,true,yearly,,,,,,,tax return
a1af6a8b-41c4-4d5b-ad0c-c3981860945f,2a26e40a-1789-478b-ab3d-c30ece888e9b,aaacc3a2-e67a-4acc-a6f0-6d62260466df,,,,true,yearly,,,,,,,tax return
7cf5a73d-080b-4162-89a2-a9a41780ec9f,dbc4c886-fb24-419e-ad32-5a9341b7c9e9,aaacc3a2-e67a-4acc-a6f0-6d62260466df,,,,true,yearly,,,,,,,tax return
d94b4e39-cf7f-4433-976d-6972349ef2d6,6c254a8b-1a78-4727-b7bd-002245fb36d8,aaacc3a2-e67a-4acc-a6f0-6d62260466df,,,,true,yearly,,,,,,,tax return
ff9e65ec-c078-4494-af4f-9cc86e06bf63,a7961ec4-a89c-49cb-8c2e-4b7153e98883,aaacc3a2-e67a-4acc-a6f0-6d62260466df,,,,true,yearly,,,,,,,tax return
af34be06-568d-412d-b6fd-c47f8f0dda1c,61752b64-1087-4c31-a77d-8089ff08c68d,aaacc3a2-e67a-4acc-a6f0-6d62260466df,,,,true,yearly,,,,,,,tax return
fb3bdcbd-b837-40df-a4fe-675847065a73,af43284d-c9c4-4c3b-9bcd-22f91c20171a,aaacc3a2-e67a-4acc-a6f0-6d62260466df,,,,true,yearly,,,,,,,tax return
1f8f3ccc-3326-4b5e-aa98-6ca7f4d73bd2,66e2d4b3-8e92-4861-8b9b-c785fead6218,aaacc3a2-e67a-4acc-a6f0-6d62260466df,,,,true,yearly,,,,,,,tax return
4cdddace-5606-41a1-9b0c-ef35a91385f5,aeb6c903-2c9c-4b15-a77d-21004ac439e3,aaacc3a2-e67a-4acc-a6f0-6d62260466df,,,,true,yearly,,,,,,,tax return
f025e56b-b368-4177-8782-b0685ac5f7e6,b7c63299-a263-4412-88d2-f2feb5112356,aaacc3a2-e67a-4acc-a6f0-6d62260466df,,,,true,yearly,,,,,,,tax return
98cc9268-0310-432a-a77e-5bc8b55f4264,b5e6d664-f06b-4f9a-a105-d571fa4e8cb1,aaacc3a2-e67a-4acc-a6f0-6d62260466df,,,,true,yearly,,,,,,,tax return
1fbbcb30-cccd-4b4b-b661-9fd13f1c27e8,da67542a-ac5e-4e83-8b6e-f1e200628fae,aaacc3a2-e67a-4acc-a6f0-6d62260466df,,,,true,yearly,,,,,,,tax return
8c545d8d-9bc5-4fd8-88f8-37f9b023343e,655d6368-24a4-46d3-bf06-1e9c84314057,aaacc3a2-e67a-4acc-a6f0-6d62260466df,,,,true,yearly,,,,,,,tax return
bda7fbc2-72fb-4ace-91b5-e2a9ce3fc5a6,6e8b0c29-bfeb-4e33-b998-b3f74c6ea955,aaacc3a2-e67a-4acc-a6f0-6d62260466df,,,,true,yearly,,,,,,,tax return
a4f19191-84b9-4f71-ad14-e42bced6fd40,f363736e-f6d4-4578-a968-9cc5e98bcd39,aaacc3a2-e67a-4acc-a6f0-6d62260466df,,,,true,yearly,,,,,,,tax return
366bf233-39cc-4c5e-9e9d-88e2bf0d53e9,7de9819e-5ec5-45ea-b877-583b1a1edbf4,aaacc3a2-e67a-4acc-a6f0-6d62260466df,,,,true,yearly,,,,,,,tax return
49384b08-9de6-4559-b442-aa139a28da77,e4218545-bc88-4bb7-b0f2-aa5d5bab3f0e,aaacc3a2-e67a-4acc-a6f0-6d62260466df,,,,true,yearly,,,,,,,tax return
b606fbba-0cdb-4401-8fbe-db353390bb4b,26bd2190-9e2f-4670-a1b0-c3f348af3698,aaacc3a2-e67a-4acc-a6f0-6d62260466df,,,,true,yearly,,,,,,,tax return
2a81d971-acfa-4b3e-9794-98411810b700,ec450d7f-ee93-4cd7-97e2-481e01bf6213,aaacc3a2-e67a-4acc-a6f0-6d62260466df,,,,true,yearly,,,,,,,tax return
294c6532-d36e-423f-833b-9ddf5c0caed0,7ad4aa60-a90d-4270-8e4d-9b564fac6cca,aaacc3a2-e67a-4acc-a6f0-6d62260466df,,,,true,yearly,,,,,,,tax return
694a649c-0c83-40d3-ae1b-a20127952a43,9103fba7-57ed-4f73-a678-8ce8480caf32,aaacc3a2-e67a-4acc-a6f0-6d62260466df,,,,true,yearly,,,,,,,tax return
7aba87ad-9be7-4c34-9fd9-71c569d12543,73819e5d-289f-4c72-9664-14cedf169a38,aaacc3a2-e67a-4acc-a6f0-6d62260466df,,,,true,yearly,,,,,,,tax return
7f1f6447-56a9-4550-aeda-1ec5baa12157,d892dcab-82cb-4d99-9ace-f925eff2acf7,aaacc3a2-e67a-4acc-a6f0-6d62260466df,,,,true,yearly,,,,,,,tax return
beeff69a-922b-42be-a69b-85d4edbcbf1d,a4899b56-3e44-4247-a2ab-efdeaf70e4b4,aaacc3a2-e67a-4acc-a6f0-6d62260466df,,,,true,yearly,,,,,,,tax return
c1ee4264-47d4-448f-801c-45221b409ab1,54e8af90-aaa3-41bd-a302-f0094add96b7,aaacc3a2-e67a-4acc-a6f0-6d62260466df,,,,true,yearly,,,,,,,tax return
5870637c-8f09-4c26-b0be-2c93713690d7,2157beb1-1664-422c-b65b-90ddbe2c2362,aaacc3a2-e67a-4acc-a6f0-6d62260466df,,,,true,yearly,,,,,,,tax return
e4e3547f-b4df-48d9-91fd-6eb5a4139d13,8aac1c0a-7200-4cab-828d-0cff3a1feed7,aaacc3a2-e67a-4acc-a6f0-6d62260466df,,,,true,yearly,,,,,,,tax return
64865644-c653-436d-8b36-2abaf55bfa45,d3e92c2e-fadb-4517-aa82-84da57dda46a,aaacc3a2-e67a-4acc-a6f0-6d62260466df,,,,true,yearly,,,,,,,tax return
eace4095-984f-4176-836e-bf44248d318d,5b393063-5c41-4e0e-bc7d-2316b6b53ed9,aaacc3a2-e67a-4acc-a6f0-6d62260466df,,,,true,yearly,,,,,,,tax return
97ae7f2b-b9b1-437e-9fef-416033fd5cf7,c11809de-04a9-4222-98d5-b115671d974f,aaacc3a2-e67a-4acc-a6f0-6d62260466df,,,,true,yearly,,,,,,,tax return
808b8eaf-b4e7-4029-bd4e-fc2e2f7ce8b1,b1077387-24c6-4a64-8e0a-ed767d74c0d1,aaacc3a2-e67a-4acc-a6f0-6d62260466df,,,,true,yearly,,,,,,,tax return
c704bae3-91f0-4ec2-aed8-5e79eab31dba,293bfd96-52ba-4bc9-810e-6e07bd340d22,aaacc3a2-e67a-4acc-a6f0-6d62260466df,,,,true,yearly,,,,,,,tax return
4cf684cd-a876-459d-9c72-8e4cba6e7c7a,48402f17-ed02-4c2f-ae50-e7bf037ed6f4,aaacc3a2-e67a-4acc-a6f0-6d62260466df,,,,true,yearly,,,,,,,tax return
c2ead06b-5081-4dbf-b723-e19f87ed4796,6449b38d-d2a8-4989-9eb7-b3ab69ff1ca9,aaacc3a2-e67a-4acc-a6f0-6d62260466df,,,,true,yearly,,,,,,,tax return
21c1b574-1307-418b-a7a7-28cb119a3503,82ff51c6-76eb-46e0-a8a5-39eaadad1317,aaacc3a2-e67a-4acc-a6f0-6d62260466df,,,,true,yearly,,,,,,,tax return
1fcc2a46-a6f3-4cba-8cbb-ffa40dba62ab,b68b0acb-549b-4394-a63c-be9ee1d99991,aaacc3a2-e67a-4acc-a6f0-6d62260466df,,,,true,yearly,,,,,,,tax return
234bd23e-5a36-42ce-8947-f7e2fab3ca63,19a694c0-2d06-49ea-a0b5-074721392786,aaacc3a2-e67a-4acc-a6f0-6d62260466df,,,,true,yearly,,,,,,,tax return
0cbcb065-c3d2-4193-bbf9-f4c00225ae75,ca53f6d7-6b42-44ab-96ae-83e7523f7ca4,aaacc3a2-e67a-4acc-a6f0-6d62260466df,,,,true,yearly,,,,,,,tax return
19d73c69-64b6-437f-b93f-2b95763f006c,6c0560a1-aa38-4e3b-8594-8bc784ee8a27,aaacc3a2-e67a-4acc-a6f0-6d62260466df,,,,true,yearly,,,,,,,tax return
8988f784-3d60-41ac-9cdf-ac4f93ec7f12,7cf9b35b-6e74-4d23-9816-edd2e08f46a5,aaacc3a2-e67a-4acc-a6f0-6d62260466df,,,,true,yearly,,,,,,,tax return
057155e0-eb7e-434a-a3b7-79a181807981,6a2430f1-8e7a-4e8c-8443-e7d0cdcb7b18,aaacc3a2-e67a-4acc-a6f0-6d62260466df,,,,true,yearly,,,,,,,tax return
31c66e77-334e-415f-8934-43e56fb65dfe,5e323196-a152-43be-8415-16492b028220,aaacc3a2-e67a-4acc-a6f0-6d62260466df,,,,true,yearly,,,,,,,tax return
1b19aed9-6246-4259-a54c-f32c7fa0ad04,2d4b9a68-8a15-462a-997d-afdba1dc5545,aaacc3a2-e67a-4acc-a6f0-6d62260466df,,,,true,yearly,,,,,,,tax return
f81ae2b8-6ad9-46e9-8f35-8f0298962139,c18d39a0-9e35-4b1f-b5c8-33d97f710da9,aaacc3a2-e67a-4acc-a6f0-6d62260466df,,,,true,yearly,,,,,,,tax return
03978f0d-b5be-4677-acbc-7870f95cd569,46ef8ac9-72e1-4d42-a77b-f1568d459d6f,aaacc3a2-e67a-4acc-a6f0-6d62260466df,,,,true,yearly,,,,,,,tax return
e7e8eab0-3a68-4cea-b0d7-1b01c5260a89,e3304da2-5993-4fc3-995b-b33713c91f2e,aaacc3a2-e67a-4acc-a6f0-6d62260466df,,,,true,yearly,,,,,,,tax return
d972b563-a756-42dc-99f5-b956573874ce,06b339b3-ab63-4257-9a9c-8d04e7e3c868,aaacc3a2-e67a-4acc-a6f0-6d62260466df,,,,true,yearly,,,,,,,tax return
17bc6d3d-ae38-41cd-ba07-1e7d47a6509e,2e0f5091-3ee2-4995-be74-b637992c2de3,aaacc3a2-e67a-4acc-a6f0-6d62260466df,,,,true,yearly,,,,,,,tax return
dd7bc954-760a-44ed-98b2-9f711d135733,3e34c4eb-019a-4e44-9c3f-5faaabe2a9b4,aaacc3a2-e67a-4acc-a6f0-6d62260466df,,,,true,yearly,,,,,,,tax return
83938240-489b-4ab5-bea5-6b75f8bbc725,7362a730-df8c-4cba-bfeb-aef8d94ca87b,aaacc3a2-e67a-4acc-a6f0-6d62260466df,,,,true,yearly,,,,,,,tax return
26022073-8536-42d1-8f6a-3ff772a2ff8f,46a52cf7-fe21-4c3d-934c-5094a6b1bee8,aaacc3a2-e67a-4acc-a6f0-6d62260466df,,,,true,yearly,,,,,,,tax return
90dc3ca1-f6d5-49b2-ad9e-2db2c47898ad,1839a94a-1f4c-4af0-a89e-ddefa7833910,aaacc3a2-e67a-4acc-a6f0-6d62260466df,,,,true,yearly,,,,,,,tax return
e99c0d21-42f5-447d-9370-c34c7845d71c,d3bf4b33-3ff9-4f77-b93e-694fdbd031e1,aaacc3a2-e67a-4acc-a6f0-6d62260466df,,,,true,yearly,,,,,,,tax return
21bd85df-eb7f-4c74-af79-fe57fbe090d6,23b4b521-141c-4cfc-8201-bec9924ab3e7,aaacc3a2-e67a-4acc-a6f0-6d62260466df,,,,true,yearly,,,,,,,tax return
76b55fb0-192c-4d84-b902-6caac5f0ebfe,cdb10967-e661-42c3-958b-61c38ebca482,aaacc3a2-e67a-4acc-a6f0-6d62260466df,,,,true,yearly,,,,,,,tax return
123616cd-1aaa-4e9c-b971-ade3baf277b8,5ac83fce-3606-4bb5-b581-4c6ef0e276eb,aaacc3a2-e67a-4acc-a6f0-6d62260466df,,,,true,yearly,,,,,,,tax return
00dcc588-2066-43c3-8f13-c8b8b5955b04,d8c25b62-2a52-409c-8d10-9bca88f65f5a,aaacc3a2-e67a-4acc-a6f0-6d62260466df,,,,true,yearly,,,,,,,tax return
93128552-0e59-4324-8fcc-6a0e3dc074ce,b8ccb3c2-f177-46db-bf88-c8dc9ddf12fb,aaacc3a2-e67a-4acc-a6f0-6d62260466df,,,,true,yearly,,,,,,,tax return
91f67d83-bee5-4691-a0ac-cd495fa259f6,7e46a29c-07d6-42e8-b156-2c32e974fb70,aaacc3a2-e67a-4acc-a6f0-6d62260466df,,,,true,yearly,,,,,,,tax return
7d387cdd-5979-40c1-9a9d-e389077a5816,955ce7a5-98df-4d2a-83f6-7926c8f254df,aaacc3a2-e67a-4acc-a6f0-6d62260466df,,,,true,yearly,,,,,,,tax return
7f5463b6-e3a0-4ad3-b889-955a9981c201,672bfb21-341e-4f14-a646-ad9c34b0100a,aaacc3a2-e67a-4acc-a6f0-6d62260466df,,,,true,yearly,,,,,,,tax return
b020c159-4de4-43ea-b46a-b16fae337e18,f90b22b7-bdc0-4b6c-bc74-919e93cd227f,aaacc3a2-e67a-4acc-a6f0-6d62260466df,,,,true,yearly,,,,,,,tax return
76fdaeff-69d2-422e-889d-c40857759b8c,edb195f4-9b66-41b0-a59d-34a9a0e8f45e,aaacc3a2-e67a-4acc-a6f0-6d62260466df,,,,true,yearly,,,,,,,tax return
c0d0f881-028d-475a-86f8-75a2748030ce,dffbd8b3-2dae-4825-af79-a50567a07b9d,aaacc3a2-e67a-4acc-a6f0-6d62260466df,,,,true,yearly,,,,,,,tax return
bbab219f-ecb8-4b09-b6fa-848dabac95d2,bb96e5ca-cb88-4f02-86ce-3469293ed5eb,aaacc3a2-e67a-4acc-a6f0-6d62260466df,,,,true,yearly,,,,,,,tax return
1fea730e-929c-4114-93c3-cb5b54fc1a86,f0c94017-0894-4201-9e99-7edca65b6958,aaacc3a2-e67a-4acc-a6f0-6d62260466df,,,,true,yearly,,,,,,,tax return
f8c73833-9b2a-460e-beb2-004ef11832d9,feef76e6-c58a-4afa-a0af-5fe1ff4d2c92,aaacc3a2-e67a-4acc-a6f0-6d62260466df,,,,true,yearly,,,,,,,tax return
f04032b1-8492-48ae-a7e3-d235ca0ced62,62e8f5c5-2056-4a12-998a-d853f30d88d8,aaacc3a2-e67a-4acc-a6f0-6d62260466df,,,,true,yearly,,,,,,,tax return
ac019e91-877d-48ca-94ab-08274cebe9a2,dd598017-ad4b-4745-a85a-c6816b0eb787,aaacc3a2-e67a-4acc-a6f0-6d62260466df,,,,true,yearly,,,,,,,tax return
cdfcb973-2cab-48a0-a7c1-fa41b07d568b,d569f90a-ecf0-42ec-8919-7910db843493,aaacc3a2-e67a-4acc-a6f0-6d62260466df,,,,true,yearly,,,,,,,tax return
bab833d1-4f56-4461-b86d-87e157345cef,9daf400c-3778-46b9-8aa1-8a5ef3be9d01,aaacc3a2-e67a-4acc-a6f0-6d62260466df,,,,true,yearly,,,,,,,tax return
da1c724a-5866-4d18-b9d4-6c20ff090bfe,17a4ce25-b46a-4f1f-bad8-95b3b6079fb0,aaacc3a2-e67a-4acc-a6f0-6d62260466df,,,,true,yearly,,,,,,,tax return
c8f25d06-5854-4d4a-aece-ecf2a65ba014,fcbac948-a4bd-412c-819a-36102696b447,aaacc3a2-e67a-4acc-a6f0-6d62260466df,,,,true,yearly,,,,,,,tax return
13c69689-9324-4211-a2d0-e279c4d156d4,0eba6f11-1a65-4cc9-8f44-f6deb06b4393,aaacc3a2-e67a-4acc-a6f0-6d62260466df,,,,true,yearly,,,,,,,tax return
85373e5d-6b68-499d-9214-6901c9375daa,9e26d17f-9c39-4dd1-90c3-cd6cb3ecca0a,aaacc3a2-e67a-4acc-a6f0-6d62260466df,,,,true,yearly,,,,,,,tax return
1aecd021-1a7d-4172-93d3-94b4b3f0388e,f661a71f-e064-43d0-91bb-c1f5ccec49bb,aaacc3a2-e67a-4acc-a6f0-6d62260466df,,,,true,yearly,,,,,,,tax return
d808e166-0051-4684-8ae4-dfd60620d754,4428b2d5-e33b-42b3-a352-cee7a6292cbb,aaacc3a2-e67a-4acc-a6f0-6d62260466df,,,,true,yearly,,,,,,,tax return
09bc764d-6d6f-4f49-97bb-2ee2a8d2bf19,135f1342-24e8-44f7-863c-92e952d8e08b,aaacc3a2-e67a-4acc-a6f0-6d62260466df,,,,true,yearly,,,,,,,tax return
492d1d6b-3133-4e3d-83ca-1de2975573e3,abb3f04c-a9ae-41e7-9b7a-7dbfa854840b,aaacc3a2-e67a-4acc-a6f0-6d62260466df,,,,true,yearly,,,,,,,tax return
339cc24d-f759-483b-83de-4f1a1a1e3969,054c12c7-839e-4afa-aba0-57f53ce44f85,aaacc3a2-e67a-4acc-a6f0-6d62260466df,,,,true,yearly,,,,,,,tax return
00acfbe5-a003-4035-8a6e-bfd17fe8d673,d4a2e2b9-ed38-457f-acb8-41b16c1ba914,aaacc3a2-e67a-4acc-a6f0-6d62260466df,,,,true,yearly,,,,,,,tax return
defcfaf8-49a8-4515-9b60-12458b0ef4e0,b458e8c0-be9e-4727-83b2-f034b0cb4721,aaacc3a2-e67a-4acc-a6f0-6d62260466df,,,,true,yearly,,,,,,,tax return
b2b779c4-8850-4ec4-9312-1dca820dfa0a,915d43cb-3f03-4dd9-b525-ed598e3b5507,aaacc3a2-e67a-4acc-a6f0-6d62260466df,,,,true,yearly,,,,,,,tax return
1d5eebef-7611-4e6d-a229-3585d2d263f7,0d8eb1d7-89d7-411e-8567-508003f6b4ac,aaacc3a2-e67a-4acc-a6f0-6d62260466df,,,,true,yearly,,,,,,,tax return
be08afd9-8bf8-48c4-92c4-173ed6d0bdd5,5f8580d3-3be9-4f81-b168-a6c4d464916e,aaacc3a2-e67a-4acc-a6f0-6d62260466df,,,,true,yearly,,,,,,,tax return
d396f838-93c8-4f89-ae9b-29c9f8c1a561,57f051ec-c6dd-4e70-a4ad-6bca1e508f1c,aaacc3a2-e67a-4acc-a6f0-6d62260466df,,,,true,yearly,,,,,,,tax return
cbfa64fd-4226-48c4-881b-d1b312c966ab,d33f77bc-fcf6-48b6-8294-14116d99d06d,aaacc3a2-e67a-4acc-a6f0-6d62260466df,,,,true,yearly,,,,,,,tax return
6097da98-6524-4838-b506-3c2ab69119d7,9d95d661-b5fe-44fc-92a9-555482b5d875,aaacc3a2-e67a-4acc-a6f0-6d62260466df,,,,true,yearly,,,,,,,tax return
6e686b38-5dfa-4b30-b138-0b899568aa90,31b2cc71-fecd-4b50-aa1b-94277468b9a9,aaacc3a2-e67a-4acc-a6f0-6d62260466df,,,,true,yearly,,,,,,,tax return
df47fba2-03b9-40eb-b4ec-0759fe5e0913,779a009e-b462-465b-af52-057d6d50762d,aaacc3a2-e67a-4acc-a6f0-6d62260466df,,,,true,yearly,,,,,,,tax return
c433d1b0-af6a-416b-b5b0-e2e55a8d0a98,8ca0b874-d102-4d1b-b8c9-370f510270ec,aaacc3a2-e67a-4acc-a6f0-6d62260466df,,,,true,yearly,,,,,,,tax return
402ef2db-352b-4b93-8532-77a63c5010a3,8bead6bd-e33a-4547-bb1f-9be1bd1ad1d1,aaacc3a2-e67a-4acc-a6f0-6d62260466df,,,,true,yearly,,,,,,,tax return
52257097-6f7e-4f43-b0a2-d778985cf0de,b164d2f9-4a20-45b6-b521-fcb94bb66839,aaacc3a2-e67a-4acc-a6f0-6d62260466df,,,,true,yearly,,,,,,,tax return
99700679-b853-4677-a8b6-e7dd2a43f011,e41f4efb-b4b8-4a5e-bbbe-b1571e8240ae,aaacc3a2-e67a-4acc-a6f0-6d62260466df,,,,true,yearly,,,,,,,tax return
e73d2dea-722d-47d0-8a2c-7728fa975c1d,3dd4b023-a231-4400-8200-983ca5b4b1ee,aaacc3a2-e67a-4acc-a6f0-6d62260466df,,,,true,yearly,,,,,,,tax return
16badd36-6298-48dc-9f7a-8fc4ef664b7b,6e5e0719-636b-4b8b-8a7c-c05f042014fd,aaacc3a2-e67a-4acc-a6f0-6d62260466df,,,,true,yearly,,,,,,,tax return
9df3a031-72a3-4e54-80b2-e7fc051d45e5,7ef5a6c7-2edc-48d7-9d26-adef05eb6df5,aaacc3a2-e67a-4acc-a6f0-6d62260466df,,,,true,yearly,,,,,,,tax return
3102be54-5192-4b63-9491-c2afc8a25770,5f04372a-9da4-44a4-be56-1a6a008985c4,aaacc3a2-e67a-4acc-a6f0-6d62260466df,,,,true,yearly,,,,,,,tax return
1a96bcaf-9af4-4f26-b866-244b33531602,1a0485fc-b805-4acc-bd90-76a98224bd23,aaacc3a2-e67a-4acc-a6f0-6d62260466df,,,,true,yearly,,,,,,,tax return
efc7e0f4-f820-400d-a271-17e4a03a0585,84ded216-2f63-4939-a3a0-1c76f6fcf51c,aaacc3a2-e67a-4acc-a6f0-6d62260466df,,,,true,yearly,,,,,,,tax return
bbb6cfad-08ba-47ad-a4fc-ad5c453b90ab,da3b3a41-3279-4119-894d-c5fd7ae23e9f,aaacc3a2-e67a-4acc-a6f0-6d62260466df,,,,true,yearly,,,,,,,tax return
71f893e2-3730-4204-a059-7d68f0a21901,faad4406-3256-4043-8a77-c68433dcc458,aaacc3a2-e67a-4acc-a6f0-6d62260466df,,,,true,yearly,,,,,,,tax return
235d2509-3bc5-48ff-8a2d-03f122e8c919,acf7ba39-3224-4e11-8a5f-15ee32cd8090,aaacc3a2-e67a-4acc-a6f0-6d62260466df,,,,true,yearly,,,,,,,tax return
9fd9d26c-bb23-4c83-9569-ce8ff7a5442e,e688d0c1-d890-46e9-a15c-aac79134fae9,aaacc3a2-e67a-4acc-a6f0-6d62260466df,,,,true,yearly,,,,,,,tax return
24b84d13-4519-44ab-9180-c12f02667009,4a10013e-05c1-45ab-96d3-cfd16ed8508e,aaacc3a2-e67a-4acc-a6f0-6d62260466df,,,,true,yearly,,,,,,,tax return
ffd9e869-50bf-4a84-a30a-3e0f2c599a1b,64d1758b-e397-4e31-83f6-d73cf5d2d931,aaacc3a2-e67a-4acc-a6f0-6d62260466df,,,,true,yearly,,,,,,,tax return
51afe45c-16e1-45c7-bbad-2a5853050d7a,fa426fe2-dbb1-4fc4-9952-c7f2f069c6e8,aaacc3a2-e67a-4acc-a6f0-6d62260466df,,,,true,yearly,,,,,,,tax return
2a9460f8-c025-4441-b17a-975537d7e014,00004fcb-faf5-4893-8dd4-600b2c3a5bcf,aaacc3a2-e67a-4acc-a6f0-6d62260466df,,,,true,yearly,,,,,,,tax return
bbe0b20f-4c59-4dcd-a34f-ef958a8290e0,d11a77fc-4b9a-4888-8e82-5a2052e241b5,aaacc3a2-e67a-4acc-a6f0-6d62260466df,,,,true,yearly,,,,,,,tax return
bfd2cd03-e655-413c-b670-582b0afc464b,89ca886a-f6f5-4e2d-89e3-a41614c95ccd,aaacc3a2-e67a-4acc-a6f0-6d62260466df,,,,true,yearly,,,,,,,tax return
49739ef8-0476-4f5c-b76b-ad8077beb99b,48d11b5f-ecaf-4af7-8237-c5b18deae4a0,aaacc3a2-e67a-4acc-a6f0-6d62260466df,,,,true,yearly,,,,,,,tax return
3632d047-921f-4187-aa90-835a0a5a60d3,0d2564df-2f0d-4c13-9424-cfb6dacb5b1f,aaacc3a2-e67a-4acc-a6f0-6d62260466df,,,,true,yearly,,,,,,,tax return
3a25c10c-d0ec-4016-b838-a0033aa13cf8,3401b33b-976f-4073-a7bc-dcec6feb3f82,aaacc3a2-e67a-4acc-a6f0-6d62260466df,,,,true,yearly,,,,,,,tax return
e6802cc5-74ea-432a-a2dd-2fa56951c762,9465d9fc-d6de-4d75-8c5a-b20902e07c90,aaacc3a2-e67a-4acc-a6f0-6d62260466df,,,,true,yearly,,,,,,,tax return
0b4c5852-d9da-4ca7-ade3-30e7e3062bf7,7dd27f47-12e1-4f92-b4e0-2d60ad43270b,aaacc3a2-e67a-4acc-a6f0-6d62260466df,,,,true,yearly,,,,,,,tax return
964d6fbb-9f01-47ba-a2e4-e4c81c649d9e,ed959883-4caf-4cfb-90e6-7e92193a93bb,aaacc3a2-e67a-4acc-a6f0-6d62260466df,,,,true,yearly,,,,,,,tax return
7f7df254-ffa3-41a8-9276-50bf2a496707,5adab03c-575a-44c4-ba0e-a94bcebeb8e7,aaacc3a2-e67a-4acc-a6f0-6d62260466df,,,,true,yearly,,,,,,,tax return
f4b794ae-4f59-4295-b126-7361950e880a,026b04d6-9850-498c-93f3-7f76c9f8b097,aaacc3a2-e67a-4acc-a6f0-6d62260466df,,,,true,yearly,,,,,,,tax return
0a77ef39-5e49-4754-a869-d2538bbcd9ef,168ae43f-8130-4e41-bbc7-1ffb38c6d326,aaacc3a2-e67a-4acc-a6f0-6d62260466df,,,,true,yearly,,,,,,,tax return
913fc7cd-7eff-4aaa-bc5e-9acb2464356e,213c3cf4-fc78-4dc1-afc1-f885fa16176a,aaacc3a2-e67a-4acc-a6f0-6d62260466df,,,,true,yearly,,,,,,,tax return
b913a896-ecfe-443b-a8b7-5075f7445463,2fe993de-a791-4cbe-aa2e-a0c24416b670,aaacc3a2-e67a-4acc-a6f0-6d62260466df,,,,true,yearly,,,,,,,tax return
097654cd-fe41-44c3-a810-55299159d42c,b9c6497b-8c6b-4419-8bb1-47e21a7be9aa,aaacc3a2-e67a-4acc-a6f0-6d62260466df,,,,true,yearly,,,,,,,tax return
ede681b4-d041-47cd-8506-682fd3297724,dd3d44ea-91a4-4f77-a347-ca25ed23ef7f,aaacc3a2-e67a-4acc-a6f0-6d62260466df,,,,true,yearly,,,,,,,tax return
51a66edb-2c79-4b44-89ba-89448818a0dd,21072787-6a11-44f0-8af5-851f5a76215f,aaacc3a2-e67a-4acc-a6f0-6d62260466df,,,,true,yearly,,,,,,,tax return
f6dc1d13-b098-4107-82f8-c7584e9c68fd,abcc9586-035b-4270-ac56-d0fb2f830832,aaacc3a2-e67a-4acc-a6f0-6d62260466df,,,,true,yearly,,,,,,,tax return
ba238900-a5df-474b-bccb-9f4d0e945ed6,17b314c0-46be-4f19-a9d6-e773eac90f18,aaacc3a2-e67a-4acc-a6f0-6d62260466df,,,,true,yearly,,,,,,,tax return
e1aa9d26-ab28-484e-8700-392a1459ea3a,7b457dcd-0e6e-49fe-bb37-1400aa888fa6,aaacc3a2-e67a-4acc-a6f0-6d62260466df,,,,true,yearly,,,,,,,tax return
5d0d5014-db0d-4be6-af1f-d8b8541ccdad,5b9d5fdf-57c8-43b3-9ecf-f7b47083fe14,aaacc3a2-e67a-4acc-a6f0-6d62260466df,,,,true,yearly,,,,,,,tax return
cbf7f4c0-2ce0-4138-adb8-ccc1bde14db8,82adbe06-467c-4ed8-aeea-98ae68140dae,aaacc3a2-e67a-4acc-a6f0-6d62260466df,,,,true,yearly,,,,,,,tax return
812125ad-a1a9-44d8-8035-660c0b54045a,dc691844-fe92-408d-9b98-69ff23004909,aaacc3a2-e67a-4acc-a6f0-6d62260466df,,,,true,yearly,,,,,,,tax return
9fc0933d-bf31-46f1-acf3-da5a37a06dca,81a47f0e-cc9d-4ffa-be3c-71c5a196d9b4,aaacc3a2-e67a-4acc-a6f0-6d62260466df,,,,true,yearly,,,,,,,tax return
91d07ed0-5ca8-437d-b6ff-6c3573a42d34,9c7df875-35af-484b-a50d-4af64fa380f8,aaacc3a2-e67a-4acc-a6f0-6d62260466df,,,,true,yearly,,,,,,,tax return
87269639-c8fc-435e-ade8-b9d47cc54289,5251f330-8b89-40de-bee5-5390d884a5d4,aaacc3a2-e67a-4acc-a6f0-6d62260466df,,,,true,yearly,,,,,,,tax return
99a1bf83-fbbd-48f6-8b06-eb121b0b678c,895ff511-5a61-473b-8dea-9d576ddcdc31,aaacc3a2-e67a-4acc-a6f0-6d62260466df,,,,true,yearly,,,,,,,tax return
7611d836-f614-4ab7-b624-7420b33bf91f,2b3bfb1b-7d78-41d5-8a22-1696200fdebf,aaacc3a2-e67a-4acc-a6f0-6d62260466df,,,,true,yearly,,,,,,,tax return
77eda090-aed8-4ca5-8ed8-d5f516bcbc63,5bd3848e-7a2d-451f-9ea2-f8b3af7bd212,aaacc3a2-e67a-4acc-a6f0-6d62260466df,,,,true,yearly,,,,,,,tax return
dc6d6bc0-35e0-40a8-8dbf-1ac138889975,3aa28186-f2a0-4210-8f85-5e54eb6d78c8,aaacc3a2-e67a-4acc-a6f0-6d62260466df,,,,true,yearly,,,,,,,tax return
da7f7ac0-66ad-42c9-8191-bfc35caa3720,6da2be79-942d-4562-aaf5-ec084ad984ef,aaacc3a2-e67a-4acc-a6f0-6d62260466df,,,,true,yearly,,,,,,,tax return
241578ea-ce40-4a87-8b64-2ed28009dd75,1322b88a-8134-4785-bd97-d2acd4adafd5,aaacc3a2-e67a-4acc-a6f0-6d62260466df,,,,true,yearly,,,,,,,tax return
f06c8d3e-f2b7-4e71-8076-68bf038772b3,79c72fa7-9715-455a-9bf0-9522d594b871,aaacc3a2-e67a-4acc-a6f0-6d62260466df,,,,true,yearly,,,,,,,tax return
7ba18ad4-da1b-4ca2-9c3f-4f27eb7a0301,6c3a02f6-ce24-4833-947b-28f423ac8a74,aaacc3a2-e67a-4acc-a6f0-6d62260466df,,,,true,yearly,,,,,,,tax return
b6b0630d-d81e-405d-b3d9-849ad4bfd10a,d5dd8138-b41d-4191-a1fa-0756368d043c,aaacc3a2-e67a-4acc-a6f0-6d62260466df,,,,true,yearly,,,,,,,tax return
bc8339f1-ba29-4cf0-84e0-c2f4e2f7cc01,55664871-ac17-457b-92c8-e3a8ce0d7f24,aaacc3a2-e67a-4acc-a6f0-6d62260466df,,,,true,yearly,,,,,,,tax return
510d85db-0848-4256-ba7c-cedf707324b4,cef5f680-a7d7-4d75-8222-53a1fe446369,aaacc3a2-e67a-4acc-a6f0-6d62260466df,,,,true,yearly,,,,,,,tax return
6b022f27-b7a8-4979-bf91-846594d1d333,8501f1d0-5b34-44a0-81fc-30a031f41c8b,aaacc3a2-e67a-4acc-a6f0-6d62260466df,,,,true,yearly,,,,,,,tax return
aa4aa9ba-ebdc-47b8-9cbb-d7c141d7ddc1,0704d34f-d360-4590-806f-f18fbf45772a,aaacc3a2-e67a-4acc-a6f0-6d62260466df,,,,true,yearly,,,,,,,tax return
39bb07ca-56ac-4827-b3d2-c50a864b5056,bcbeb29e-1dbe-46c9-b77a-b47bfd3636dc,aaacc3a2-e67a-4acc-a6f0-6d62260466df,,,,true,yearly,,,,,,,tax return
8add36bd-9ee7-49e7-bff2-cd7433766e65,260e2d71-16c0-4db5-a955-8835f44f49a0,aaacc3a2-e67a-4acc-a6f0-6d62260466df,,,,true,yearly,,,,,,,tax return
19614898-febc-490d-bc18-7c85886c5896,ab5369d7-ce0f-44d6-bcda-302980e301ce,aaacc3a2-e67a-4acc-a6f0-6d62260466df,,,,true,yearly,,,,,,,tax return
3b94d369-8d9b-4437-871a-954639aaba3d,ae77e6f3-54e1-484d-a2b3-fadd89aa57c3,aaacc3a2-e67a-4acc-a6f0-6d62260466df,,,,true,yearly,,,,,,,tax return
08e321e3-81f7-4134-8662-09179d6c9677,037f7dff-f7bd-4258-bf09-6f05fad72e73,aaacc3a2-e67a-4acc-a6f0-6d62260466df,,,,true,yearly,,,,,,,tax return
821731b3-0cd1-43b6-972a-84e5c6134be5,b6970b5f-58d3-4581-919b-266369a6a744,aaacc3a2-e67a-4acc-a6f0-6d62260466df,,,,true,yearly,,,,,,,tax return
7bc6e4bc-412f-4491-94f1-985c3506b703,285967d0-255a-495d-93de-bb9644ef5789,aaacc3a2-e67a-4acc-a6f0-6d62260466df,,,,true,yearly,,,,,,,tax return
5d95122e-1b15-464a-94a1-4da3fbec77c5,e3661468-6e07-4b9e-9da8-81e06d7ab1da,aaacc3a2-e67a-4acc-a6f0-6d62260466df,,,,true,yearly,,,,,,,tax return
997d80fa-a587-4771-bba4-ae2202ef73a4,a54d4ccd-035e-4124-b8b7-b9a3a292eb24,aaacc3a2-e67a-4acc-a6f0-6d62260466df,,,,true,yearly,,,,,,,tax return
5b2ad472-3ff8-4955-a723-e3b2b71f6a0a,4c58cccd-672f-4f82-88a4-44ceaf223671,aaacc3a2-e67a-4acc-a6f0-6d62260466df,,,,true,yearly,,,,,,,tax return
a8774ab8-ea69-409d-9f96-0df0bbc4743d,6c67ce51-30d9-42a6-b1ad-111c690e8b93,aaacc3a2-e67a-4acc-a6f0-6d62260466df,,,,true,yearly,,,,,,,tax return
fa10e61e-c9bd-4b6a-8e5f-3737de171c8f,da99cf31-d10a-4cf6-a8c0-b8b432ad95f6,aaacc3a2-e67a-4acc-a6f0-6d62260466df,,,,true,yearly,,,,,,,tax return
58ab72ff-2502-4edf-a8ff-acff75d83a61,70f10948-b500-4acc-999d-3111b98bb06c,aaacc3a2-e67a-4acc-a6f0-6d62260466df,,,,true,yearly,,,,,,,tax return
a0dd132c-190e-43fd-a0c1-6b80b1cfd19c,6cc16781-da19-457f-a0a8-cd4030893cc0,aaacc3a2-e67a-4acc-a6f0-6d62260466df,,,,true,yearly,,,,,,,tax return
e501a685-1b30-45be-bfa2-cc4fe08db164,8e29c194-52a4-4725-9173-9297f01aafdb,aaacc3a2-e67a-4acc-a6f0-6d62260466df,,,,true,yearly,,,,,,,tax return
11c569b7-e370-4562-90e6-be686122bba4,dabf6be7-9362-4e80-bd20-2707fcebaca3,aaacc3a2-e67a-4acc-a6f0-6d62260466df,,,,true,yearly,,,,,,,tax return
359c592c-5758-42e9-850e-3067ec4a0368,29bfcd48-6228-488a-876c-72c53e0a8193,aaacc3a2-e67a-4acc-a6f0-6d62260466df,,,,true,yearly,,,,,,,tax return
06922934-d97f-4524-b157-6ed3e1e073ee,ed926435-cc8e-4ea5-ac2d-ee4ef58d7c52,aaacc3a2-e67a-4acc-a6f0-6d62260466df,,,,true,yearly,,,,,,,tax return
3fad2ba3-5834-4551-a99b-2d6e5205f4ce,76dbfb96-a714-4d1d-bc3c-71c6a864f29b,aaacc3a2-e67a-4acc-a6f0-6d62260466df,,,,true,yearly,,,,,,,tax return
f0dbd5ed-1f5e-4392-aea6-6d97b04058b6,a97bdd0a-f715-4a15-83c4-dfbf36293b72,aaacc3a2-e67a-4acc-a6f0-6d62260466df,,,,true,yearly,,,,,,,tax return
af4e9045-b30e-4427-be79-5aebdde7617a,43405ac6-46e4-4c28-85ab-9090087ee2ec,aaacc3a2-e67a-4acc-a6f0-6d62260466df,,,,true,yearly,,,,,,,tax return
9f74490a-9a46-49d4-944d-439cd55d557a,76b75ab9-7353-4672-a2cb-d000fb618c12,aaacc3a2-e67a-4acc-a6f0-6d62260466df,,,,true,yearly,,,,,,,tax return
89d5adca-3b35-4eb4-935b-136200ced550,35670912-ca62-43ab-9683-e0d6f3caaf16,aaacc3a2-e67a-4acc-a6f0-6d62260466df,,,,true,yearly,,,,,,,tax return
efba9668-7ad6-4a93-9f05-62db2e14d0d7,a02fee79-854c-4d71-a79d-2acd6ebb8190,aaacc3a2-e67a-4acc-a6f0-6d62260466df,,,,true,yearly,,,,,,,tax return
d1b5414a-2113-43e6-9891-dac0df6a7ae4,371210e0-5d10-4a15-8ae3-c0289e654b86,aaacc3a2-e67a-4acc-a6f0-6d62260466df,,,,true,yearly,,,,,,,tax return
53692d95-6a7b-493a-83e6-f95ca8e169e7,a17553ac-bb27-4cfb-a05e-77475080cc11,aaacc3a2-e67a-4acc-a6f0-6d62260466df,,,,true,yearly,,,,,,,tax return
df396c5e-3915-4ec3-b5ff-88bb16432283,6951f6f1-3ef7-492a-ba26-1598d7fbe176,aaacc3a2-e67a-4acc-a6f0-6d62260466df,,,,true,yearly,,,,,,,tax return
5097e654-987f-4066-b184-e63a5aa93434,550d88fa-e10e-4dd2-a67f-19dbfd68afd7,aaacc3a2-e67a-4acc-a6f0-6d62260466df,,,,true,yearly,,,,,,,tax return
53cd9ce5-643b-4360-a50e-581943399dd5,d4607b14-3994-46f0-8e51-48fbb391b136,aaacc3a2-e67a-4acc-a6f0-6d62260466df,,,,true,yearly,,,,,,,tax return
fe09a87f-a8ab-4e03-bae5-0cff4c0c8b56,e00bde71-9764-4394-8769-b7bdee23977a,aaacc3a2-e67a-4acc-a6f0-6d62260466df,,,,true,yearly,,,,,,,tax return
949da496-7c88-4a7f-a5b0-04b19af23ae4,f26e9464-e2e0-4782-a882-62736d3a5825,aaacc3a2-e67a-4acc-a6f0-6d62260466df,,,,true,yearly,,,,,,,tax return
557a4367-2cce-40e6-a8ee-a4ebbc3d05c1,e6b0bc26-2eae-4265-be33-d0a6bf705871,aaacc3a2-e67a-4acc-a6f0-6d62260466df,,,,true,yearly,,,,,,,tax return
7bff3e45-7b3e-45e8-8914-75bf35e820a0,e79ffa1e-6307-40a2-97ff-850fddc34d56,aaacc3a2-e67a-4acc-a6f0-6d62260466df,,,,true,yearly,,,,,,,tax return
db1d1c28-43b5-4090-83f4-0f32aabd6d16,99f37a62-d482-4816-b5e8-cbf402ac3a68,aaacc3a2-e67a-4acc-a6f0-6d62260466df,,,,true,yearly,,,,,,,tax return
6ce95209-003d-4f73-939a-0f07884fe262,b9169db2-fa4e-45b1-aa68-a0852f91887b,aaacc3a2-e67a-4acc-a6f0-6d62260466df,,,,true,yearly,,,,,,,tax return
81d09d8f-b16a-474b-9427-367919a12012,b4f1d66a-fa1b-417e-923e-5a71bcdb2dc8,aaacc3a2-e67a-4acc-a6f0-6d62260466df,,,,true,yearly,,,,,,,tax return
ab9985ea-3198-43df-bbb4-facc3de8edb1,01f05820-e34c-4d79-88d4-4867896f2704,aaacc3a2-e67a-4acc-a6f0-6d62260466df,,,,true,yearly,,,,,,,tax return
914eb930-c06a-4f4a-959a-7adcb6874015,488b4cfc-7d3f-40e5-9fa2-ac0ee85af0a9,aaacc3a2-e67a-4acc-a6f0-6d62260466df,,,,true,yearly,,,,,,,tax return
270a58a6-ed08-4bf3-9770-68b6d053c690,ec7ccac6-ca97-4859-a0e0-efb3f5060c91,aaacc3a2-e67a-4acc-a6f0-6d62260466df,,,,true,yearly,,,,,,,tax return
f9ff3e3d-c29b-427a-9d41-ddc692b32f1f,45175ae0-3baa-4fc8-86e4-d7ff8258fe8d,aaacc3a2-e67a-4acc-a6f0-6d62260466df,,,,true,yearly,,,,,,,tax return
828069bd-2ef3-4390-bece-c8708664885d,81e7e78f-e38a-4ad7-85e9-0f25c6a30213,aaacc3a2-e67a-4acc-a6f0-6d62260466df,,,,true,yearly,,,,,,,tax return
697cc5b9-a384-4781-8357-8d4686448914,6a5e9bff-a81e-4428-bf74-a710fda3820b,aaacc3a2-e67a-4acc-a6f0-6d62260466df,,,,true,yearly,,,,,,,tax return
694186a8-194f-407e-9056-f6adb5e3a7ac,b5ba44da-5fc5-4964-90ab-c47be34620fb,aaacc3a2-e67a-4acc-a6f0-6d62260466df,,,,true,yearly,,,,,,,tax return
ea142cec-dc1d-4708-ad5a-a97fc36b1193,b1e927a7-9245-4b3e-8c0f-fe9f7e36a401,aaacc3a2-e67a-4acc-a6f0-6d62260466df,,,,true,yearly,,,,,,,tax return
6a8014d1-79db-4cb4-bb88-5dc41c514b1a,2b386449-6003-4e30-8c7e-9bec5000fca0,aaacc3a2-e67a-4acc-a6f0-6d62260466df,,,,true,yearly,,,,,,,tax return
928f5327-4528-419a-a192-c1ef16a7073a,cce99f59-5876-4155-bc6f-88c9bad81a04,aaacc3a2-e67a-4acc-a6f0-6d62260466df,,,,true,yearly,,,,,,,tax return
c446a8f5-650e-4295-b6b7-58ec3895220a,d4690648-7e82-4997-adc4-83b065e8fd6e,aaacc3a2-e67a-4acc-a6f0-6d62260466df,,,,true,yearly,,,,,,,tax return
a05ae3eb-d95a-47e8-a004-de739a9f6f11,545019b2-557a-44b6-890a-4775c5e16651,aaacc3a2-e67a-4acc-a6f0-6d62260466df,,,,true,yearly,,,,,,,tax return
e89bd7fe-1c8d-4ed0-a520-56cc47323b13,3c4baac4-12e1-4817-af5e-caa87d776056,aaacc3a2-e67a-4acc-a6f0-6d62260466df,,,,true,yearly,,,,,,,tax return
cd68cb9f-9344-4d8d-ae76-79091668160d,70f36b8f-847a-4756-972a-7fa2c4ae767f,aaacc3a2-e67a-4acc-a6f0-6d62260466df,,,,true,yearly,,,,,,,tax return
e78c9036-70aa-47a2-8839-f2f169259101,45f13248-2365-447b-a0f1-197c27fab380,aaacc3a2-e67a-4acc-a6f0-6d62260466df,,,,true,yearly,,,,,,,tax return
aca1125f-97fe-463e-b764-5e5541ccfe44,b32a9437-4d5c-4685-a1c7-0b9bd40ba71b,aaacc3a2-e67a-4acc-a6f0-6d62260466df,,,,true,yearly,,,,,,,tax return
a41550f0-941d-4e1f-8af2-70661ef827dc,54e763f4-99df-453a-8ac4-420516ff96ad,aaacc3a2-e67a-4acc-a6f0-6d62260466df,,,,true,yearly,,,,,,,tax return
fc16a1a1-1541-4805-8743-cdf3fc666b6b,f0cb1199-a284-494e-ba16-3955179c4990,aaacc3a2-e67a-4acc-a6f0-6d62260466df,,,,true,yearly,,,,,,,tax return
dc782d9b-b32a-4cb9-9f4f-a6b52fa6b6c7,cd4da601-5149-49ae-847e-92533ec67271,aaacc3a2-e67a-4acc-a6f0-6d62260466df,,,,true,yearly,,,,,,,tax return
f057ca14-6478-4e84-a1f1-cbd4f2430b6b,b1787096-ed17-4a8d-8189-d058eef87b49,aaacc3a2-e67a-4acc-a6f0-6d62260466df,,,,true,yearly,,,,,,,tax return
8baf9cf4-4950-436c-8fa8-8216bde01911,a3619493-0bc3-4c65-bfe9-7bd5ab4e7d97,aaacc3a2-e67a-4acc-a6f0-6d62260466df,,,,true,yearly,,,,,,,tax return
04a89718-b9d7-4362-98d6-f801d0f6b666,0896e1be-cec0-41f8-8d25-a12231d8531b,aaacc3a2-e67a-4acc-a6f0-6d62260466df,,,,true,yearly,,,,,,,tax return
328e8dc0-6eb7-4dfe-813c-3cbdd7376361,c8c012ac-70cb-428c-a0d2-8001cf0d6539,aaacc3a2-e67a-4acc-a6f0-6d62260466df,,,,true,yearly,,,,,,,tax return
d9e24337-ec4a-453c-9b15-3bf8f24844e5,cb8d6914-f6f0-4374-bd03-8a9e8ad48896,aaacc3a2-e67a-4acc-a6f0-6d62260466df,,,,true,yearly,,,,,,,tax return
cc5b8254-46e2-4fcc-b0d3-19d74e6e8440,4c0ae5c5-b9e3-4cb3-baa0-7277cc8c19e9,aaacc3a2-e67a-4acc-a6f0-6d62260466df,,,,true,yearly,,,,,,,tax return
d2494d21-6d68-4696-8a7a-946a0b53bc62,edbf4e26-5883-490e-90f2-981f109207b2,aaacc3a2-e67a-4acc-a6f0-6d62260466df,,,,true,yearly,,,,,,,tax return
b77a57d5-65c3-4890-b688-d38659237110,8d0ae9e7-8533-4817-9459-3280161972cd,aaacc3a2-e67a-4acc-a6f0-6d62260466df,,,,true,yearly,,,,,,,tax return
d70c3da2-1cbb-4086-8704-75b8584f0909,862d7d9b-2476-48de-b004-3bb7c69a7d2f,aaacc3a2-e67a-4acc-a6f0-6d62260466df,,,,true,yearly,,,,,,,tax return
7eb2b7b6-394f-4cb2-a45b-df0dd4ff1c4b,babc2b35-17b1-432f-ba7c-62b073d9ae3a,aaacc3a2-e67a-4acc-a6f0-6d62260466df,,,,true,yearly,,,,,,,tax return
061868c3-cdc2-43ad-b6f5-0a86d0212fb8,8ba25709-9af8-49e0-b085-9ab7b31f91e3,aaacc3a2-e67a-4acc-a6f0-6d62260466df,,,,true,yearly,,,,,,,tax return
b02c5c0d-4e1b-41f1-bdb8-8b3065283af6,6d9976b5-f7fa-4862-aa6c-590f0e18613a,aaacc3a2-e67a-4acc-a6f0-6d62260466df,,,,true,yearly,,,,,,,tax return
e1d95d45-1fba-4b4f-86b3-56f0b6cf76c8,62213892-13f2-4e12-b40c-98276aceb11d,aaacc3a2-e67a-4acc-a6f0-6d62260466df,,,,true,yearly,,,,,,,tax return
d73cf405-bc0d-4147-949c-90b4c3ca46f1,66cdfa50-34d2-47c2-96bd-ef820e892a61,aaacc3a2-e67a-4acc-a6f0-6d62260466df,,,,true,yearly,,,,,,,tax return
713f8c79-3173-4e08-b0f9-891b45da5e2e,b8127e0a-39a9-4777-8c7f-41052183b730,aaacc3a2-e67a-4acc-a6f0-6d62260466df,,,,true,yearly,,,,,,,tax return
5c61afc7-a663-4d58-94eb-8c35f6f4b9a9,bf161b56-b992-4a19-9752-a7b0f11ae9e0,aaacc3a2-e67a-4acc-a6f0-6d62260466df,,,,true,yearly,,,,,,,tax return
ce5611d9-4c5a-48ef-9432-83a2527367a8,1bbd8de1-d9ef-4c2a-a5a0-da2400d5f19a,aaacc3a2-e67a-4acc-a6f0-6d62260466df,,,,true,yearly,,,,,,,tax return
0e7f3c22-9b45-407c-b81f-e414960c360d,57254af8-38b4-43f8-a69e-cbfc2600dc7f,aaacc3a2-e67a-4acc-a6f0-6d62260466df,,,,true,yearly,,,,,,,tax return
34b68638-bb20-4f5c-b456-3454da128ecf,6f951492-b37c-47a3-85fc-41dd96915f87,aaacc3a2-e67a-4acc-a6f0-6d62260466df,,,,true,yearly,,,,,,,tax return
7d2b63a7-eb58-4e1c-8530-66072463896e,3cf8b5df-adea-48aa-a584-2a6549c1f45e,aaacc3a2-e67a-4acc-a6f0-6d62260466df,,,,true,yearly,,,,,,,tax return
67f6d793-d0a7-4be8-ba1d-d47a1378fff1,295313c6-e73c-4ecb-9113-ed9f7b419979,aaacc3a2-e67a-4acc-a6f0-6d62260466df,,,,true,yearly,,,,,,,tax return
62c7fd25-6a69-4e6b-9e69-cf626c0abb5c,1f806a21-c761-42b7-ab92-a997dbbe8c8c,aaacc3a2-e67a-4acc-a6f0-6d62260466df,,,,true,yearly,,,,,,,tax return
6fadda6c-9ea8-47ae-8712-c2ea0786e529,5e0243eb-4620-4a9a-87c8-d42045664e03,aaacc3a2-e67a-4acc-a6f0-6d62260466df,,,,true,yearly,,,,,,,tax return
deef2ee2-858c-428e-af66-7c578964a950,427686b2-38ca-46db-be21-2e8323f0ace9,aaacc3a2-e67a-4acc-a6f0-6d62260466df,,,,true,yearly,,,,,,,tax return
d72397ab-f7f8-4bf5-9795-8ddf6b3b8766,beab2523-f6d5-4156-863a-914f007ccf81,aaacc3a2-e67a-4acc-a6f0-6d62260466df,,,,true,yearly,,,,,,,tax return
510cc9ee-0f9a-418e-ae06-538fbaf1a626,b0190ada-a73a-42b6-94a9-8c2bb4a12fa8,aaacc3a2-e67a-4acc-a6f0-6d62260466df,,,,true,yearly,,,,,,,tax return
6aff6a8c-e957-4a82-88fa-8b9eb727497d,019cb1a2-dd32-4620-94a3-0d2eacbe0fb5,aaacc3a2-e67a-4acc-a6f0-6d62260466df,,,,true,yearly,,,,,,,tax return
cf8b24dc-2dc8-4e11-9536-b2da0d96ac25,29243a60-c5e5-4a86-bf3b-6ab4a0cef3dc,aaacc3a2-e67a-4acc-a6f0-6d62260466df,,,,true,yearly,,,,,,,tax return
270170bd-e500-4234-92bc-fff319312f62,4743dec8-4d3b-4973-aa06-2056d26019d0,aaacc3a2-e67a-4acc-a6f0-6d62260466df,,,,true,yearly,,,,,,,tax return
8cdb8b9f-6e5d-429d-b399-b84c376dcd5a,b607f608-2783-40ab-bd37-34da63b1ea1f,aaacc3a2-e67a-4acc-a6f0-6d62260466df,,,,true,yearly,,,,,,,tax return
54ab0f47-0c06-41ee-9f8f-a2d493528cfd,e2f8ed7d-6e74-4190-9822-cbe2bbdd5737,aaacc3a2-e67a-4acc-a6f0-6d62260466df,,,,true,yearly,,,,,,,tax return
a904394f-35ac-4880-8a48-c17f23e1f4ff,fb61df06-b967-499f-af9c-ae97ea9a8366,aaacc3a2-e67a-4acc-a6f0-6d62260466df,,,,true,yearly,,,,,,,tax return
2b6ce174-0ceb-4407-ad34-9112984854fc,28fab021-82e2-4a79-ae32-0040a86b4f0c,aaacc3a2-e67a-4acc-a6f0-6d62260466df,,,,true,yearly,,,,,,,tax return
519cbb3e-c3a1-453f-9189-3ff4bee5b7c4,c392d751-7b03-4aa0-89d5-0ef4ed68c2a4,aaacc3a2-e67a-4acc-a6f0-6d62260466df,,,,true,yearly,,,,,,,tax return
449c31c4-275f-4967-beec-dff620425564,3a4c2769-6872-47f6-ae6a-7774cc66b69d,aaacc3a2-e67a-4acc-a6f0-6d62260466df,,,,true,yearly,,,,,,,tax return
9dcf38d5-f654-43c6-af4d-7cf7a823584d,4c336760-86e5-4e90-bb45-1746da35cb99,aaacc3a2-e67a-4acc-a6f0-6d62260466df,,,,true,yearly,,,,,,,tax return
b33433b8-663a-473b-b0b4-4c6599c038a3,0afe5ab7-ae87-4e79-abeb-01da1079db34,aaacc3a2-e67a-4acc-a6f0-6d62260466df,,,,true,yearly,,,,,,,tax return
a33081e3-1597-46b8-8b0d-b471be5ca3fe,12451e9e-15e9-4c9f-9fe5-665f124466f1,aaacc3a2-e67a-4acc-a6f0-6d62260466df,,,,true,yearly,,,,,,,tax return
b4fb9139-ea6b-49f9-921c-8ac2ae8a9bca,0d8632f6-9390-49e4-902c-78f203400bc0,aaacc3a2-e67a-4acc-a6f0-6d62260466df,,,,true,yearly,,,,,,,tax return
f303bc37-1993-443c-ba26-f2f80c1e70ce,30394920-ec0c-42f4-8df0-84e4d1fa555e,aaacc3a2-e67a-4acc-a6f0-6d62260466df,,,,true,yearly,,,,,,,tax return
038c38f3-a6bb-4730-a741-3cc6661f17dd,7d46e05a-a526-4007-8694-6398335c0c8e,aaacc3a2-e67a-4acc-a6f0-6d62260466df,,,,true,yearly,,,,,,,tax return
d0298f66-deb6-4d28-857d-bd415d3a127e,19c7d0e7-77c5-479c-9320-1fb33355a93c,aaacc3a2-e67a-4acc-a6f0-6d62260466df,,,,true,yearly,,,,,,,tax return
44aa5898-7bef-4248-a75d-2f2166f334d8,45dcd9e2-9f9a-4a3e-8025-15aaf6d7ed86,aaacc3a2-e67a-4acc-a6f0-6d62260466df,,,,true,yearly,,,,,,,tax return
481c455a-7f9b-4dde-abcf-cd0be40bfe55,58e7e165-889f-4be3-842c-b4b17b990c62,aaacc3a2-e67a-4acc-a6f0-6d62260466df,,,,true,yearly,,,,,,,tax return
9bd56d7f-b5b1-49fa-b0f2-6ecb304cf259,b2a70a48-4721-48d0-b9ac-065b70143fd3,aaacc3a2-e67a-4acc-a6f0-6d62260466df,,,,true,yearly,,,,,,,tax return
2ec9855d-ce2d-4015-b8f2-f5e7f46b4188,afe94433-6a4b-406a-917a-943719441dee,aaacc3a2-e67a-4acc-a6f0-6d62260466df,,,,true,yearly,,,,,,,tax return
a5bf0cb6-c61d-4f78-ac4b-8b6a5cee7cb2,645402fe-852d-4af2-aa31-cbebd70eb872,aaacc3a2-e67a-4acc-a6f0-6d62260466df,,,,true,yearly,,,,,,,tax return
18d73a7f-80c0-410b-8960-e79273ec3b4d,71a7015f-597f-46c1-9945-8bd65788bd57,aaacc3a2-e67a-4acc-a6f0-6d62260466df,,,,true,yearly,,,,,,,tax return
22a550ff-c1dc-44c1-b549-f93258fd43c6,b4a8fd75-cd59-4bcb-8a4d-794d5d7c87ba,aaacc3a2-e67a-4acc-a6f0-6d62260466df,,,,true,yearly,,,,,,,tax return
1818e23d-c12d-4e13-b716-1769f91d2f89,a44918eb-5867-475a-88c2-e335c30b6fe1,aaacc3a2-e67a-4acc-a6f0-6d62260466df,,,,true,yearly,,,,,,,tax return
bc97b48d-9124-49d4-b94d-97b4e0ac46c9,f96bcd3e-81a8-4a09-ad84-7f282a37b3d2,aaacc3a2-e67a-4acc-a6f0-6d62260466df,,,,true,yearly,,,,,,,tax return
fed103c8-0a96-4b7b-a3dd-7a950454c264,e96cc1bd-c870-433a-8475-54bf9903c81a,aaacc3a2-e67a-4acc-a6f0-6d62260466df,,,,true,yearly,,,,,,,tax return
34d9479b-f6a6-4fd4-a4a1-189ad8ad9ba8,1df4e1ec-754b-41fa-a7b3-ee006441f7dc,aaacc3a2-e67a-4acc-a6f0-6d62260466df,,,,true,yearly,,,,,,,tax return
67f0e10a-6573-4ad0-b15f-dd744a7bfb9d,d24a734c-68c3-45c1-b3bb-a7fd32fe91e8,aaacc3a2-e67a-4acc-a6f0-6d62260466df,,,,true,yearly,,,,,,,tax return
31a3f140-4d47-448e-a7b4-181237dc859d,cc9ed895-dc36-4da2-9e62-ca11ff2f7c36,aaacc3a2-e67a-4acc-a6f0-6d62260466df,,,,true,yearly,,,,,,,tax return
19c7f421-5013-4f8c-8a58-251d0d4ddc92,d310074b-28b6-4c16-9b5e-f46fd410b114,aaacc3a2-e67a-4acc-a6f0-6d62260466df,,,,true,yearly,,,,,,,tax return
41b40af0-c69b-4886-b2fa-4ed3e6449f1d,8a9a7f0b-e199-4c6d-8c20-81e7ff5d5747,aaacc3a2-e67a-4acc-a6f0-6d62260466df,,,,true,yearly,,,,,,,tax return
a3fed9a1-0063-427c-8b47-2ea47751bd3a,ed39b2c5-4151-4900-92f5-210a14caaab5,aaacc3a2-e67a-4acc-a6f0-6d62260466df,,,,true,yearly,,,,,,,tax return
d1e1f0db-965e-42c6-8a2f-780cd3c99d64,80c527ae-3e30-4fdb-88a9-c8be69a9931a,aaacc3a2-e67a-4acc-a6f0-6d62260466df,,,,true,yearly,,,,,,,tax return
a96e4e88-93a2-4d29-8fc4-9bee754030a9,d3c886f9-e78d-4d2d-a150-13adc78b4885,aaacc3a2-e67a-4acc-a6f0-6d62260466df,,,,true,yearly,,,,,,,tax return
6750b79a-f73f-4d5e-869a-483d77ad26fc,ffb48b07-5dc5-4a8e-a80a-9ca72b8b5eca,aaacc3a2-e67a-4acc-a6f0-6d62260466df,,,,true,yearly,,,,,,,tax return
1b81ab67-3158-4be4-86d6-ad2f83c155df,a63f3879-d407-4911-8f2d-b7ba201c3ef2,aaacc3a2-e67a-4acc-a6f0-6d62260466df,,,,true,yearly,,,,,,,tax return
85b9029c-a5ff-4a46-b02e-74b6eef92b87,d3452ea9-6be8-42fb-bc32-56c5f72770c6,aaacc3a2-e67a-4acc-a6f0-6d62260466df,,,,true,yearly,,,,,,,tax return
3d1a0d8d-51d8-4ec5-80e6-23d39d715e5a,da889f1c-07b3-40fa-9f43-de2a99a8181e,aaacc3a2-e67a-4acc-a6f0-6d62260466df,,,,true,yearly,,,,,,,tax return
bc3c482e-4480-45b7-9166-492af974ccb1,49f4719d-e717-4522-8172-8896de67d715,aaacc3a2-e67a-4acc-a6f0-6d62260466df,,,,true,yearly,,,,,,,tax return
8fa301f8-e68c-4c66-909c-31f1473e8b02,65932d14-668b-48f4-9524-b6e3a88f2a43,aaacc3a2-e67a-4acc-a6f0-6d62260466df,,,,true,yearly,,,,,,,tax return
2b291654-3a26-4e93-9d3b-200db1ccb8c0,4d1b4fe2-2c09-4b72-b546-a7112c381b1b,aaacc3a2-e67a-4acc-a6f0-6d62260466df,,,,true,yearly,,,,,,,tax return
d83a4f32-9b49-4c2f-b517-7ae273509a2b,2663b6ae-b9a0-4b20-9012-0e720e26c40d,aaacc3a2-e67a-4acc-a6f0-6d62260466df,,,,true,yearly,,,,,,,tax return
85569646-6d1f-44dd-a756-a5bb8dc47cdb,fa29f6d4-3172-4ab7-a097-f7635c7bc654,aaacc3a2-e67a-4acc-a6f0-6d62260466df,,,,true,yearly,,,,,,,tax return
7697a7f7-9f67-4159-bfe4-645333cac92b,e885f7fb-e9e7-4e37-a198-a77eb9860f6c,aaacc3a2-e67a-4acc-a6f0-6d62260466df,,,,true,yearly,,,,,,,tax return
3dfbf4be-2609-41d6-8dea-3fe3a723a570,c2aeaa63-fbc6-4081-a64c-c06699d841ce,aaacc3a2-e67a-4acc-a6f0-6d62260466df,,,,true,yearly,,,,,,,tax return
450dd10b-2c7b-4ef5-9e05-266dfb362ecc,637d30b1-0c41-4074-8dae-17826f2d3330,aaacc3a2-e67a-4acc-a6f0-6d62260466df,,,,true,yearly,,,,,,,tax return
cb5a1d1a-35f7-4292-9414-dc5c7953d479,cd0ece79-0f53-40da-97d2-3053c093eb6d,aaacc3a2-e67a-4acc-a6f0-6d62260466df,,,,true,yearly,,,,,,,tax return
37fa96e0-cdf6-4f79-8a8a-3c4ea4045d86,01625db5-6e0f-4fd2-998a-0ad297450040,aaacc3a2-e67a-4acc-a6f0-6d62260466df,,,,true,yearly,,,,,,,tax return
ee23a5de-6660-4acb-a3dc-b3ff176b574e,42d0fadd-6050-4224-b5f6-428a33131bda,aaacc3a2-e67a-4acc-a6f0-6d62260466df,,,,true,yearly,,,,,,,tax return
f539239c-9631-4660-9485-d2e6becbbb45,faeca89c-c4f0-4ea8-9931-466204af7864,aaacc3a2-e67a-4acc-a6f0-6d62260466df,,,,true,yearly,,,,,,,tax return
e544b6aa-ab04-44b0-b253-68dd539df717,91d87d5f-cb99-48f5-b5e5-678b94a4e357,aaacc3a2-e67a-4acc-a6f0-6d62260466df,,,,true,yearly,,,,,,,tax return
99464be3-e208-40ad-a9cb-66b52601b3b9,a7ff4a75-ba9f-486c-ad88-c86edf242010,aaacc3a2-e67a-4acc-a6f0-6d62260466df,,,,true,yearly,,,,,,,tax return
9382f44d-ef6c-4a98-b629-af6e6aa67800,95ce4b42-c369-4824-bb55-32cbcf8bd014,aaacc3a2-e67a-4acc-a6f0-6d62260466df,,,,true,yearly,,,,,,,tax return
c3910f73-737b-4a3c-b1da-eec5c6973349,9da75b3f-21ed-4676-92af-31685301ecac,aaacc3a2-e67a-4acc-a6f0-6d62260466df,,,,true,yearly,,,,,,,tax return
a3631046-96a4-46e1-9170-c2c9346caab7,3b276a8e-37af-40ae-8499-a2b4427b1610,aaacc3a2-e67a-4acc-a6f0-6d62260466df,,,,true,yearly,,,,,,,tax return
e1ad5c62-767e-45c0-9ca4-01c15cfb8f69,9601a221-c507-4df3-a5c9-f27fbb501911,aaacc3a2-e67a-4acc-a6f0-6d62260466df,,,,true,yearly,,,,,,,tax return
0b83508b-7316-4d6e-8c68-e28798dbf28a,8bbbc47f-cc1c-42fa-85c4-d18ade2a1494,aaacc3a2-e67a-4acc-a6f0-6d62260466df,,,,true,yearly,,,,,,,tax return
0e12c978-1c45-4ad3-bb06-ae6d3b3559aa,51fb7305-0ff6-4105-88bd-11ec4c2e47b1,aaacc3a2-e67a-4acc-a6f0-6d62260466df,,,,true,yearly,,,,,,,tax return
dacf8238-095c-4728-80ab-337d6d6ed9b4,cb207112-7c68-4848-8e61-f439800a70c9,aaacc3a2-e67a-4acc-a6f0-6d62260466df,,,,true,yearly,,,,,,,tax return
7b9bbb72-ec30-4e3e-aac7-9c0a4420ee03,effbd920-d1f4-423f-8707-bd23c4996b59,aaacc3a2-e67a-4acc-a6f0-6d62260466df,,,,true,yearly,,,,,,,tax return
b08f6125-c005-4535-9d0a-d10ae425b371,9bf1b6d6-c037-4707-9620-ace097527b9e,aaacc3a2-e67a-4acc-a6f0-6d62260466df,,,,true,yearly,,,,,,,tax return
f7f93cd0-ec57-4f94-9a20-f920cb8be76e,6494ee4a-fda4-4b71-b06f-cb6e401e17f8,aaacc3a2-e67a-4acc-a6f0-6d62260466df,,,,true,yearly,,,,,,,tax return
9fe2130e-ba5f-4f16-93ce-f40715a45422,9e44c638-ebdb-4f58-82c8-7709ea2b908c,aaacc3a2-e67a-4acc-a6f0-6d62260466df,,,,true,yearly,,,,,,,tax return
12ca78b9-4d66-410c-a90f-768538ab58d8,fc0cb705-bbe3-4472-8c83-11d2206633cd,aaacc3a2-e67a-4acc-a6f0-6d62260466df,,,,true,yearly,,,,,,,tax return
b96e9066-e4d5-4577-9b31-d161e2f7465d,72a98b93-f902-4656-b05e-ed86eb4e68a1,aaacc3a2-e67a-4acc-a6f0-6d62260466df,,,,true,yearly,,,,,,,tax return
011b6638-6d9e-4623-9498-079f8a8f3354,82f20b28-7e65-48a4-b81a-21a48482d69c,aaacc3a2-e67a-4acc-a6f0-6d62260466df,,,,true,yearly,,,,,,,tax return
fde8f295-e52f-4a5f-a876-8faaf18cc24b,58b301e0-422f-4084-be46-34e78869ddcc,aaacc3a2-e67a-4acc-a6f0-6d62260466df,,,,true,yearly,,,,,,,tax return
8a4b40fb-0695-4286-812f-f405fd0d0524,f4db44c7-ffe7-42f4-b305-502a47406fb9,aaacc3a2-e67a-4acc-a6f0-6d62260466df,,,,true,yearly,,,,,,,tax return
107beefe-2144-42df-abfc-d17a43494a78,fd262419-306f-4dde-95b3-1023128f84e7,aaacc3a2-e67a-4acc-a6f0-6d62260466df,,,,true,yearly,,,,,,,tax return
8e1c09ce-21d9-41f3-911e-1df2f3ff07d4,8b57b085-b1da-4d20-a867-3b94a3f9e66c,aaacc3a2-e67a-4acc-a6f0-6d62260466df,,,,true,yearly,,,,,,,tax return
c4540b6c-4d6f-4895-89e3-4d4804fdcd19,6cda3f32-3c90-4fb9-bc96-a3830eb4c482,aaacc3a2-e67a-4acc-a6f0-6d62260466df,,,,true,yearly,,,,,,,tax return
21814427-bc22-4aba-b943-53df8b6f03ea,df25f6b3-60f8-4b2c-9d6d-014bbb31734f,aaacc3a2-e67a-4acc-a6f0-6d62260466df,,,,true,yearly,,,,,,,tax return
eaf72147-7554-4603-a08d-363c59c8a405,3de8c1df-2902-4b00-a521-078b89e316d6,aaacc3a2-e67a-4acc-a6f0-6d62260466df,,,,true,yearly,,,,,,,tax return
15832bea-122b-4622-a14e-3eda8ec31b92,966f82e2-0330-4e8e-84a1-7cd32c167650,aaacc3a2-e67a-4acc-a6f0-6d62260466df,,,,true,yearly,,,,,,,tax return
311cef26-2d32-4b36-a75f-ae11b022b2b2,b652a6fb-e346-4149-b60d-977a1f1931ae,aaacc3a2-e67a-4acc-a6f0-6d62260466df,,,,true,yearly,,,,,,,tax return
4ea19d4a-1b19-4488-a6da-3974958ae8fa,0c332869-2973-4351-87f2-9989035bb190,aaacc3a2-e67a-4acc-a6f0-6d62260466df,,,,true,yearly,,,,,,,tax return
d57cca18-1879-4e61-b594-057820bfd576,017ef211-2cd4-4a71-abe6-026940742a27,aaacc3a2-e67a-4acc-a6f0-6d62260466df,,,,true,yearly,,,,,,,tax return
7998f271-2ade-4dda-abd9-cba87ce46968,9a2bff32-9861-4004-9c06-66f74ee8cdea,aaacc3a2-e67a-4acc-a6f0-6d62260466df,,,,true,yearly,,,,,,,tax return
47a37318-e9a2-485f-bf29-a6ef45c11ccd,067f8487-9e83-40d6-90db-cca348232adc,aaacc3a2-e67a-4acc-a6f0-6d62260466df,,,,true,yearly,,,,,,,tax return
87440825-10d0-4390-b9c4-d09e1eb5e153,fff016b2-9432-4593-9b5d-b266f63b9518,aaacc3a2-e67a-4acc-a6f0-6d62260466df,,,,true,yearly,,,,,,,tax return
c005c419-f047-496d-8cb2-c3e6b426d4c1,ca9ab1cc-4bf4-42c9-a187-fbcd1bc3723d,aaacc3a2-e67a-4acc-a6f0-6d62260466df,,,,true,yearly,,,,,,,tax return
bc7c6fe4-afd7-457e-a7e2-4d53dee5aead,bd7573e6-7bc5-49db-b5d5-ce15ad431677,aaacc3a2-e67a-4acc-a6f0-6d62260466df,,,,true,yearly,,,,,,,tax return
be70df27-4786-4aa0-b22b-498ce8901375,f29ad485-efd3-4ba6-ac5d-0ee87b7131dd,aaacc3a2-e67a-4acc-a6f0-6d62260466df,,,,true,yearly,,,,,,,tax return
d5d3c3ba-f28c-4c20-b9d4-c11dc103f5ae,f66d27e0-0bb1-4cf3-a7bb-5bf30f9bdb6e,aaacc3a2-e67a-4acc-a6f0-6d62260466df,,,,true,yearly,,,,,,,tax return
e535a5bf-6d3b-4e76-997d-b2035d898194,998f5cce-539b-41ac-bc50-5a35b3eba325,aaacc3a2-e67a-4acc-a6f0-6d62260466df,,,,true,yearly,,,,,,,tax return
fc753816-06af-40d2-b81d-d5b24489caa1,ea7f0118-1016-48f3-8046-c728587bb59c,aaacc3a2-e67a-4acc-a6f0-6d62260466df,,,,true,yearly,,,,,,,tax return
e4b91989-7284-4369-83e8-6376b12e233c,3121b5e2-6534-43e7-b5c2-30aa03be2a89,aaacc3a2-e67a-4acc-a6f0-6d62260466df,,,,true,yearly,,,,,,,tax return
bea0ef50-7b37-4ec7-bbb3-3a178f5feafe,0137cb54-0778-4b5f-90fc-43f92c688308,aaacc3a2-e67a-4acc-a6f0-6d62260466df,,,,true,yearly,,,,,,,tax return
aa01cad2-c4f7-412d-a157-be347fa42e82,2d469eb2-cb9c-417a-a231-1d8aa2ad2a2e,aaacc3a2-e67a-4acc-a6f0-6d62260466df,,,,true,yearly,,,,,,,tax return
2d8381a8-1ee7-44cd-925e-6fd88533d884,27ee8091-e355-4986-911c-30caaa0debfe,aaacc3a2-e67a-4acc-a6f0-6d62260466df,,,,true,yearly,,,,,,,tax return
2902e838-7d6c-4e15-82e9-79f3df1053d9,acb53081-76b1-4994-8f8a-a555ad25450d,aaacc3a2-e67a-4acc-a6f0-6d62260466df,,,,true,yearly,,,,,,,tax return
ae05ddd4-dd4b-4164-bf60-5a6c60b13971,0cf030d4-9293-4292-ba9c-7ef1b0c69e56,aaacc3a2-e67a-4acc-a6f0-6d62260466df,,,,true,yearly,,,,,,,tax return
ed4a6963-f992-4e34-b39f-9741b2aff9dd,051b4cb8-4064-4ae5-8587-2dd166ffab13,aaacc3a2-e67a-4acc-a6f0-6d62260466df,,,,true,yearly,,,,,,,tax return
99f0196d-1cda-4c53-8359-d69af3c5cb37,0ae8c8ea-49f8-4c5d-9eaf-322fbdb29a43,aaacc3a2-e67a-4acc-a6f0-6d62260466df,,,,true,yearly,,,,,,,tax return
4690c343-23a4-4bf4-b6d3-6f9ee0eb8070,0112fec4-4215-4ead-96c1-afb134333c54,aaacc3a2-e67a-4acc-a6f0-6d62260466df,,,,true,yearly,,,,,,,tax return
4ff67c58-4003-480c-b39d-1d76bebe7cd1,a035b0bd-1873-4ca3-9f8a-94aca388d02e,aaacc3a2-e67a-4acc-a6f0-6d62260466df,,,,true,yearly,,,,,,,tax return
e61008fc-bc34-4e79-b3e1-d58ae01582ee,e54b6e09-b832-4de0-a35f-cbb6a63528ac,aaacc3a2-e67a-4acc-a6f0-6d62260466df,,,,true,yearly,,,,,,,tax return
3b0bef5b-0076-4a2e-a4d5-0de393435bcd,5991c261-8a42-4d84-ab20-972f6a5d9cac,19bf0c9e-eb0b-43bf-bca3-a03922a490d9,,653d18c7-ff9c-42a4-b2ab-b254294d25af,Lizette,true,weekly,Quickbooks Desktop 24,,,,,"{""pay_date"":""Saturdays""}",
95b14da0-e18d-460d-948e-687f80c384ce,dfe1bf6e-884f-49ad-ac1b-afd356d740ef,19bf0c9e-eb0b-43bf-bca3-a03922a490d9,,ece316ab-d105-4853-a29f-1c9b0feb4536,Janeth,true,monthly,ADP,,,,,"{""pay_date"":""EOM""}",
85fbf2c9-5a36-46da-9f2b-12f08f8ad766,40c30eb1-4171-4fc7-bbb1-70b44adc99b9,19bf0c9e-eb0b-43bf-bca3-a03922a490d9,,ece316ab-d105-4853-a29f-1c9b0feb4536,Janeth,true,weekly,ADP,,,,,"{""pay_date"":""Fridays""}",
905fa26e-2e49-4dba-89a1-132a29c20c23,1227bff1-efd9-4623-8c2f-b0a33a59bf10,19bf0c9e-eb0b-43bf-bca3-a03922a490d9,,ece316ab-d105-4853-a29f-1c9b0feb4536,Janeth,true,weekly,ADP,,,,,"{""pay_date"":""Fridays""}",
c859255c-8006-43ad-8a8f-33cce4732f87,4fdd9ca6-6e89-48d5-ad7a-094857d610d8,19bf0c9e-eb0b-43bf-bca3-a03922a490d9,,ece316ab-d105-4853-a29f-1c9b0feb4536,Janeth,true,bi_weekly,ADP,,,,,"{""pay_date"":""Thursdays""}",
930c4ad7-d5d9-4d06-b150-12eff74c2f6b,733cc3b5-e508-4e47-a1f5-fd54c376405b,19bf0c9e-eb0b-43bf-bca3-a03922a490d9,,ece316ab-d105-4853-a29f-1c9b0feb4536,Janeth,true,bi_weekly,ADP,,,,,"{""pay_date"":""Fridays""}",
9cc2abfc-0b3b-4387-a493-ab12693fd41b,b18e7e14-692c-4b59-99eb-6fc081967100,19bf0c9e-eb0b-43bf-bca3-a03922a490d9,,ece316ab-d105-4853-a29f-1c9b0feb4536,Janeth,true,bi_weekly,ADP,,,,,"{""pay_date"":""Fridays""}",
1b5d0d8a-24c8-4d38-8ddf-9939e4d178bb,080909ef-4519-4896-8c38-d232c29a4b95,19bf0c9e-eb0b-43bf-bca3-a03922a490d9,,ece316ab-d105-4853-a29f-1c9b0feb4536,Janeth,true,bi_weekly,ADP,,,,,"{""pay_date"":""Fridays""}",
3df9083c-c572-4bb1-a00c-77cf45fc14f3,93cc4d7b-e236-4375-a8ac-6d41ae7aaf88,19bf0c9e-eb0b-43bf-bca3-a03922a490d9,,ece316ab-d105-4853-a29f-1c9b0feb4536,Janeth,true,bi_weekly,ADP,,,,,"{""pay_date"":""Fridays""}",
a830f530-a56a-4e6d-a778-c4ac072a7552,b06ca262-11ec-44e5-8c0e-1eb947639634,19bf0c9e-eb0b-43bf-bca3-a03922a490d9,,ece316ab-d105-4853-a29f-1c9b0feb4536,Janeth,true,bi_weekly,ADP,,,,,"{""pay_date"":""Fridays""}",
03c8d58f-30bf-4ee7-84e8-f16a62076da6,439d94fd-0be9-4163-a131-c1b84e32bd41,19bf0c9e-eb0b-43bf-bca3-a03922a490d9,,ece316ab-d105-4853-a29f-1c9b0feb4536,Janeth,true,bi_weekly,ADP,,,,,"{""pay_date"":""Fridays""}",
c5b70d14-d2be-441e-aab9-cd6cbc27d404,6af1556e-328a-4ece-b8ab-c655f77be212,19bf0c9e-eb0b-43bf-bca3-a03922a490d9,,ece316ab-d105-4853-a29f-1c9b0feb4536,Janeth,true,bi_weekly,ADP,,,,,"{""pay_date"":""Fridays""}",
24ea2698-ce7d-4aba-b52a-d714a6b215a1,2d0c72b0-5726-4815-965c-337d2eeae8d3,19bf0c9e-eb0b-43bf-bca3-a03922a490d9,,ece316ab-d105-4853-a29f-1c9b0feb4536,Janeth,true,bi_weekly,ADP,,,,,"{""pay_date"":""Fridays""}",
faed43c6-20e9-4b16-9eab-f491e9a95a76,3451022a-d38f-404c-86e7-d92f8a74a8a7,19bf0c9e-eb0b-43bf-bca3-a03922a490d9,,ece316ab-d105-4853-a29f-1c9b0feb4536,Janeth,true,,ADP,,,,,"{""pay_date"":""""}",
f4a8f5e3-d336-49b8-9eda-144900309fb5,dbde0018-2a29-4665-a499-71cb996969d7,19bf0c9e-eb0b-43bf-bca3-a03922a490d9,,ece316ab-d105-4853-a29f-1c9b0feb4536,Janeth,true,,ADP,,,,,"{""pay_date"":""""}",
7b3b628d-8446-4ca2-b7aa-135b509d595c,714ce431-9222-42e6-a023-be78989e8ead,19bf0c9e-eb0b-43bf-bca3-a03922a490d9,,ece316ab-d105-4853-a29f-1c9b0feb4536,Janeth,true,bi_weekly,ADP,,,,,"{""pay_date"":""Thursdays""}",
6b480ddd-d567-4b76-b568-914697f3f603,3776d9f6-6db7-4d73-916e-39a735a6933b,19bf0c9e-eb0b-43bf-bca3-a03922a490d9,,ece316ab-d105-4853-a29f-1c9b0feb4536,Janeth,true,bi_weekly,ADP,,,,,"{""pay_date"":""Fridays""}",
93a7dc81-c31b-43c1-b058-8ee39d1bfbb3,894738dc-b771-4284-a59a-c09b3ed21c2e,19bf0c9e-eb0b-43bf-bca3-a03922a490d9,,ece316ab-d105-4853-a29f-1c9b0feb4536,Janeth,true,bi_weekly,ADP,,,,,"{""pay_date"":""Fridays""}",
f0e7d9ff-6329-49f3-b015-f60e1c93410a,00028e64-19b9-412e-a761-5f94109d8fda,19bf0c9e-eb0b-43bf-bca3-a03922a490d9,,ece316ab-d105-4853-a29f-1c9b0feb4536,Janeth,true,bi_weekly,ADP,,,,,"{""pay_date"":""Fridays""}",
c83f8e00-0675-4a1d-aea8-f1f8d5e300d6,9e3be72b-9415-4787-bcf5-19b5c5bc42c8,19bf0c9e-eb0b-43bf-bca3-a03922a490d9,,ece316ab-d105-4853-a29f-1c9b0feb4536,Janeth,true,bi_weekly,ADP,,,,,"{""pay_date"":""Fridays""}",
106638ad-3c9a-4c41-8789-c85bc3c5d7e4,a01bc00a-c33e-4c79-bfe3-7f0ef59343e4,19bf0c9e-eb0b-43bf-bca3-a03922a490d9,,ece316ab-d105-4853-a29f-1c9b0feb4536,Janeth,true,bi_weekly,QBO,,,,,"{""pay_date"":""Fridays""}",
649e9b20-cf31-4100-b9a8-38c6ea33e78d,751b059a-a0ee-4827-b008-9c97607f63b1,19bf0c9e-eb0b-43bf-bca3-a03922a490d9,,ece316ab-d105-4853-a29f-1c9b0feb4536,Janeth,true,bi_weekly,ADP,,,,,"{""pay_date"":""Fridays""}",
0c555824-50a9-4109-ab70-efceffad79a0,32bdfdc3-bb7e-41a1-b8ce-f8785f3c863c,19bf0c9e-eb0b-43bf-bca3-a03922a490d9,,ece316ab-d105-4853-a29f-1c9b0feb4536,Janeth,true,monthly,ADP,,,,,"{""pay_date"":""Fridays""}",
a05348be-115f-43a8-b21f-1497a025b086,68fd69d7-91e8-4210-8b73-b55a8494c3d0,19bf0c9e-eb0b-43bf-bca3-a03922a490d9,,ece316ab-d105-4853-a29f-1c9b0feb4536,Janeth,true,bi_weekly,ADP,,,,,"{""pay_date"":""Fridays""}",
e82dad13-8e61-4d64-a453-8d96be38a02a,5972c328-08da-4449-b2f8-ffd1d237144a,19bf0c9e-eb0b-43bf-bca3-a03922a490d9,,ece316ab-d105-4853-a29f-1c9b0feb4536,Janeth,true,semi_monthly,ADP,,,,,"{""pay_date"":""15th & EOM""}",
4fe4a0cf-bfc9-43b2-b035-a0841021f8a5,e60fefc5-9872-4844-9ec5-57cffe1757c9,19bf0c9e-eb0b-43bf-bca3-a03922a490d9,,325dec4f-7edc-439d-a9ac-528458dadf5f,Shilpa,true,semi_monthly,ADP,,,,,"{""pay_date"":""15th & EOM""}",
a635881a-4d9a-41fe-b843-632cb78c66a1,5c550d4e-452d-429c-ac55-1a49095fc1c5,19bf0c9e-eb0b-43bf-bca3-a03922a490d9,,ece316ab-d105-4853-a29f-1c9b0feb4536,Janeth,true,semi_monthly,ADP,,,,,"{""pay_date"":""15th & EOM""}",
b58797a7-9ecc-4c6d-8e77-7794acfe1be9,f2193fa0-f4eb-4cfb-8c32-d360056c6fa7,19bf0c9e-eb0b-43bf-bca3-a03922a490d9,,ece316ab-d105-4853-a29f-1c9b0feb4536,Janeth,true,semi_monthly,ADP,,,,,"{""pay_date"":""15th & EOM""}",
1e60aee9-6a79-4d75-9dad-ed90aecc0746,fd4ffcc5-2f9e-40b0-80e9-101ad4aa63f5,19bf0c9e-eb0b-43bf-bca3-a03922a490d9,,ece316ab-d105-4853-a29f-1c9b0feb4536,Janeth,true,semi_monthly,ADP,,,,,"{""pay_date"":""15th & EOM""}",
9bce9122-b1ca-4244-b434-b9559057ab86,779d19c5-1dc7-4d89-9ad9-801a554b3b20,19bf0c9e-eb0b-43bf-bca3-a03922a490d9,,ece316ab-d105-4853-a29f-1c9b0feb4536,Janeth,true,semi_monthly,ADP,,,,,"{""pay_date"":""15th/EOM""}",
52704d9d-5a92-4140-86d8-5574015551b7,6e41346f-16ed-4dcf-99cb-5fbba3470d0f,19bf0c9e-eb0b-43bf-bca3-a03922a490d9,,ece316ab-d105-4853-a29f-1c9b0feb4536,Janeth,true,semi_monthly,ADP,,,,,"{""pay_date"":""15th/EOM""}",
6250792d-8eb6-4244-afc1-21d39a526ced,fe2a4708-fb6f-4a48-b78d-acb10b9a0cc9,19bf0c9e-eb0b-43bf-bca3-a03922a490d9,,ece316ab-d105-4853-a29f-1c9b0feb4536,Janeth,true,semi_monthly,ADP,,,,,"{""pay_date"":""15th/EOM""}",
73f5a744-14e9-4592-8f4e-01d3436900a6,8c71acef-705b-48ef-84c9-6ac647b9703e,19bf0c9e-eb0b-43bf-bca3-a03922a490d9,,ece316ab-d105-4853-a29f-1c9b0feb4536,Janeth,true,semi_monthly,ADP,,,,,"{""pay_date"":""16th/EOM""}",
8100568f-97e2-45e1-9181-0b81c7ead218,20c862ac-33b8-4860-bb54-0e7c6f89da5c,19bf0c9e-eb0b-43bf-bca3-a03922a490d9,,ece316ab-d105-4853-a29f-1c9b0feb4536,Janeth,true,semi_monthly,ADP,,,,,"{""pay_date"":""5th/20th""}",
647fd8a1-c98e-4726-b060-c503c2138630,87bf5da4-c8b8-48ea-8081-341e745ec88c,19bf0c9e-eb0b-43bf-bca3-a03922a490d9,,ece316ab-d105-4853-a29f-1c9b0feb4536,Janeth,true,monthly,ADP,,,,,"{""pay_date"":""25th""}",
2d50cc84-31c5-4bd2-aaa1-ecf4e836cded,714b650a-0409-4ae9-8e76-b25c2c951219,19bf0c9e-eb0b-43bf-bca3-a03922a490d9,,ece316ab-d105-4853-a29f-1c9b0feb4536,Janeth,true,monthly,ADP,,,,,"{""pay_date"":""EOM""}",
609ad46a-fc8e-425f-b8d8-2bc9a3b5f43f,30ac097f-fbc9-4389-9ee6-bbe920de0168,19bf0c9e-eb0b-43bf-bca3-a03922a490d9,,ece316ab-d105-4853-a29f-1c9b0feb4536,Janeth,true,monthly,ADP,,,,,"{""pay_date"":""EOM""}",
f7a944c7-1dcb-469d-b90b-15ed749ac007,aa65572b-32ca-4483-ae6e-945087f4ae91,19bf0c9e-eb0b-43bf-bca3-a03922a490d9,,ece316ab-d105-4853-a29f-1c9b0feb4536,Janeth,true,monthly,Quickbooks Desktop 24,,,,,"{""pay_date"":""EOM""}",
7002c6bc-8360-419d-8389-f8a828804995,14b64e08-dbef-45f0-80fc-7de73ee67932,19bf0c9e-eb0b-43bf-bca3-a03922a490d9,,ece316ab-d105-4853-a29f-1c9b0feb4536,Janeth,true,monthly,Quickbooks Desktop 24,,,,,"{""pay_date"":""EOM""}",
56bd5883-d7c2-445d-b80c-0d2b72d4e602,dfe1bf6e-884f-49ad-ac1b-afd356d740ef,19bf0c9e-eb0b-43bf-bca3-a03922a490d9,,ece316ab-d105-4853-a29f-1c9b0feb4536,Janeth,true,monthly,ADP,,,,,"{""pay_date"":""EOM""}",
61fa4a36-97ff-4201-bb4f-f52bf8badffc,abce7fa9-ed74-4f49-9524-d2eb59f14ab9,19bf0c9e-eb0b-43bf-bca3-a03922a490d9,,ece316ab-d105-4853-a29f-1c9b0feb4536,Janeth,true,monthly,ADP,,,,,"{""pay_date"":""EOM""}",
e923c236-5df6-4698-b107-0cdb2253bee5,9b7c0bbc-e706-410b-ab6e-b222de3fdef6,19bf0c9e-eb0b-43bf-bca3-a03922a490d9,,ece316ab-d105-4853-a29f-1c9b0feb4536,Janeth,true,bi_weekly,ADP,,,,,"{""pay_date"":""Fridays""}",
3419f962-37e2-40bc-88c8-38e318025690,22e195aa-b859-435d-abe1-8ae8fe4f00e7,19bf0c9e-eb0b-43bf-bca3-a03922a490d9,,ece316ab-d105-4853-a29f-1c9b0feb4536,Janeth,true,monthly,ADP,,,,,"{""pay_date"":""EOM""}",
49ea2efd-9edf-4777-927b-09631d975631,b18e7e14-692c-4b59-99eb-6fc081967100,19bf0c9e-eb0b-43bf-bca3-a03922a490d9,,ece316ab-d105-4853-a29f-1c9b0feb4536,Janeth,true,monthly,ADP,,,,,"{""pay_date"":""EOM""}",
a4a0feed-9bb2-40f2-98fd-780d757c6f5a,78d68a08-59b6-49b3-84b0-71b43ac94bc8,19bf0c9e-eb0b-43bf-bca3-a03922a490d9,,ece316ab-d105-4853-a29f-1c9b0feb4536,Janeth,true,monthly,ADP,,,,,"{""pay_date"":""EOM""}",
b985e1b7-fc8a-487e-902f-2c28d2c81a4c,7e83eee1-d7a4-4562-bacc-01f7e3930394,19bf0c9e-eb0b-43bf-bca3-a03922a490d9,,ece316ab-d105-4853-a29f-1c9b0feb4536,Janeth,true,monthly,ADP,,,,,"{""pay_date"":""EOM""}",
1a2e1237-232f-497f-8ed6-fa33ed31ce20,b402bdfa-f785-4cef-8b00-dbcb75de3684,19bf0c9e-eb0b-43bf-bca3-a03922a490d9,,ece316ab-d105-4853-a29f-1c9b0feb4536,Janeth,true,monthly,ADP,,,,,"{""pay_date"":""EOM""}",
4f63b0c1-08fd-4a24-8cb1-918512112f31,05d29cf8-a505-4811-af0a-5afbbe585cee,19bf0c9e-eb0b-43bf-bca3-a03922a490d9,,ece316ab-d105-4853-a29f-1c9b0feb4536,Janeth,true,monthly,ADP,,,,,"{""pay_date"":""EOM""}",
5f9b7c15-2f99-4c7e-aeb9-cf5f069c3179,5467b67e-e526-483b-87fb-56af440670a4,19bf0c9e-eb0b-43bf-bca3-a03922a490d9,,ece316ab-d105-4853-a29f-1c9b0feb4536,Janeth,true,monthly,ADP,,,,,"{""pay_date"":""EOM""}",
9ffee00c-fec3-42fc-a468-2fbd3645a4a8,44796ddf-8dc5-48d8-ab1d-c2f18712da13,19bf0c9e-eb0b-43bf-bca3-a03922a490d9,,ece316ab-d105-4853-a29f-1c9b0feb4536,Janeth,true,monthly,ADP,,,,,"{""pay_date"":""EOM""}",
0d36812b-e3f0-4390-bc6d-fae26f5bca3c,c99a23e9-e205-4633-a83e-6b498b4dc30a,19bf0c9e-eb0b-43bf-bca3-a03922a490d9,,ece316ab-d105-4853-a29f-1c9b0feb4536,Janeth,true,monthly,ADP,,,,,"{""pay_date"":""EOM""}",
e609dc85-42cf-4977-b113-17a08e0f01c6,48536b41-f64b-4b3f-8b90-e20bece883c1,19bf0c9e-eb0b-43bf-bca3-a03922a490d9,,ece316ab-d105-4853-a29f-1c9b0feb4536,Janeth,true,monthly,ADP,,,,,"{""pay_date"":""EOM""}",
3a795da3-9b10-45d7-8c01-77e0807e7e1b,a8b191f0-0f65-47c8-8402-e7987deae658,19bf0c9e-eb0b-43bf-bca3-a03922a490d9,,ece316ab-d105-4853-a29f-1c9b0feb4536,Janeth,true,monthly,ADP,,,,,"{""pay_date"":""EOM""}",
f6c12413-aca7-4003-9a55-8417b93b6932,69431a10-73d9-4478-b115-8a1682948dc2,19bf0c9e-eb0b-43bf-bca3-a03922a490d9,,ece316ab-d105-4853-a29f-1c9b0feb4536,Janeth,true,,QBO,,,,,"{""pay_date"":""""}",
9594496a-7a3e-4550-b90a-66ad4ab39e9d,c19fec46-de7d-4bba-a223-4113ef883498,19bf0c9e-eb0b-43bf-bca3-a03922a490d9,,ece316ab-d105-4853-a29f-1c9b0feb4536,Janeth,true,quarterly,Quickbooks Desktop 24,,,,,"{""pay_date"":""""}",
cde17641-4264-4795-8f17-89c22146140d,64972079-560f-4e55-87d5-02cabf8b738d,19bf0c9e-eb0b-43bf-bca3-a03922a490d9,,325dec4f-7edc-439d-a9ac-528458dadf5f,Shilpa,true,bi_weekly,ADP,,,,,"{""pay_date"":""Fridays""}",
1307f852-91d3-4d18-bc0f-ad29d7e6c063,9b4b7969-8ca8-4e73-aa0c-20c91a61b55d,19bf0c9e-eb0b-43bf-bca3-a03922a490d9,,653d18c7-ff9c-42a4-b2ab-b254294d25af,Lizette,true,,,,,,,"{""pay_date"":""""}",
3a7f3c77-e598-45c1-9af4-aa0f3ae3493d,2abb2964-bbf4-40f4-8ca1-b9ca33220c7c,19bf0c9e-eb0b-43bf-bca3-a03922a490d9,,653d18c7-ff9c-42a4-b2ab-b254294d25af,Lizette,true,,Quickbooks Desktop,,,,,"{""pay_date"":""""}",
86a4837d-68d7-434c-b548-d2c605caf240,76f2bc6c-59d1-4f75-9834-b4ccbfbbcb1d,19bf0c9e-eb0b-43bf-bca3-a03922a490d9,,,,true,,,,,,,"{""pay_date"":""""}",
b30f7535-ef5f-4d3e-b981-ca15da88d3f6,b1635971-7c5e-4ea6-bac9-26e2e68f8f91,19bf0c9e-eb0b-43bf-bca3-a03922a490d9,,,,true,,,,,,,"{""pay_date"":""""}",
1ad06d1a-4b4b-4261-821a-0e5c31dc6f6c,0f43de7c-9ba2-48bf-9f3b-3f4a238aa577,19bf0c9e-eb0b-43bf-bca3-a03922a490d9,,,,true,,,,,,,"{""pay_date"":""""}",
9f99d5d6-2cbf-49ef-b7e8-9a4b6cb89140,9c2133ec-e531-4002-8ac6-c2aa7e399f0e,19bf0c9e-eb0b-43bf-bca3-a03922a490d9,,,,true,,,,,,,"{""pay_date"":""""}",
a675af98-a968-4574-98f9-be9ec21b6765,b96f96a7-b083-4571-85f5-903737760e69,19bf0c9e-eb0b-43bf-bca3-a03922a490d9,,,,true,,,,,,,"{""pay_date"":""""}",
ffdb60f7-65d6-4aff-9455-5e8cbe9e5ba0,605b76d7-5d68-4f5d-ab4e-d09e92e4feaf,19bf0c9e-eb0b-43bf-bca3-a03922a490d9,,,,true,,,,,,,"{""pay_date"":""""}",
24450527-81b7-4828-8fbb-c46bbb21c958,2abb2964-bbf4-40f4-8ca1-b9ca33220c7c,848f9a5d-68e2-4293-8ae0-d0008f6d591b,,,,true,monthly,,,,,,,
73b3a255-b822-4b77-91d2-a83d65ca5ae1,5556e7c0-5fe9-43f2-aa5b-072936b4b77f,848f9a5d-68e2-4293-8ae0-d0008f6d591b,,,,true,monthly,,,,,,,
0a4526d2-eae7-4825-a466-347068e7c586,5991c261-8a42-4d84-ab20-972f6a5d9cac,848f9a5d-68e2-4293-8ae0-d0008f6d591b,,,,true,monthly,,,,,,,
32cfa13f-2733-479e-a300-bb302b34f88d,9b4b7969-8ca8-4e73-aa0c-20c91a61b55d,848f9a5d-68e2-4293-8ae0-d0008f6d591b,,,,true,monthly,,,,,,,
9a8e1aa3-c590-4cbe-a40e-bbfed691bcf1,894738dc-b771-4284-a59a-c09b3ed21c2e,848f9a5d-68e2-4293-8ae0-d0008f6d591b,,,,true,monthly,,,,,,,
cc3d636a-9170-4125-be17-fc06efe3e395,21fbcac8-bb3c-4c3c-8853-54e0446f040d,848f9a5d-68e2-4293-8ae0-d0008f6d591b,,,,true,monthly,,,,,,,
55418a35-632e-4600-96dc-8039c7e43687,de7c3184-2ba2-453c-8fb4-bbb9943dac5c,848f9a5d-68e2-4293-8ae0-d0008f6d591b,,,,true,monthly,,,,,,,
f0eeae13-b321-42a1-b01f-211a600e9e92,712c8b18-fda3-44d4-ab05-105e37d91d52,848f9a5d-68e2-4293-8ae0-d0008f6d591b,,,,true,monthly,,,,,,,
79c998c6-4533-4381-9624-640c47b0c884,8c71acef-705b-48ef-84c9-6ac647b9703e,848f9a5d-68e2-4293-8ae0-d0008f6d591b,,,,true,monthly,,,,,,,
015f1388-7547-4ad4-b1c1-18fef8c9e260,64a4702e-eb5e-4a61-a3fd-334225db9023,848f9a5d-68e2-4293-8ae0-d0008f6d591b,,,,true,monthly,,,,,,,
5934dc05-4348-4bf5-a77c-6363e734a11e,6485de74-3106-4dfa-a977-f4e4a54270aa,848f9a5d-68e2-4293-8ae0-d0008f6d591b,,,,true,monthly,,,,,,,
71355428-5828-4368-8b39-75c99bf0a09e,b06ca262-11ec-44e5-8c0e-1eb947639634,848f9a5d-68e2-4293-8ae0-d0008f6d591b,,,,true,monthly,,,,,,,
961ee5ea-a96a-40c7-b21e-c74f7127c01a,1096b3dd-d284-4cf2-acad-e65077d5a436,848f9a5d-68e2-4293-8ae0-d0008f6d591b,,,,true,monthly,,,,,,,
220236bd-6ff3-4d46-9068-b175a608dbe4,61fb9e58-960d-4c74-a9ba-ed6b59a47429,848f9a5d-68e2-4293-8ae0-d0008f6d591b,,,,true,monthly,,,,,,,
b2efa544-c099-40e5-9bdc-ca4eb7a358ad,dfe1bf6e-884f-49ad-ac1b-afd356d740ef,848f9a5d-68e2-4293-8ae0-d0008f6d591b,,,,true,monthly,,,,,,,
666a8b27-b55c-4f32-b7bc-78f94f88f22c,8332622f-7f1f-4ad0-b644-549ee3e7961d,848f9a5d-68e2-4293-8ae0-d0008f6d591b,,,,true,monthly,,,,,,,
e4ffdfa7-a84b-4fa4-bfdc-6f2873322435,751b059a-a0ee-4827-b008-9c97607f63b1,848f9a5d-68e2-4293-8ae0-d0008f6d591b,,,,true,monthly,,,,,,,
ed8cd899-a3c3-4e0c-8888-c0b87af783f3,37db1261-c10a-4d98-8cb7-f13bf81f0954,848f9a5d-68e2-4293-8ae0-d0008f6d591b,,,,true,monthly,,,,,,,
692d60d9-ed43-41c0-9c8b-0583ed631100,11204297-638b-456a-a1ef-dd322dae9b07,848f9a5d-68e2-4293-8ae0-d0008f6d591b,,,,true,monthly,,,,,,,
baf13cc5-c4db-45a4-a0b9-02e5bbc99613,248d0871-40e6-4808-a00f-d488b54fec4b,848f9a5d-68e2-4293-8ae0-d0008f6d591b,,,,true,monthly,,,,,,,
673ca875-e28b-44f6-8caf-be5829f20926,ada917cc-f761-47b9-9313-2fb3273de6ae,848f9a5d-68e2-4293-8ae0-d0008f6d591b,,,,true,monthly,,,,,,,
7988c992-ddb2-4bce-bde9-bace011e4d4e,1913175e-e5f7-4785-84f8-a51bf423df4f,848f9a5d-68e2-4293-8ae0-d0008f6d591b,,,,true,,,,,,,,
134f9428-5da9-45e3-8b3b-ba3ec2014efc,105a0a49-3dd8-4983-b391-fa6fffc7fa75,848f9a5d-68e2-4293-8ae0-d0008f6d591b,,,,true,,,,,,,,
b4109195-e7ba-4a22-b6e9-77c62901fc86,b1635971-7c5e-4ea6-bac9-26e2e68f8f91,848f9a5d-68e2-4293-8ae0-d0008f6d591b,,,,true,monthly,,,,,,,
b8960d2a-b058-4d9f-b2b5-e5dd75736f87,0f43de7c-9ba2-48bf-9f3b-3f4a238aa577,848f9a5d-68e2-4293-8ae0-d0008f6d591b,,,,true,monthly,,,,,,,
4f09a380-5941-43f5-bc7d-3ad6d30557ba,9c2133ec-e531-4002-8ac6-c2aa7e399f0e,848f9a5d-68e2-4293-8ae0-d0008f6d591b,,,,true,monthly,,,,,,,
73f6f81b-2248-4dcb-872e-a01e3871ae51,605b76d7-5d68-4f5d-ab4e-d09e92e4feaf,848f9a5d-68e2-4293-8ae0-d0008f6d591b,,,,true,monthly,,,,,,,
768d6966-876c-48c0-a462-c062e6da0e28,b96f96a7-b083-4571-85f5-903737760e69,848f9a5d-68e2-4293-8ae0-d0008f6d591b,,,,true,quarterly,,,,,,,
3ea4167c-4797-4880-b702-6b054bd7c4f0,83edc021-4971-4c7c-8fbd-52b07784d3a1,848f9a5d-68e2-4293-8ae0-d0008f6d591b,,,,true,quarterly,,,,,,,
0259942e-0ffe-44fe-b47c-b45b5d07e4b6,f541cb9e-7f2a-4209-9830-ebea6a7c5c4b,848f9a5d-68e2-4293-8ae0-d0008f6d591b,,,,true,monthly,,,,,,,
7878ae2e-3471-4e4d-b504-06637893a578,558d0c02-99fb-428d-935a-42e831483ef8,848f9a5d-68e2-4293-8ae0-d0008f6d591b,,,,true,quarterly,,,,,,,
7171501a-23f2-411c-b292-544405878eac,73286a94-3e03-4aa7-9a6f-fba96ca03160,848f9a5d-68e2-4293-8ae0-d0008f6d591b,,,,true,quarterly,,,,,,,
c325ea7c-4f72-41f3-b3f6-f4763d7c0130,e2cec0da-cc2b-46a4-a603-4f49b36bdb00,848f9a5d-68e2-4293-8ae0-d0008f6d591b,,,,true,,,,,,,,
57c9742c-ec93-436c-bdca-09e57d48712a,8afdb92b-0904-4d1e-b611-0534dbd9e0d5,848f9a5d-68e2-4293-8ae0-d0008f6d591b,,,,true,quarterly,,,,,,,
9f87aae5-1087-4fbc-af4b-d70a119c932d,22e195aa-b859-435d-abe1-8ae8fe4f00e7,848f9a5d-68e2-4293-8ae0-d0008f6d591b,,,,true,quarterly,,,,,,,
3fb4d7fd-a914-48db-8959-4c6caa4c5645,5e77580c-0fad-4cfd-bb51-f2e2c1567786,848f9a5d-68e2-4293-8ae0-d0008f6d591b,,,,true,quarterly,,,,,,,
fe3a176b-f4aa-47c3-a260-c3824aaf32cf,080909ef-4519-4896-8c38-d232c29a4b95,848f9a5d-68e2-4293-8ae0-d0008f6d591b,,,,true,quarterly,,,,,,,
b44d8f75-25dc-4095-86ee-390ce955a590,76f2bc6c-59d1-4f75-9834-b4ccbfbbcb1d,848f9a5d-68e2-4293-8ae0-d0008f6d591b,,,,true,quarterly,,,,,,,
01ad3549-a1b1-484e-9233-74bd6b741d24,59da32a7-7760-4dac-a03a-940f74fc07d6,848f9a5d-68e2-4293-8ae0-d0008f6d591b,,,,true,quarterly,,,,,,,
8dd23897-ca40-4318-a9e5-9339a41f6480,bc8db357-04ed-4426-a0b1-879881b22c2f,848f9a5d-68e2-4293-8ae0-d0008f6d591b,,,,true,quarterly,,,,,,,
0b8cde38-b2d3-4528-9d50-ca770ff46cba,70a18f7a-7d85-4162-8a44-5e7c8a7b7d98,848f9a5d-68e2-4293-8ae0-d0008f6d591b,,,,true,quarterly,,,,,,,
a009e694-9b1a-4b6d-a40b-8c381db99aeb,0e731662-b2fc-4ca2-a0f8-82272350ec75,848f9a5d-68e2-4293-8ae0-d0008f6d591b,,,,true,quarterly,,,,,,,
d9ca8f59-455c-4c5d-a399-9b43ae016310,00028e64-19b9-412e-a761-5f94109d8fda,848f9a5d-68e2-4293-8ae0-d0008f6d591b,,,,true,quarterly,,,,,,,
9e52061f-4359-4013-b41b-55a9901853d6,37cb6476-8d5b-46fe-8388-d613d5433de0,848f9a5d-68e2-4293-8ae0-d0008f6d591b,,,,true,quarterly,,,,,,,
e41e45d3-ecb8-4b15-9331-bd7feb6a8dc7,093cf343-5c60-47c9-9d24-f37b7d0708bc,848f9a5d-68e2-4293-8ae0-d0008f6d591b,,,,true,quarterly,,,,,,,
cb2c2245-9ce7-4752-9338-a7d6ffb2c95c,a01bc00a-c33e-4c79-bfe3-7f0ef59343e4,848f9a5d-68e2-4293-8ae0-d0008f6d591b,,,,true,quarterly,,,,,,,
96a3d4b1-ad7a-4283-b970-7f65e43c2db3,30f8f694-3d52-4179-a3d1-64199878453d,848f9a5d-68e2-4293-8ae0-d0008f6d591b,,,,true,quarterly,,,,,,,
8d1dd4f9-c3a0-4999-bd9f-8f00ae37632e,20c862ac-33b8-4860-bb54-0e7c6f89da5c,848f9a5d-68e2-4293-8ae0-d0008f6d591b,,,,true,quarterly,,,,,,,
a09ce0de-2ac9-4db6-8db9-acce923ef641,25a4cdbc-252a-4efa-b712-2d52516fe7e1,848f9a5d-68e2-4293-8ae0-d0008f6d591b,,,,true,quarterly,,,,,,,
ce0abed9-2f98-46b5-8499-63d038341373,259ac91d-68d7-4db8-bd47-bdfbc50340d9,848f9a5d-68e2-4293-8ae0-d0008f6d591b,,,,true,quarterly,,,,,,,
920a5d1b-91f2-435c-bb0f-7c807a71812d,3451022a-d38f-404c-86e7-d92f8a74a8a7,848f9a5d-68e2-4293-8ae0-d0008f6d591b,,,,true,quarterly,,,,,,,
6ba82ffc-3c55-4e1b-bb0c-7c13e2915615,e975b8d6-0319-4400-88f5-04108ca72cd5,848f9a5d-68e2-4293-8ae0-d0008f6d591b,,,,true,quarterly,,,,,,,
6c19c62c-b394-4b3c-b087-8d6ea73954c2,61fb4b6a-e84c-458d-8f91-59955a44117f,848f9a5d-68e2-4293-8ae0-d0008f6d591b,,,,true,quarterly,,,,,,,
43e655e3-9335-4a56-99b5-f42dff2b73f3,5972c328-08da-4449-b2f8-ffd1d237144a,848f9a5d-68e2-4293-8ae0-d0008f6d591b,,,,true,quarterly,,,,,,,
a57d898c-4c1e-4f00-aa56-dee018726515,f23ccf2d-febf-4ad2-b612-1a56b5daec09,848f9a5d-68e2-4293-8ae0-d0008f6d591b,,,,true,quarterly,,,,,,,
e96b791a-1d90-4194-b7b9-0abb49050daf,9e3be72b-9415-4787-bcf5-19b5c5bc42c8,848f9a5d-68e2-4293-8ae0-d0008f6d591b,,,,true,yearly,,,,,,,
0c331c20-7998-4935-964f-5959313cdd36,0af37959-7152-4df4-b28f-33e91c030411,848f9a5d-68e2-4293-8ae0-d0008f6d591b,,,,true,yearly,,,,,,,
e3ac10bc-4b14-4a07-aea4-cf419385c0da,0b2f8aa2-9dd2-41b1-b066-2488b8b49b2c,848f9a5d-68e2-4293-8ae0-d0008f6d591b,,,,true,yearly,,,,,,,
